ISO-10303-21;
HEADER;
/* Generated by software containing ST-Developer
 * from STEP Tools, Inc. (www.steptools.com) 
 */

FILE_DESCRIPTION(
/* description */ (''),
/* implementation_level */ '2;1');

FILE_NAME(
/* name */ 
'\\\\beckhoff.com\\fertig\\Konstruktion\\120-NeutraleDatenformate\\BM0
40\\_Gesamtbaugruppen\\Step\\AM81xx_Servoklemme\\AM8111-xx00-xxxx_14.0
9.2018.stp',
/* time_stamp */ '2018-09-14T14:40:59+02:00',
/* author */ ('SandraK'),
/* organization */ ('FERTIG Motors'),
/* preprocessor_version */ 'ST-DEVELOPER v17',
/* originating_system */ 'Autodesk Inventor 2018',
/* authorisation */ '');

FILE_SCHEMA (('AUTOMOTIVE_DESIGN { 1 0 10303 214 3 1 1 }','FEATURE_BASED_PROCESS_PLANNING',
'INTEGRATED_CNC_SCHEMA','PROCESS_PLANNING_SCHEMA'));
ENDSEC;

DATA;
#10=MECHANICAL_DESIGN_GEOMETRIC_PRESENTATION_REPRESENTATION('',(#5107,#5108,
#5109,#5110,#5111,#5112,#5113,#5114,#5115,#5116,#5117,#5118,#5119,#5120,
#5121,#5122,#5123,#5124,#5125,#5126,#5127,#5128,#5129,#5130,#5131,#5132,
#5133,#5134,#5135,#5136,#5137,#5138,#5139,#5140,#5141,#5142,#5143,#5144,
#5145,#5146,#5147,#5148,#5149,#5150,#5151,#5152,#5153,#5154,#5155,#5156,
#5157,#5158,#5159,#5160,#5161,#5162,#5163,#5164,#5165,#5166,#5167,#5168,
#5169,#5170,#5171,#5172,#5173,#5174,#5175,#5176,#5177,#5178,#5179,#5180,
#5181,#5182,#5183,#5184,#5185,#5186,#5187,#5188,#5189,#5190,#5191,#5192,
#5193,#5194,#5195,#5196,#5197,#5198,#5199,#5200,#5201,#5202,#5203,#5204,
#5205,#5206,#5207,#5208,#5209,#5210,#5211,#5212,#5213,#5214,#5215,#5216,
#5217,#5218,#5219,#5220,#5221,#5222,#5223,#5224,#5225,#5226,#5227,#5228,
#5229,#5230,#5231,#5232,#5233,#5234,#5235,#5236,#5237,#5238,#5239,#5240,
#5241,#5242,#5243,#5244,#5245,#5246,#5247,#5248,#5249,#5250,#5251,#5252,
#5253,#5254,#5255,#5256,#5257,#5258,#5259,#5260,#5261,#5262,#5263,#5264,
#5265,#5266,#5267,#5268,#5269,#5270,#5271,#5272,#5273,#5274,#5275,#5276,
#5277,#5278,#5279,#5280,#5281,#5282,#5283,#5284,#5285,#5286,#5287,#5288,
#5289,#5290,#5291,#5292,#5293,#5294,#5295,#5296,#5297,#5298,#5299,#5300,
#5301,#5302,#5303,#5304,#5305,#5306,#5307,#5308,#5309,#5310,#5311,#5312,
#5313,#5314,#5315,#5316,#5317,#5318,#5319,#5320,#5321,#5322,#5323,#5324,
#5325,#5326,#5327,#5328,#5329,#5330,#5331,#5332,#5333,#5334,#5335,#5336,
#5337,#5338,#5339,#5340,#5341,#5342,#5343,#5344,#5345,#5346,#5347,#5348,
#5349,#5350,#5351,#5352,#5353,#5354,#5355,#5356,#5357,#5358,#5359,#5360,
#5361,#5362,#5363,#5364,#5365,#5366,#5367,#5368),#10448);
#11=ITEM_DEFINED_TRANSFORMATION($,$,#5744,#6218);
#12=ITEM_DEFINED_TRANSFORMATION($,$,#5755,#6219);
#13=ITEM_DEFINED_TRANSFORMATION($,$,#6102,#6220);
#14=(
REPRESENTATION_RELATIONSHIP($,$,#10465,#10464)
REPRESENTATION_RELATIONSHIP_WITH_TRANSFORMATION(#11)
SHAPE_REPRESENTATION_RELATIONSHIP()
);
#15=(
REPRESENTATION_RELATIONSHIP($,$,#10466,#10464)
REPRESENTATION_RELATIONSHIP_WITH_TRANSFORMATION(#12)
SHAPE_REPRESENTATION_RELATIONSHIP()
);
#16=(
REPRESENTATION_RELATIONSHIP($,$,#10467,#10464)
REPRESENTATION_RELATIONSHIP_WITH_TRANSFORMATION(#13)
SHAPE_REPRESENTATION_RELATIONSHIP()
);
#17=CONTEXT_DEPENDENT_SHAPE_REPRESENTATION(#14,#10461);
#18=CONTEXT_DEPENDENT_SHAPE_REPRESENTATION(#15,#10462);
#19=CONTEXT_DEPENDENT_SHAPE_REPRESENTATION(#16,#10463);
#20=NEXT_ASSEMBLY_USAGE_OCCURRENCE('DIN 6885-A3x3x12:1',
'DIN 6885-A3x3x12:1','DIN 6885-A3x3x12:1',#10469,#10470,
'DIN 6885-A3x3x12:1');
#21=NEXT_ASSEMBLY_USAGE_OCCURRENCE('BM040-VM_00:1','BM040-VM_00:1',
'BM040-VM_00:1',#10469,#10471,'BM040-VM_00:1');
#22=NEXT_ASSEMBLY_USAGE_OCCURRENCE(
'Intercontec-EEDC101NN00000006000_VM:1',
'Intercontec-EEDC101NN00000006000_VM:1',
'Intercontec-EEDC101NN00000006000_VM:1',#10469,#10472,
'Intercontec-EEDC101NN00000006000_VM:1');
#23=(
BOUNDED_SURFACE()
B_SPLINE_SURFACE(1,2,((#9696,#9697,#9698,#9699,#9700),(#9701,#9702,#9703,
#9704,#9705)),.UNSPECIFIED.,.F.,.F.,.F.)
B_SPLINE_SURFACE_WITH_KNOTS((2,2),(3,2,3),(0.146197796019624,3.67759538496823),
(-1.91465384817618,-1.08576905644542,-0.256884264714668),.UNSPECIFIED.)
GEOMETRIC_REPRESENTATION_ITEM()
RATIONAL_B_SPLINE_SURFACE(((1.,0.915340998590138,1.,0.915340998590138,1.),
(1.,0.915340998590138,1.,0.915340998590138,1.)))
REPRESENTATION_ITEM('')
SURFACE()
);
#24=(
BOUNDED_SURFACE()
B_SPLINE_SURFACE(1,2,((#9710,#9711,#9712),(#9713,#9714,#9715)),
 .UNSPECIFIED.,.F.,.F.,.F.)
B_SPLINE_SURFACE_WITH_KNOTS((2,2),(3,3),(-0.433468124288332,3.26375484467541),
(-2.71671145025146,-1.22543549460473),.UNSPECIFIED.)
GEOMETRIC_REPRESENTATION_ITEM()
RATIONAL_B_SPLINE_SURFACE(((1.,0.734655221834589,1.),(1.,0.734655221834589,
1.)))
REPRESENTATION_ITEM('')
SURFACE()
);
#25=(
BOUNDED_SURFACE()
B_SPLINE_SURFACE(1,2,((#9719,#9720,#9721),(#9722,#9723,#9724)),
 .UNSPECIFIED.,.F.,.F.,.F.)
B_SPLINE_SURFACE_WITH_KNOTS((2,2),(3,3),(-0.454228728291524,3.26375484467535),
(1.22543549460474,2.71671145025146),.UNSPECIFIED.)
GEOMETRIC_REPRESENTATION_ITEM()
RATIONAL_B_SPLINE_SURFACE(((1.,0.734655221834593,1.),(1.,0.734655221834593,
1.)))
REPRESENTATION_ITEM('')
SURFACE()
);
#26=(
BOUNDED_SURFACE()
B_SPLINE_SURFACE(1,2,((#9730,#9731,#9732),(#9733,#9734,#9735)),
 .UNSPECIFIED.,.F.,.F.,.F.)
B_SPLINE_SURFACE_WITH_KNOTS((2,2),(3,3),(-1.1239592998772E-14,3.47850542618522),
(-1.86424363596843E-14,1.5707963267949),.UNSPECIFIED.)
GEOMETRIC_REPRESENTATION_ITEM()
RATIONAL_B_SPLINE_SURFACE(((1.,0.707106781186539,1.),(1.,0.707106781186539,
1.)))
REPRESENTATION_ITEM('')
SURFACE()
);
#27=(
BOUNDED_SURFACE()
B_SPLINE_SURFACE(1,2,((#9745,#9746,#9747),(#9748,#9749,#9750)),
 .UNSPECIFIED.,.F.,.F.,.F.)
B_SPLINE_SURFACE_WITH_KNOTS((2,2),(3,3),(-0.0608542614067541,1.64782113376731),
(0.796503791282441,2.34508886230413),.UNSPECIFIED.)
GEOMETRIC_REPRESENTATION_ITEM()
RATIONAL_B_SPLINE_SURFACE(((1.,0.714915879504437,1.),(1.,0.714915879504437,
1.)))
REPRESENTATION_ITEM('')
SURFACE()
);
#28=(
BOUNDED_SURFACE()
B_SPLINE_SURFACE(1,2,((#9758,#9759,#9760),(#9761,#9762,#9763)),
 .UNSPECIFIED.,.F.,.F.,.F.)
B_SPLINE_SURFACE_WITH_KNOTS((2,2),(3,3),(-3.7092611495484E-15,3.47850542618522),
(-1.57079632679491,6.38137089186337E-15),.UNSPECIFIED.)
GEOMETRIC_REPRESENTATION_ITEM()
RATIONAL_B_SPLINE_SURFACE(((1.,0.707106781186539,1.),(1.,0.707106781186539,
1.)))
REPRESENTATION_ITEM('')
SURFACE()
);
#29=(
BOUNDED_SURFACE()
B_SPLINE_SURFACE(1,2,((#9771,#9772,#9773),(#9774,#9775,#9776)),
 .UNSPECIFIED.,.F.,.F.,.F.)
B_SPLINE_SURFACE_WITH_KNOTS((2,2),(3,3),(1.57410576534027E-15,3.47850542618522),
(-3.41304434560276E-15,1.5707963267949),.UNSPECIFIED.)
GEOMETRIC_REPRESENTATION_ITEM()
RATIONAL_B_SPLINE_SURFACE(((1.,0.707106781186544,1.),(1.,0.707106781186544,
1.)))
REPRESENTATION_ITEM('')
SURFACE()
);
#30=(
BOUNDED_SURFACE()
B_SPLINE_SURFACE(1,2,((#9786,#9787,#9788),(#9789,#9790,#9791)),
 .UNSPECIFIED.,.F.,.F.,.F.)
B_SPLINE_SURFACE_WITH_KNOTS((2,2),(3,3),(-0.060854261406772,1.64782113376724),
(0.796503791316244,2.34508886233783),.UNSPECIFIED.)
GEOMETRIC_REPRESENTATION_ITEM()
RATIONAL_B_SPLINE_SURFACE(((1.,0.714915879504471,1.),(1.,0.714915879504471,
1.)))
REPRESENTATION_ITEM('')
SURFACE()
);
#31=(
BOUNDED_SURFACE()
B_SPLINE_SURFACE(2,2,((#10275,#10276,#10277,#10278,#10279),(#10280,#10281,
#10282,#10283,#10284),(#10285,#10286,#10287,#10288,#10289)),
 .UNSPECIFIED.,.F.,.F.,.F.)
B_SPLINE_SURFACE_WITH_KNOTS((3,3),(3,2,3),(-1.5707963267949,6.3048011520984E-31),
(-1.56039674015277,2.22044604925031E-16,1.56039674015277),.UNSPECIFIED.)
GEOMETRIC_REPRESENTATION_ITEM()
RATIONAL_B_SPLINE_SURFACE(((1.,0.710774014433618,1.,0.710774014433618,1.),
(0.707106781186547,0.502593125497196,0.707106781186547,0.502593125497196,
0.707106781186547),(1.,0.710774014433618,1.,0.710774014433618,1.)))
REPRESENTATION_ITEM('')
SURFACE()
);
#32=(
BOUNDED_SURFACE()
B_SPLINE_SURFACE(2,2,((#10319,#10320,#10321,#10322,#10323,#10324,#10325,
#10326,#10327),(#10328,#10329,#10330,#10331,#10332,#10333,#10334,#10335,
#10336),(#10337,#10338,#10339,#10340,#10341,#10342,#10343,#10344,#10345)),
 .UNSPECIFIED.,.F.,.T.,.F.)
B_SPLINE_SURFACE_WITH_KNOTS((3,3),(3,2,2,2,3),(-1.5707963267949,9.25185853854297E-16),
(-3.14159265358979,-1.5707963267949,0.,1.5707963267949,3.14159265358979),
 .UNSPECIFIED.)
GEOMETRIC_REPRESENTATION_ITEM()
RATIONAL_B_SPLINE_SURFACE(((1.,0.707106781186548,1.,0.707106781186548,1.,
0.707106781186548,1.,0.707106781186548,1.),(0.707106781186543,0.499999999999997,
0.707106781186543,0.499999999999997,0.707106781186543,0.499999999999997,
0.707106781186543,0.499999999999997,0.707106781186543),(1.,0.707106781186548,
1.,0.707106781186548,1.,0.707106781186548,1.,0.707106781186548,1.)))
REPRESENTATION_ITEM('')
SURFACE()
);
#33=(
BOUNDED_SURFACE()
B_SPLINE_SURFACE(2,2,((#10368,#10369,#10370,#10371,#10372,#10373,#10374,
#10375,#10376),(#10377,#10378,#10379,#10380,#10381,#10382,#10383,#10384,
#10385),(#10386,#10387,#10388,#10389,#10390,#10391,#10392,#10393,#10394)),
 .UNSPECIFIED.,.F.,.T.,.F.)
B_SPLINE_SURFACE_WITH_KNOTS((3,3),(3,2,2,2,3),(-1.5707963267949,0.),(-3.14159265358979,
-1.5707963267949,0.,1.5707963267949,3.14159265358979),.UNSPECIFIED.)
GEOMETRIC_REPRESENTATION_ITEM()
RATIONAL_B_SPLINE_SURFACE(((1.,0.707106781186548,1.,0.707106781186548,1.,
0.707106781186548,1.,0.707106781186548,1.),(0.707106781186545,0.499999999999998,
0.707106781186545,0.499999999999998,0.707106781186545,0.499999999999998,
0.707106781186545,0.499999999999998,0.707106781186545),(1.,0.707106781186548,
1.,0.707106781186548,1.,0.707106781186548,1.,0.707106781186548,1.)))
REPRESENTATION_ITEM('')
SURFACE()
);
#34=SPHERICAL_SURFACE('',#5901,0.5);
#35=SPHERICAL_SURFACE('',#6103,4.99999999999999);
#36=SPHERICAL_SURFACE('',#6139,5.);
#37=ELLIPSE('',#5900,1.00003807838574,1.);
#38=ELLIPSE('',#5907,0.500076152422246,0.5);
#39=ELLIPSE('',#5914,0.500076152422246,0.5);
#40=ELLIPSE('',#6110,9.53939201416946,8.);
#41=ELLIPSE('',#6111,6.,3.);
#42=ELLIPSE('',#6119,10.,5.);
#43=ELLIPSE('',#6146,6.,3.);
#44=ELLIPSE('',#6147,9.53939201416946,8.);
#45=ELLIPSE('',#6156,9.99999999999998,5.);
#46=B_SPLINE_CURVE_WITH_KNOTS('',2,(#7820,#7821,#7822,#7823),
 .UNSPECIFIED.,.F.,.F.,(3,1,3),(0.,1.,2.),.UNSPECIFIED.);
#47=B_SPLINE_CURVE_WITH_KNOTS('',2,(#7827,#7828,#7829,#7830),
 .UNSPECIFIED.,.F.,.F.,(3,1,3),(0.,1.,2.),.UNSPECIFIED.);
#48=B_SPLINE_CURVE_WITH_KNOTS('',2,(#7841,#7842,#7843,#7844),
 .UNSPECIFIED.,.F.,.F.,(3,1,3),(0.,1.,2.),.UNSPECIFIED.);
#49=B_SPLINE_CURVE_WITH_KNOTS('',2,(#7846,#7847,#7848,#7849),
 .UNSPECIFIED.,.F.,.F.,(3,1,3),(0.,1.,2.),.UNSPECIFIED.);
#50=B_SPLINE_CURVE_WITH_KNOTS('',2,(#7860,#7861,#7862,#7863),
 .UNSPECIFIED.,.F.,.F.,(3,1,3),(0.,1.,2.),.UNSPECIFIED.);
#51=B_SPLINE_CURVE_WITH_KNOTS('',2,(#7865,#7866,#7867,#7868),
 .UNSPECIFIED.,.F.,.F.,(3,1,3),(0.,1.,2.),.UNSPECIFIED.);
#52=B_SPLINE_CURVE_WITH_KNOTS('',2,(#7878,#7879,#7880,#7881),
 .UNSPECIFIED.,.F.,.F.,(3,1,3),(0.,1.,2.),.UNSPECIFIED.);
#53=B_SPLINE_CURVE_WITH_KNOTS('',2,(#7882,#7883,#7884,#7885),
 .UNSPECIFIED.,.F.,.F.,(3,1,3),(0.,1.,2.),.UNSPECIFIED.);
#54=B_SPLINE_CURVE_WITH_KNOTS('',2,(#7896,#7897,#7898,#7899),
 .UNSPECIFIED.,.F.,.F.,(3,1,3),(0.,1.,2.),.UNSPECIFIED.);
#55=B_SPLINE_CURVE_WITH_KNOTS('',2,(#7903,#7904,#7905,#7906),
 .UNSPECIFIED.,.F.,.F.,(3,1,3),(0.,1.,2.),.UNSPECIFIED.);
#56=B_SPLINE_CURVE_WITH_KNOTS('',2,(#7917,#7918,#7919,#7920),
 .UNSPECIFIED.,.F.,.F.,(3,1,3),(0.,1.,2.),.UNSPECIFIED.);
#57=B_SPLINE_CURVE_WITH_KNOTS('',2,(#7923,#7924,#7925,#7926),
 .UNSPECIFIED.,.F.,.F.,(3,1,3),(0.,1.,2.),.UNSPECIFIED.);
#58=B_SPLINE_CURVE_WITH_KNOTS('',2,(#7936,#7937,#7938,#7939),
 .UNSPECIFIED.,.F.,.F.,(3,1,3),(0.,1.,2.),.UNSPECIFIED.);
#59=B_SPLINE_CURVE_WITH_KNOTS('',2,(#7942,#7943,#7944,#7945),
 .UNSPECIFIED.,.F.,.F.,(3,1,3),(0.,1.,2.),.UNSPECIFIED.);
#60=B_SPLINE_CURVE_WITH_KNOTS('',2,(#7955,#7956,#7957,#7958),
 .UNSPECIFIED.,.F.,.F.,(3,1,3),(0.,1.,2.),.UNSPECIFIED.);
#61=B_SPLINE_CURVE_WITH_KNOTS('',2,(#7961,#7962,#7963,#7964),
 .UNSPECIFIED.,.F.,.F.,(3,1,3),(0.,1.,2.),.UNSPECIFIED.);
#62=B_SPLINE_CURVE_WITH_KNOTS('',2,(#7974,#7975,#7976,#7977),
 .UNSPECIFIED.,.F.,.F.,(3,1,3),(0.,1.,2.),.UNSPECIFIED.);
#63=B_SPLINE_CURVE_WITH_KNOTS('',2,(#7980,#7981,#7982,#7983),
 .UNSPECIFIED.,.F.,.F.,(3,1,3),(0.,1.,2.),.UNSPECIFIED.);
#64=B_SPLINE_CURVE_WITH_KNOTS('',2,(#7993,#7994,#7995,#7996),
 .UNSPECIFIED.,.F.,.F.,(3,1,3),(0.,1.,2.),.UNSPECIFIED.);
#65=B_SPLINE_CURVE_WITH_KNOTS('',2,(#7999,#8000,#8001,#8002),
 .UNSPECIFIED.,.F.,.F.,(3,1,3),(0.,1.,2.),.UNSPECIFIED.);
#66=B_SPLINE_CURVE_WITH_KNOTS('',2,(#8012,#8013,#8014,#8015),
 .UNSPECIFIED.,.F.,.F.,(3,1,3),(0.,1.,2.),.UNSPECIFIED.);
#67=B_SPLINE_CURVE_WITH_KNOTS('',2,(#8018,#8019,#8020,#8021),
 .UNSPECIFIED.,.F.,.F.,(3,1,3),(0.,1.,2.),.UNSPECIFIED.);
#68=B_SPLINE_CURVE_WITH_KNOTS('',2,(#8030,#8031,#8032,#8033),
 .UNSPECIFIED.,.F.,.F.,(3,1,3),(0.,1.,2.),.UNSPECIFIED.);
#69=B_SPLINE_CURVE_WITH_KNOTS('',2,(#8034,#8035,#8036,#8037),
 .UNSPECIFIED.,.F.,.F.,(3,1,3),(0.,1.,2.),.UNSPECIFIED.);
#70=B_SPLINE_CURVE_WITH_KNOTS('',2,(#8195,#8196,#8197,#8198),
 .UNSPECIFIED.,.F.,.F.,(3,1,3),(0.,1.,2.),.UNSPECIFIED.);
#71=B_SPLINE_CURVE_WITH_KNOTS('',2,(#8202,#8203,#8204,#8205),
 .UNSPECIFIED.,.F.,.F.,(3,1,3),(0.,1.,2.),.UNSPECIFIED.);
#72=B_SPLINE_CURVE_WITH_KNOTS('',2,(#8216,#8217,#8218,#8219),
 .UNSPECIFIED.,.F.,.F.,(3,1,3),(0.,1.,2.),.UNSPECIFIED.);
#73=B_SPLINE_CURVE_WITH_KNOTS('',2,(#8221,#8222,#8223,#8224),
 .UNSPECIFIED.,.F.,.F.,(3,1,3),(0.,1.,2.),.UNSPECIFIED.);
#74=B_SPLINE_CURVE_WITH_KNOTS('',2,(#8251,#8252,#8253,#8254),
 .UNSPECIFIED.,.F.,.F.,(3,1,3),(0.,1.,2.),.UNSPECIFIED.);
#75=B_SPLINE_CURVE_WITH_KNOTS('',2,(#8258,#8259,#8260,#8261),
 .UNSPECIFIED.,.F.,.F.,(3,1,3),(0.,1.,2.),.UNSPECIFIED.);
#76=B_SPLINE_CURVE_WITH_KNOTS('',2,(#8272,#8273,#8274,#8275),
 .UNSPECIFIED.,.F.,.F.,(3,1,3),(0.,1.,2.),.UNSPECIFIED.);
#77=B_SPLINE_CURVE_WITH_KNOTS('',2,(#8277,#8278,#8279,#8280),
 .UNSPECIFIED.,.F.,.F.,(3,1,3),(0.,1.,2.),.UNSPECIFIED.);
#78=B_SPLINE_CURVE_WITH_KNOTS('',2,(#8315,#8316,#8317,#8318),
 .UNSPECIFIED.,.F.,.F.,(3,1,3),(0.,1.,2.),.UNSPECIFIED.);
#79=B_SPLINE_CURVE_WITH_KNOTS('',2,(#8321,#8322,#8323,#8324),
 .UNSPECIFIED.,.F.,.F.,(3,1,3),(0.,1.,2.),.UNSPECIFIED.);
#80=B_SPLINE_CURVE_WITH_KNOTS('',2,(#8334,#8335,#8336,#8337),
 .UNSPECIFIED.,.F.,.F.,(3,1,3),(0.,1.,2.),.UNSPECIFIED.);
#81=B_SPLINE_CURVE_WITH_KNOTS('',2,(#8340,#8341,#8342,#8343),
 .UNSPECIFIED.,.F.,.F.,(3,1,3),(0.,1.,2.),.UNSPECIFIED.);
#82=B_SPLINE_CURVE_WITH_KNOTS('',2,(#8353,#8354,#8355,#8356),
 .UNSPECIFIED.,.F.,.F.,(3,1,3),(0.,1.,2.),.UNSPECIFIED.);
#83=B_SPLINE_CURVE_WITH_KNOTS('',2,(#8359,#8360,#8361,#8362),
 .UNSPECIFIED.,.F.,.F.,(3,1,3),(0.,1.,2.),.UNSPECIFIED.);
#84=B_SPLINE_CURVE_WITH_KNOTS('',2,(#8372,#8373,#8374,#8375),
 .UNSPECIFIED.,.F.,.F.,(3,1,3),(0.,1.,2.),.UNSPECIFIED.);
#85=B_SPLINE_CURVE_WITH_KNOTS('',2,(#8378,#8379,#8380,#8381),
 .UNSPECIFIED.,.F.,.F.,(3,1,3),(0.,1.,2.),.UNSPECIFIED.);
#86=B_SPLINE_CURVE_WITH_KNOTS('',2,(#8410,#8411,#8412,#8413),
 .UNSPECIFIED.,.F.,.F.,(3,1,3),(0.,1.,2.),.UNSPECIFIED.);
#87=B_SPLINE_CURVE_WITH_KNOTS('',2,(#8416,#8417,#8418,#8419),
 .UNSPECIFIED.,.F.,.F.,(3,1,3),(0.,1.,2.),.UNSPECIFIED.);
#88=B_SPLINE_CURVE_WITH_KNOTS('',2,(#8429,#8430,#8431,#8432),
 .UNSPECIFIED.,.F.,.F.,(3,1,3),(0.,1.,2.),.UNSPECIFIED.);
#89=B_SPLINE_CURVE_WITH_KNOTS('',2,(#8435,#8436,#8437,#8438),
 .UNSPECIFIED.,.F.,.F.,(3,1,3),(0.,1.,2.),.UNSPECIFIED.);
#90=B_SPLINE_CURVE_WITH_KNOTS('',2,(#8448,#8449,#8450,#8451),
 .UNSPECIFIED.,.F.,.F.,(3,1,3),(0.,1.,2.),.UNSPECIFIED.);
#91=B_SPLINE_CURVE_WITH_KNOTS('',2,(#8454,#8455,#8456,#8457),
 .UNSPECIFIED.,.F.,.F.,(3,1,3),(0.,1.,2.),.UNSPECIFIED.);
#92=B_SPLINE_CURVE_WITH_KNOTS('',2,(#8467,#8468,#8469,#8470),
 .UNSPECIFIED.,.F.,.F.,(3,1,3),(0.,1.,2.),.UNSPECIFIED.);
#93=B_SPLINE_CURVE_WITH_KNOTS('',2,(#8473,#8474,#8475,#8476),
 .UNSPECIFIED.,.F.,.F.,(3,1,3),(0.,1.,2.),.UNSPECIFIED.);
#94=B_SPLINE_CURVE_WITH_KNOTS('',2,(#8498,#8499,#8500,#8501),
 .UNSPECIFIED.,.F.,.F.,(3,1,3),(0.,1.,2.),.UNSPECIFIED.);
#95=B_SPLINE_CURVE_WITH_KNOTS('',2,(#8504,#8505,#8506,#8507),
 .UNSPECIFIED.,.F.,.F.,(3,1,3),(0.,1.,2.),.UNSPECIFIED.);
#96=B_SPLINE_CURVE_WITH_KNOTS('',2,(#8517,#8518,#8519,#8520),
 .UNSPECIFIED.,.F.,.F.,(3,1,3),(0.,1.,2.),.UNSPECIFIED.);
#97=B_SPLINE_CURVE_WITH_KNOTS('',2,(#8523,#8524,#8525,#8526),
 .UNSPECIFIED.,.F.,.F.,(3,1,3),(0.,1.,2.),.UNSPECIFIED.);
#98=B_SPLINE_CURVE_WITH_KNOTS('',2,(#8536,#8537,#8538,#8539),
 .UNSPECIFIED.,.F.,.F.,(3,1,3),(0.,1.,2.),.UNSPECIFIED.);
#99=B_SPLINE_CURVE_WITH_KNOTS('',2,(#8542,#8543,#8544,#8545),
 .UNSPECIFIED.,.F.,.F.,(3,1,3),(0.,1.,2.),.UNSPECIFIED.);
#100=B_SPLINE_CURVE_WITH_KNOTS('',2,(#8555,#8556,#8557,#8558),
 .UNSPECIFIED.,.F.,.F.,(3,1,3),(0.,1.,2.),.UNSPECIFIED.);
#101=B_SPLINE_CURVE_WITH_KNOTS('',2,(#8561,#8562,#8563,#8564),
 .UNSPECIFIED.,.F.,.F.,(3,1,3),(0.,1.,2.),.UNSPECIFIED.);
#102=B_SPLINE_CURVE_WITH_KNOTS('',2,(#8574,#8575,#8576,#8577),
 .UNSPECIFIED.,.F.,.F.,(3,1,3),(0.,1.,2.),.UNSPECIFIED.);
#103=B_SPLINE_CURVE_WITH_KNOTS('',2,(#8580,#8581,#8582,#8583),
 .UNSPECIFIED.,.F.,.F.,(3,1,3),(0.,1.,2.),.UNSPECIFIED.);
#104=B_SPLINE_CURVE_WITH_KNOTS('',2,(#8593,#8594,#8595,#8596),
 .UNSPECIFIED.,.F.,.F.,(3,1,3),(0.,1.,2.),.UNSPECIFIED.);
#105=B_SPLINE_CURVE_WITH_KNOTS('',2,(#8599,#8600,#8601,#8602),
 .UNSPECIFIED.,.F.,.F.,(3,1,3),(0.,1.,2.),.UNSPECIFIED.);
#106=B_SPLINE_CURVE_WITH_KNOTS('',2,(#8612,#8613,#8614,#8615),
 .UNSPECIFIED.,.F.,.F.,(3,1,3),(0.,1.,2.),.UNSPECIFIED.);
#107=B_SPLINE_CURVE_WITH_KNOTS('',2,(#8618,#8619,#8620,#8621),
 .UNSPECIFIED.,.F.,.F.,(3,1,3),(0.,1.,2.),.UNSPECIFIED.);
#108=B_SPLINE_CURVE_WITH_KNOTS('',3,(#8803,#8804,#8805,#8806,#8807,#8808,
#8809),.UNSPECIFIED.,.F.,.F.,(4,3,4),(0.0839150928975441,0.0895365784777866,
0.0899355223419881),.UNSPECIFIED.);
#109=B_SPLINE_CURVE_WITH_KNOTS('',3,(#8811,#8812,#8813,#8814,#8815,#8816,
#8817,#8818,#8819,#8820,#8821,#8822,#8823,#8824,#8825,#8826,#8827,#8828,
#8829,#8830,#8831,#8832,#8833,#8834,#8835,#8836,#8837,#8838,#8839,#8840,
#8841,#8842),.UNSPECIFIED.,.F.,.F.,(4,2,2,2,2,2,2,2,2,2,2,2,2,2,2,4),(0.,
0.000233548810544605,0.00105319981021309,0.00304991538152274,0.0106018069842203,
0.0185755237381411,0.0193444738324504,0.0198868836064779,0.0205756595576062,
0.0208572273475185,0.021008826304586,0.0210714054420429,0.0211815877627011,
0.0215720064518973,0.0219432922019515,0.02270062976108),.UNSPECIFIED.);
#110=B_SPLINE_CURVE_WITH_KNOTS('',3,(#8897,#8898,#8899,#8900),
 .UNSPECIFIED.,.F.,.F.,(4,4),(0.,0.000252469813254718),.UNSPECIFIED.);
#111=B_SPLINE_CURVE_WITH_KNOTS('',3,(#9058,#9059,#9060,#9061,#9062,#9063,
#9064,#9065,#9066,#9067,#9068,#9069,#9070,#9071,#9072,#9073,#9074,#9075,
#9076,#9077,#9078,#9079,#9080,#9081,#9082,#9083,#9084,#9085,#9086),
 .UNSPECIFIED.,.F.,.F.,(4,1,1,1,1,1,1,1,1,1,1,1,1,1,1,1,1,1,1,1,1,1,1,1,
1,1,4),(-0.0960748493411963,-0.0960212361440193,-0.0959676229468422,-0.0958603965524882,
-0.0956459437637802,-0.0952170381863642,-0.094359227031532,-0.0935014158766999,
-0.0926436047218678,-0.0917857935670357,-0.0909279824122036,-0.0892123601025394,
-0.0874967377928752,-0.0857811154832109,-0.0823498708638825,-0.0777748780381113,
-0.07319988521234,-0.0686248923865688,-0.054899913909255,-0.0480374246705981,
-0.0446061800512697,-0.0411749354319413,-0.0274499569546275,-0.0205874677159706,
-0.0171562230966422,-0.0137249784773138,0.),.UNSPECIFIED.);
#112=B_SPLINE_CURVE_WITH_KNOTS('',3,(#9119,#9120,#9121,#9122,#9123),
 .UNSPECIFIED.,.F.,.F.,(4,1,4),(-0.145339505487978,-0.0728604640964032,
0.),.UNSPECIFIED.);
#113=B_SPLINE_CURVE_WITH_KNOTS('',3,(#9125,#9126,#9127,#9128),
 .UNSPECIFIED.,.F.,.F.,(4,4),(-0.145597844740966,-0.145339528463677),
 .UNSPECIFIED.);
#114=B_SPLINE_CURVE_WITH_KNOTS('',3,(#9130,#9131,#9132,#9133,#9134,#9135,
#9136,#9137,#9138,#9139),.UNSPECIFIED.,.F.,.F.,(4,3,3,4),(0.,0.000238198696936452,
0.000377316609630533,0.000455253068000925),.UNSPECIFIED.);
#115=B_SPLINE_CURVE_WITH_KNOTS('',3,(#9201,#9202,#9203,#9204,#9205),
 .UNSPECIFIED.,.F.,.F.,(4,1,4),(0.,0.0728604640964032,0.145720928192806),
 .UNSPECIFIED.);
#116=B_SPLINE_CURVE_WITH_KNOTS('',3,(#9206,#9207,#9208,#9209,#9210,#9211,
#9212,#9213,#9214,#9215,#9216,#9217,#9218,#9219,#9220,#9221,#9222,#9223,
#9224),.UNSPECIFIED.,.F.,.F.,(4,3,3,3,3,3,4),(-0.032444621545265,-0.0322924327616373,
-0.0243417246262214,-0.0163910164908055,-0.0162366346652915,-0.00811831733264575,
0.),.UNSPECIFIED.);
#117=B_SPLINE_CURVE_WITH_KNOTS('',3,(#9250,#9251,#9252,#9253,#9254,#9255),
 .UNSPECIFIED.,.F.,.F.,(4,2,4),(0.260143919705873,0.341797517731835,0.342345236340793),
 .UNSPECIFIED.);
#118=B_SPLINE_CURVE_WITH_KNOTS('',3,(#9256,#9257,#9258,#9259,#9260,#9261),
 .UNSPECIFIED.,.F.,.F.,(4,2,4),(-0.342345236340793,-0.341797517731835,-0.260529555402562),
 .UNSPECIFIED.);
#119=B_SPLINE_CURVE_WITH_KNOTS('',3,(#9312,#9313,#9314,#9315,#9316,#9317),
 .UNSPECIFIED.,.F.,.F.,(4,2,4),(-0.0812679623292724,0.,0.000547718580242288),
 .UNSPECIFIED.);
#120=B_SPLINE_CURVE_WITH_KNOTS('',3,(#9319,#9320,#9321,#9322,#9323,#9324),
 .UNSPECIFIED.,.F.,.F.,(4,2,4),(-0.000547718580242288,0.,0.0816535980259306),
 .UNSPECIFIED.);
#121=B_SPLINE_CURVE_WITH_KNOTS('',3,(#9326,#9327,#9328,#9329,#9330,#9331,
#9332,#9333,#9334,#9335,#9336,#9337,#9338,#9339,#9340,#9341),
 .UNSPECIFIED.,.F.,.F.,(4,3,3,3,3,4),(-0.000152188821140712,0.,0.00795070972981887,
0.0159014194596377,0.0240969292977693,0.0322924391359009),.UNSPECIFIED.);
#122=B_SPLINE_CURVE_WITH_KNOTS('',3,(#9342,#9343,#9344,#9345,#9346,#9347,
#9348,#9349,#9350,#9351),.UNSPECIFIED.,.F.,.F.,(4,2,2,2,4),(0.0932784189715519,
0.0935134681859524,0.0942516812431097,0.0952641482127033,0.096525489961996),
 .UNSPECIFIED.);
#123=B_SPLINE_CURVE_WITH_KNOTS('',3,(#9387,#9388,#9389,#9390,#9391),
 .UNSPECIFIED.,.F.,.F.,(4,1,4),(0.154097349536207,0.226570251608113,0.299425727512533),
 .UNSPECIFIED.);
#124=B_SPLINE_CURVE_WITH_KNOTS('',3,(#9393,#9394,#9395,#9396,#9397),
 .UNSPECIFIED.,.F.,.F.,(4,1,4),(-0.299425727512533,-0.226570251608113,-0.153714775703692),
 .UNSPECIFIED.);
#125=B_SPLINE_CURVE_WITH_KNOTS('',3,(#9399,#9400,#9401,#9402,#9403,#9404,
#9405,#9406,#9407,#9408,#9409,#9410,#9411,#9412,#9413,#9414,#9415,#9416,
#9417),.UNSPECIFIED.,.F.,.F.,(4,3,3,3,3,3,4),(-0.0324446215432139,-0.0322924327596554,
-0.0243417246252187,-0.016391016490782,-0.0162366346652682,-0.00811831733263409,
0.),.UNSPECIFIED.);
#126=B_SPLINE_CURVE_WITH_KNOTS('',3,(#9418,#9419,#9420,#9421),
 .UNSPECIFIED.,.F.,.F.,(4,4),(0.153838237694882,0.154097362987451),
 .UNSPECIFIED.);
#127=B_SPLINE_CURVE_WITH_KNOTS('',3,(#9447,#9448,#9449,#9450,#9451,#9452),
 .UNSPECIFIED.,.F.,.F.,(4,2,4),(0.26014391970598,0.341797517731834,0.342345236312131),
 .UNSPECIFIED.);
#128=B_SPLINE_CURVE_WITH_KNOTS('',3,(#9454,#9455,#9456,#9457,#9458,#9459),
 .UNSPECIFIED.,.F.,.F.,(4,2,4),(-0.342345236312131,-0.341797517731834,-0.260529555402561),
 .UNSPECIFIED.);
#129=B_SPLINE_CURVE_WITH_KNOTS('',3,(#9460,#9461,#9462,#9463,#9464,#9465,
#9466,#9467,#9468,#9469),.UNSPECIFIED.,.F.,.F.,(4,3,3,4),(0.,0.00023819869766552,
0.000377316610871472,0.000455253069082946),.UNSPECIFIED.);
#130=B_SPLINE_CURVE_WITH_KNOTS('',3,(#9495,#9496,#9497,#9498,#9499),
 .UNSPECIFIED.,.F.,.F.,(4,1,4),(-0.145720928192837,-0.0728604640964187,
0.),.UNSPECIFIED.);
#131=B_SPLINE_CURVE_WITH_KNOTS('',3,(#9501,#9502,#9503,#9504,#9505),
 .UNSPECIFIED.,.F.,.F.,(4,1,4),(0.,0.0728604640964187,0.145339505488489),
 .UNSPECIFIED.);
#132=B_SPLINE_CURVE_WITH_KNOTS('',3,(#9506,#9507,#9508,#9509),
 .UNSPECIFIED.,.F.,.F.,(4,4),(-0.145597844741041,-0.145339528463678),
 .UNSPECIFIED.);
#133=B_SPLINE_CURVE_WITH_KNOTS('',3,(#10052,#10053,#10054,#10055,#10056,
#10057,#10058,#10059,#10060,#10061),.UNSPECIFIED.,.F.,.F.,(4,2,2,2,4),(-0.000996444587586055,
0.,0.0382585103456214,0.187096264586113,0.204967163836806),
 .UNSPECIFIED.);
#134=B_SPLINE_CURVE_WITH_KNOTS('',3,(#10070,#10071,#10072,#10073,#10074,
#10075,#10076,#10077,#10078,#10079),.UNSPECIFIED.,.F.,.F.,(4,2,2,2,4),(2.78456454472877,
2.80243544398963,2.9512731983179,2.98953170868209,2.99052815327188),
 .UNSPECIFIED.);
#135=B_SPLINE_CURVE_WITH_KNOTS('',3,(#10085,#10086,#10087,#10088,#10089,
#10090,#10091,#10092,#10093,#10094,#10095,#10096,#10097,#10098,#10099,#10100,
#10101,#10102,#10103,#10104,#10105,#10106,#10107,#10108,#10109,#10110,#10111,
#10112),.UNSPECIFIED.,.F.,.F.,(4,2,2,2,2,2,2,2,2,2,2,2,2,4),(-0.39344596659303,
-0.363419241651807,-0.332658503416842,-0.280118895374947,-0.230097751540728,
-0.205027667634098,-0.190307940414503,-0.178425934507504,-0.165908967614266,
-0.148810208063808,-0.115969837781041,-0.0769577933223506,-0.0372917515578399,
0.),.UNSPECIFIED.);
#136=B_SPLINE_CURVE_WITH_KNOTS('',3,(#10122,#10123,#10124,#10125,#10126,
#10127,#10128,#10129,#10130,#10131,#10132,#10133,#10134,#10135,#10136,#10137,
#10138,#10139,#10140,#10141,#10142,#10143,#10144,#10145,#10146,#10147,#10148,
#10149),.UNSPECIFIED.,.F.,.F.,(4,2,2,2,2,2,2,2,2,2,2,2,2,4),(-0.393445966593769,
-0.363419241652482,-0.332658503417446,-0.280118895375425,-0.230097751541061,
-0.205027667634351,-0.19030794041471,-0.178425934507673,-0.165908967614405,
-0.148810208063914,-0.11596983778108,-0.076957793322346,-0.0372917515578389,
0.),.UNSPECIFIED.);
#137=B_SPLINE_SURFACE_WITH_KNOTS('',2,1,((#7810,#7811),(#7812,#7813),(#7814,
#7815),(#7816,#7817)),.UNSPECIFIED.,.F.,.F.,.F.,(3,1,3),(2,2),(-2.,-1.,
0.),(0.,0.000100000000000003),.UNSPECIFIED.);
#138=B_SPLINE_SURFACE_WITH_KNOTS('',2,1,((#7832,#7833),(#7834,#7835),(#7836,
#7837),(#7838,#7839)),.UNSPECIFIED.,.F.,.F.,.F.,(3,1,3),(2,2),(-2.,-1.,
0.),(0.,0.000100000000000003),.UNSPECIFIED.);
#139=B_SPLINE_SURFACE_WITH_KNOTS('',2,1,((#7851,#7852),(#7853,#7854),(#7855,
#7856),(#7857,#7858)),.UNSPECIFIED.,.F.,.F.,.F.,(3,1,3),(2,2),(-2.,-1.,
0.),(0.,0.000100000000000003),.UNSPECIFIED.);
#140=B_SPLINE_SURFACE_WITH_KNOTS('',2,1,((#7870,#7871),(#7872,#7873),(#7874,
#7875),(#7876,#7877)),.UNSPECIFIED.,.F.,.F.,.F.,(3,1,3),(2,2),(-2.,-1.,
0.),(0.,0.000100000000000003),.UNSPECIFIED.);
#141=B_SPLINE_SURFACE_WITH_KNOTS('',2,1,((#7886,#7887),(#7888,#7889),(#7890,
#7891),(#7892,#7893)),.UNSPECIFIED.,.F.,.F.,.F.,(3,1,3),(2,2),(0.,1.,2.),
(0.,0.000100000000000003),.UNSPECIFIED.);
#142=B_SPLINE_SURFACE_WITH_KNOTS('',2,1,((#7908,#7909),(#7910,#7911),(#7912,
#7913),(#7914,#7915)),.UNSPECIFIED.,.F.,.F.,.F.,(3,1,3),(2,2),(0.,1.,2.),
(0.,0.000100000000000003),.UNSPECIFIED.);
#143=B_SPLINE_SURFACE_WITH_KNOTS('',2,1,((#7927,#7928),(#7929,#7930),(#7931,
#7932),(#7933,#7934)),.UNSPECIFIED.,.F.,.F.,.F.,(3,1,3),(2,2),(0.,1.,2.),
(0.,0.000100000000000003),.UNSPECIFIED.);
#144=B_SPLINE_SURFACE_WITH_KNOTS('',2,1,((#7946,#7947),(#7948,#7949),(#7950,
#7951),(#7952,#7953)),.UNSPECIFIED.,.F.,.F.,.F.,(3,1,3),(2,2),(0.,1.,2.),
(0.,0.000100000000000003),.UNSPECIFIED.);
#145=B_SPLINE_SURFACE_WITH_KNOTS('',2,1,((#7965,#7966),(#7967,#7968),(#7969,
#7970),(#7971,#7972)),.UNSPECIFIED.,.F.,.F.,.F.,(3,1,3),(2,2),(0.,1.,2.),
(0.,0.000100000000000003),.UNSPECIFIED.);
#146=B_SPLINE_SURFACE_WITH_KNOTS('',2,1,((#7984,#7985),(#7986,#7987),(#7988,
#7989),(#7990,#7991)),.UNSPECIFIED.,.F.,.F.,.F.,(3,1,3),(2,2),(0.,1.,2.),
(0.,0.000100000000000003),.UNSPECIFIED.);
#147=B_SPLINE_SURFACE_WITH_KNOTS('',2,1,((#8003,#8004),(#8005,#8006),(#8007,
#8008),(#8009,#8010)),.UNSPECIFIED.,.F.,.F.,.F.,(3,1,3),(2,2),(0.,1.,2.),
(0.,0.000100000000000003),.UNSPECIFIED.);
#148=B_SPLINE_SURFACE_WITH_KNOTS('',2,1,((#8022,#8023),(#8024,#8025),(#8026,
#8027),(#8028,#8029)),.UNSPECIFIED.,.F.,.F.,.F.,(3,1,3),(2,2),(0.,1.,2.),
(0.,0.000100000000000003),.UNSPECIFIED.);
#149=B_SPLINE_SURFACE_WITH_KNOTS('',2,1,((#8185,#8186),(#8187,#8188),(#8189,
#8190),(#8191,#8192)),.UNSPECIFIED.,.F.,.F.,.F.,(3,1,3),(2,2),(-2.,-1.,
0.),(0.,0.000100000000000003),.UNSPECIFIED.);
#150=B_SPLINE_SURFACE_WITH_KNOTS('',2,1,((#8207,#8208),(#8209,#8210),(#8211,
#8212),(#8213,#8214)),.UNSPECIFIED.,.F.,.F.,.F.,(3,1,3),(2,2),(-2.,-1.,
0.),(0.,0.000100000000000003),.UNSPECIFIED.);
#151=B_SPLINE_SURFACE_WITH_KNOTS('',2,1,((#8241,#8242),(#8243,#8244),(#8245,
#8246),(#8247,#8248)),.UNSPECIFIED.,.F.,.F.,.F.,(3,1,3),(2,2),(-2.,-1.,
0.),(0.,0.000100000000000003),.UNSPECIFIED.);
#152=B_SPLINE_SURFACE_WITH_KNOTS('',2,1,((#8263,#8264),(#8265,#8266),(#8267,
#8268),(#8269,#8270)),.UNSPECIFIED.,.F.,.F.,.F.,(3,1,3),(2,2),(-2.,-1.,
0.),(0.,0.000100000000000003),.UNSPECIFIED.);
#153=B_SPLINE_SURFACE_WITH_KNOTS('',2,1,((#8306,#8307),(#8308,#8309),(#8310,
#8311),(#8312,#8313)),.UNSPECIFIED.,.F.,.F.,.F.,(3,1,3),(2,2),(0.,1.,2.),
(0.,0.000100000000000003),.UNSPECIFIED.);
#154=B_SPLINE_SURFACE_WITH_KNOTS('',2,1,((#8325,#8326),(#8327,#8328),(#8329,
#8330),(#8331,#8332)),.UNSPECIFIED.,.F.,.F.,.F.,(3,1,3),(2,2),(0.,1.,2.),
(0.,0.000100000000000003),.UNSPECIFIED.);
#155=B_SPLINE_SURFACE_WITH_KNOTS('',2,1,((#8344,#8345),(#8346,#8347),(#8348,
#8349),(#8350,#8351)),.UNSPECIFIED.,.F.,.F.,.F.,(3,1,3),(2,2),(0.,1.,2.),
(0.,0.000100000000000003),.UNSPECIFIED.);
#156=B_SPLINE_SURFACE_WITH_KNOTS('',2,1,((#8363,#8364),(#8365,#8366),(#8367,
#8368),(#8369,#8370)),.UNSPECIFIED.,.F.,.F.,.F.,(3,1,3),(2,2),(0.,1.,2.),
(0.,0.000100000000000003),.UNSPECIFIED.);
#157=B_SPLINE_SURFACE_WITH_KNOTS('',2,1,((#8401,#8402),(#8403,#8404),(#8405,
#8406),(#8407,#8408)),.UNSPECIFIED.,.F.,.F.,.F.,(3,1,3),(2,2),(0.,1.,2.),
(0.,0.000100000000000003),.UNSPECIFIED.);
#158=B_SPLINE_SURFACE_WITH_KNOTS('',2,1,((#8420,#8421),(#8422,#8423),(#8424,
#8425),(#8426,#8427)),.UNSPECIFIED.,.F.,.F.,.F.,(3,1,3),(2,2),(0.,1.,2.),
(0.,0.000100000000000003),.UNSPECIFIED.);
#159=B_SPLINE_SURFACE_WITH_KNOTS('',2,1,((#8439,#8440),(#8441,#8442),(#8443,
#8444),(#8445,#8446)),.UNSPECIFIED.,.F.,.F.,.F.,(3,1,3),(2,2),(0.,1.,2.),
(0.,0.000100000000000003),.UNSPECIFIED.);
#160=B_SPLINE_SURFACE_WITH_KNOTS('',2,1,((#8458,#8459),(#8460,#8461),(#8462,
#8463),(#8464,#8465)),.UNSPECIFIED.,.F.,.F.,.F.,(3,1,3),(2,2),(0.,1.,2.),
(0.,0.000100000000000003),.UNSPECIFIED.);
#161=B_SPLINE_SURFACE_WITH_KNOTS('',2,1,((#8489,#8490),(#8491,#8492),(#8493,
#8494),(#8495,#8496)),.UNSPECIFIED.,.F.,.F.,.F.,(3,1,3),(2,2),(0.,1.,2.),
(0.,0.000100000000000003),.UNSPECIFIED.);
#162=B_SPLINE_SURFACE_WITH_KNOTS('',2,1,((#8508,#8509),(#8510,#8511),(#8512,
#8513),(#8514,#8515)),.UNSPECIFIED.,.F.,.F.,.F.,(3,1,3),(2,2),(0.,1.,2.),
(0.,0.000100000000000003),.UNSPECIFIED.);
#163=B_SPLINE_SURFACE_WITH_KNOTS('',2,1,((#8527,#8528),(#8529,#8530),(#8531,
#8532),(#8533,#8534)),.UNSPECIFIED.,.F.,.F.,.F.,(3,1,3),(2,2),(0.,1.,2.),
(0.,0.000100000000000003),.UNSPECIFIED.);
#164=B_SPLINE_SURFACE_WITH_KNOTS('',2,1,((#8546,#8547),(#8548,#8549),(#8550,
#8551),(#8552,#8553)),.UNSPECIFIED.,.F.,.F.,.F.,(3,1,3),(2,2),(0.,1.,2.),
(0.,0.000100000000000003),.UNSPECIFIED.);
#165=B_SPLINE_SURFACE_WITH_KNOTS('',2,1,((#8565,#8566),(#8567,#8568),(#8569,
#8570),(#8571,#8572)),.UNSPECIFIED.,.F.,.F.,.F.,(3,1,3),(2,2),(0.,1.,2.),
(0.,0.000100000000000003),.UNSPECIFIED.);
#166=B_SPLINE_SURFACE_WITH_KNOTS('',2,1,((#8584,#8585),(#8586,#8587),(#8588,
#8589),(#8590,#8591)),.UNSPECIFIED.,.F.,.F.,.F.,(3,1,3),(2,2),(0.,1.,2.),
(0.,0.000100000000000003),.UNSPECIFIED.);
#167=B_SPLINE_SURFACE_WITH_KNOTS('',2,1,((#8603,#8604),(#8605,#8606),(#8607,
#8608),(#8609,#8610)),.UNSPECIFIED.,.F.,.F.,.F.,(3,1,3),(2,2),(0.,1.,2.),
(0.,0.000100000000000003),.UNSPECIFIED.);
#168=B_SPLINE_SURFACE_WITH_KNOTS('',3,3,((#8912,#8913,#8914,#8915,#8916,
#8917,#8918,#8919,#8920,#8921,#8922,#8923,#8924,#8925,#8926,#8927,#8928,
#8929,#8930,#8931,#8932,#8933,#8934,#8935,#8936,#8937,#8938,#8939,#8940),
(#8941,#8942,#8943,#8944,#8945,#8946,#8947,#8948,#8949,#8950,#8951,#8952,
#8953,#8954,#8955,#8956,#8957,#8958,#8959,#8960,#8961,#8962,#8963,#8964,
#8965,#8966,#8967,#8968,#8969),(#8970,#8971,#8972,#8973,#8974,#8975,#8976,
#8977,#8978,#8979,#8980,#8981,#8982,#8983,#8984,#8985,#8986,#8987,#8988,
#8989,#8990,#8991,#8992,#8993,#8994,#8995,#8996,#8997,#8998),(#8999,#9000,
#9001,#9002,#9003,#9004,#9005,#9006,#9007,#9008,#9009,#9010,#9011,#9012,
#9013,#9014,#9015,#9016,#9017,#9018,#9019,#9020,#9021,#9022,#9023,#9024,
#9025,#9026,#9027),(#9028,#9029,#9030,#9031,#9032,#9033,#9034,#9035,#9036,
#9037,#9038,#9039,#9040,#9041,#9042,#9043,#9044,#9045,#9046,#9047,#9048,
#9049,#9050,#9051,#9052,#9053,#9054,#9055,#9056)),.UNSPECIFIED.,.F.,.F.,
 .F.,(4,1,4),(4,1,1,1,1,1,1,1,1,1,1,1,1,1,1,1,1,1,1,1,1,1,1,1,1,1,4),(0.,
0.5,1.),(0.,0.0137249784773138,0.0171562230966422,0.0205874677159706,0.0274499569546275,
0.0411749354319413,0.0446061800512697,0.0480374246705981,0.054899913909255,
0.0686248923865688,0.07319988521234,0.0777748780381113,0.0823498708638825,
0.0857811154832109,0.0874967377928752,0.0892123601025394,0.0909279824122036,
0.0917857935670357,0.0926436047218678,0.0935014158766999,0.094359227031532,
0.0952170381863642,0.0956459437637802,0.0958603965524882,0.0959676229468422,
0.0960212361440193,0.0960748493411963),.UNSPECIFIED.);
#169=B_SPLINE_SURFACE_WITH_KNOTS('',3,3,((#9088,#9089,#9090,#9091),(#9092,
#9093,#9094,#9095),(#9096,#9097,#9098,#9099),(#9100,#9101,#9102,#9103),
(#9104,#9105,#9106,#9107)),.UNSPECIFIED.,.F.,.F.,.F.,(4,1,4),(4,4),(0.,
0.5,1.),(-1.56206968053452,-1.04467653207462),.UNSPECIFIED.);
#170=B_SPLINE_SURFACE_WITH_KNOTS('',3,3,((#9149,#9150,#9151,#9152,#9153),
(#9154,#9155,#9156,#9157,#9158),(#9159,#9160,#9161,#9162,#9163),(#9164,
#9165,#9166,#9167,#9168),(#9169,#9170,#9171,#9172,#9173)),.UNSPECIFIED.,
 .F.,.F.,.F.,(4,1,4),(4,1,4),(0.331222835259642,0.617841620148367,1.),(-1.5707963267949,
-0.897597901025656,8.88178419700125E-16),.UNSPECIFIED.);
#171=B_SPLINE_SURFACE_WITH_KNOTS('',3,3,((#9175,#9176,#9177,#9178,#9179),
(#9180,#9181,#9182,#9183,#9184),(#9185,#9186,#9187,#9188,#9189),(#9190,
#9191,#9192,#9193,#9194),(#9195,#9196,#9197,#9198,#9199)),.UNSPECIFIED.,
 .F.,.F.,.F.,(4,1,4),(4,1,4),(0.,0.5,1.),(0.,0.0728604640964032,0.145720928192806),
 .UNSPECIFIED.);
#172=B_SPLINE_SURFACE_WITH_KNOTS('',3,3,((#9225,#9226,#9227,#9228,#9229,
#9230),(#9231,#9232,#9233,#9234,#9235,#9236),(#9237,#9238,#9239,#9240,#9241,
#9242),(#9243,#9244,#9245,#9246,#9247,#9248)),.UNSPECIFIED.,.F.,.F.,.F.,
(4,4),(4,2,4),(0.,1.),(-0.342345236340793,-0.341797517731835,-0.260143919705873),
 .UNSPECIFIED.);
#173=B_SPLINE_SURFACE_WITH_KNOTS('',3,3,((#9286,#9287,#9288,#9289,#9290,
#9291),(#9292,#9293,#9294,#9295,#9296,#9297),(#9298,#9299,#9300,#9301,#9302,
#9303),(#9304,#9305,#9306,#9307,#9308,#9309)),.UNSPECIFIED.,.F.,.F.,.F.,
(4,4),(4,2,4),(0.,1.),(-0.000547718580242288,0.,0.0816535980259306),
 .UNSPECIFIED.);
#174=B_SPLINE_SURFACE_WITH_KNOTS('',3,3,((#9361,#9362,#9363,#9364,#9365),
(#9366,#9367,#9368,#9369,#9370),(#9371,#9372,#9373,#9374,#9375),(#9376,
#9377,#9378,#9379,#9380),(#9381,#9382,#9383,#9384,#9385)),.UNSPECIFIED.,
 .F.,.F.,.F.,(4,1,4),(4,1,4),(0.,0.5,1.),(0.153714775703692,0.226570251608113,
0.299425727512533),.UNSPECIFIED.);
#175=B_SPLINE_SURFACE_WITH_KNOTS('',3,3,((#9422,#9423,#9424,#9425,#9426,
#9427),(#9428,#9429,#9430,#9431,#9432,#9433),(#9434,#9435,#9436,#9437,#9438,
#9439),(#9440,#9441,#9442,#9443,#9444,#9445)),.UNSPECIFIED.,.F.,.F.,.F.,
(4,4),(4,2,4),(0.,1.),(-0.342345236312131,-0.341797517731834,-0.26014391970598),
 .UNSPECIFIED.);
#176=B_SPLINE_SURFACE_WITH_KNOTS('',3,3,((#9470,#9471,#9472,#9473,#9474),
(#9475,#9476,#9477,#9478,#9479),(#9480,#9481,#9482,#9483,#9484),(#9485,
#9486,#9487,#9488,#9489),(#9490,#9491,#9492,#9493,#9494)),.UNSPECIFIED.,
 .F.,.F.,.F.,(4,1,4),(4,1,4),(0.,0.5,1.),(0.,0.0728604640964187,0.145720928192837),
 .UNSPECIFIED.);
#177=B_SPLINE_SURFACE_WITH_KNOTS('',3,3,((#9980,#9981,#9982,#9983,#9984,
#9985),(#9986,#9987,#9988,#9989,#9990,#9991),(#9992,#9993,#9994,#9995,#9996,
#9997),(#9998,#9999,#10000,#10001,#10002,#10003),(#10004,#10005,#10006,
#10007,#10008,#10009),(#10010,#10011,#10012,#10013,#10014,#10015)),
 .UNSPECIFIED.,.F.,.F.,.F.,(4,1,1,4),(4,1,1,4),(0.,0.285714285714286,0.571428571428571,
1.),(0.,0.673198425769241,1.12199737628207,1.5707963267949),
 .UNSPECIFIED.);
#178=B_SPLINE_SURFACE_WITH_KNOTS('',3,3,((#10188,#10189,#10190,#10191,#10192,
#10193),(#10194,#10195,#10196,#10197,#10198,#10199),(#10200,#10201,#10202,
#10203,#10204,#10205),(#10206,#10207,#10208,#10209,#10210,#10211),(#10212,
#10213,#10214,#10215,#10216,#10217),(#10218,#10219,#10220,#10221,#10222,
#10223)),.UNSPECIFIED.,.F.,.F.,.F.,(4,1,1,4),(4,1,1,4),(0.,0.285714285714286,
0.571428571428571,1.),(-1.5707963267949,-0.897597901025655,-0.448798950512828,
0.),.UNSPECIFIED.);
#179=FACE_BOUND('',#720,.T.);
#180=FACE_BOUND('',#748,.T.);
#181=FACE_BOUND('',#793,.T.);
#182=FACE_BOUND('',#794,.T.);
#183=FACE_BOUND('',#836,.T.);
#184=FACE_BOUND('',#837,.T.);
#185=FACE_BOUND('',#838,.T.);
#186=FACE_BOUND('',#839,.T.);
#187=FACE_BOUND('',#840,.T.);
#188=FACE_BOUND('',#841,.T.);
#189=FACE_BOUND('',#842,.T.);
#190=FACE_BOUND('',#843,.T.);
#191=FACE_BOUND('',#919,.T.);
#192=FACE_BOUND('',#960,.T.);
#193=FACE_BOUND('',#962,.T.);
#194=FACE_BOUND('',#969,.T.);
#195=FACE_BOUND('',#972,.T.);
#196=FACE_BOUND('',#974,.T.);
#197=FACE_BOUND('',#975,.T.);
#198=FACE_BOUND('',#976,.T.);
#199=FACE_BOUND('',#1019,.T.);
#200=FACE_BOUND('',#1020,.T.);
#201=FACE_BOUND('',#1041,.T.);
#202=TOROIDAL_SURFACE('',#5769,4.2,0.399999999999994);
#203=TOROIDAL_SURFACE('',#5778,4.2,0.399999999999999);
#204=TOROIDAL_SURFACE('',#5916,2.5,0.5);
#205=TOROIDAL_SURFACE('',#5929,2.5,0.5);
#206=TOROIDAL_SURFACE('',#5937,1.5,0.5);
#207=TOROIDAL_SURFACE('',#5942,1.5,0.5);
#208=TOROIDAL_SURFACE('',#5954,2.5,0.5);
#209=TOROIDAL_SURFACE('',#5959,1.5,0.5);
#210=TOROIDAL_SURFACE('',#5964,1.5,0.5);
#211=TOROIDAL_SURFACE('',#5979,1.49561752691175,0.5);
#212=TOROIDAL_SURFACE('',#5985,1.49561752691175,0.5);
#213=TOROIDAL_SURFACE('',#5991,1.49561752691175,0.5);
#214=TOROIDAL_SURFACE('',#6069,15.4,0.4);
#215=TOROIDAL_SURFACE('',#6121,5.49999999999999,5.);
#216=TOROIDAL_SURFACE('',#6157,5.50000000000007,5.);
#217=TOROIDAL_SURFACE('',#6167,8.49999999999999,8.);
#218=TOROIDAL_SURFACE('',#6170,8.50000000000007,8.);
#219=CONICAL_SURFACE('',#5759,3.86602540378444,0.26179938779915);
#220=CONICAL_SURFACE('',#5765,3.90681483474219,0.26179938779915);
#221=CONICAL_SURFACE('',#5995,2.,0.00872664625997165);
#222=CONICAL_SURFACE('',#5998,2.,0.00872664625997165);
#223=CONICAL_SURFACE('',#6001,2.,0.00872664625997165);
#224=CONICAL_SURFACE('',#6079,14.9090074414334,0.349065850398862);
#225=SHAPE_REPRESENTATION_RELATIONSHIP('SRR','None',#10465,#228);
#226=SHAPE_REPRESENTATION_RELATIONSHIP('SRR','None',#10466,#229);
#227=SHAPE_REPRESENTATION_RELATIONSHIP('SRR','None',#10467,#230);
#228=ADVANCED_BREP_SHAPE_REPRESENTATION('',(#231),#10445);
#229=ADVANCED_BREP_SHAPE_REPRESENTATION('',(#232),#10446);
#230=ADVANCED_BREP_SHAPE_REPRESENTATION('',(#233),#10447);
#231=MANIFOLD_SOLID_BREP('Volumenk\X\F6rper1',#5682);
#232=MANIFOLD_SOLID_BREP('Volumenk\X\F6rper2',#5683);
#233=MANIFOLD_SOLID_BREP('Volumenk\X\F6rper2',#5684);
#234=PLANE('',#5748);
#235=PLANE('',#5752);
#236=PLANE('',#5753);
#237=PLANE('',#5754);
#238=PLANE('',#5756);
#239=PLANE('',#5782);
#240=PLANE('',#5791);
#241=PLANE('',#5792);
#242=PLANE('',#5793);
#243=PLANE('',#5794);
#244=PLANE('',#5795);
#245=PLANE('',#5796);
#246=PLANE('',#5797);
#247=PLANE('',#5798);
#248=PLANE('',#5799);
#249=PLANE('',#5800);
#250=PLANE('',#5801);
#251=PLANE('',#5802);
#252=PLANE('',#5803);
#253=PLANE('',#5804);
#254=PLANE('',#5805);
#255=PLANE('',#5806);
#256=PLANE('',#5807);
#257=PLANE('',#5808);
#258=PLANE('',#5809);
#259=PLANE('',#5810);
#260=PLANE('',#5811);
#261=PLANE('',#5812);
#262=PLANE('',#5813);
#263=PLANE('',#5814);
#264=PLANE('',#5815);
#265=PLANE('',#5816);
#266=PLANE('',#5817);
#267=PLANE('',#5818);
#268=PLANE('',#5819);
#269=PLANE('',#5820);
#270=PLANE('',#5821);
#271=PLANE('',#5822);
#272=PLANE('',#5823);
#273=PLANE('',#5824);
#274=PLANE('',#5825);
#275=PLANE('',#5826);
#276=PLANE('',#5827);
#277=PLANE('',#5828);
#278=PLANE('',#5829);
#279=PLANE('',#5830);
#280=PLANE('',#5831);
#281=PLANE('',#5832);
#282=PLANE('',#5833);
#283=PLANE('',#5834);
#284=PLANE('',#5835);
#285=PLANE('',#5836);
#286=PLANE('',#5837);
#287=PLANE('',#5838);
#288=PLANE('',#5839);
#289=PLANE('',#5840);
#290=PLANE('',#5841);
#291=PLANE('',#5842);
#292=PLANE('',#5843);
#293=PLANE('',#5844);
#294=PLANE('',#5845);
#295=PLANE('',#5846);
#296=PLANE('',#5847);
#297=PLANE('',#5848);
#298=PLANE('',#5849);
#299=PLANE('',#5850);
#300=PLANE('',#5851);
#301=PLANE('',#5852);
#302=PLANE('',#5853);
#303=PLANE('',#5854);
#304=PLANE('',#5855);
#305=PLANE('',#5856);
#306=PLANE('',#5857);
#307=PLANE('',#5858);
#308=PLANE('',#5859);
#309=PLANE('',#5860);
#310=PLANE('',#5861);
#311=PLANE('',#5862);
#312=PLANE('',#5863);
#313=PLANE('',#5864);
#314=PLANE('',#5865);
#315=PLANE('',#5866);
#316=PLANE('',#5867);
#317=PLANE('',#5868);
#318=PLANE('',#5869);
#319=PLANE('',#5871);
#320=PLANE('',#5872);
#321=PLANE('',#5877);
#322=PLANE('',#5879);
#323=PLANE('',#5880);
#324=PLANE('',#5881);
#325=PLANE('',#5882);
#326=PLANE('',#5885);
#327=PLANE('',#5889);
#328=PLANE('',#5893);
#329=PLANE('',#5898);
#330=PLANE('',#5899);
#331=PLANE('',#5910);
#332=PLANE('',#5915);
#333=PLANE('',#5920);
#334=PLANE('',#5928);
#335=PLANE('',#5933);
#336=PLANE('',#5948);
#337=PLANE('',#5951);
#338=PLANE('',#5970);
#339=PLANE('',#5973);
#340=PLANE('',#5976);
#341=PLANE('',#5994);
#342=PLANE('',#5997);
#343=PLANE('',#6000);
#344=PLANE('',#6007);
#345=PLANE('',#6010);
#346=PLANE('',#6011);
#347=PLANE('',#6016);
#348=PLANE('',#6017);
#349=PLANE('',#6018);
#350=PLANE('',#6020);
#351=PLANE('',#6022);
#352=PLANE('',#6024);
#353=PLANE('',#6026);
#354=PLANE('',#6030);
#355=PLANE('',#6031);
#356=PLANE('',#6034);
#357=PLANE('',#6035);
#358=PLANE('',#6038);
#359=PLANE('',#6041);
#360=PLANE('',#6044);
#361=PLANE('',#6047);
#362=PLANE('',#6050);
#363=PLANE('',#6053);
#364=PLANE('',#6056);
#365=PLANE('',#6059);
#366=PLANE('',#6062);
#367=PLANE('',#6082);
#368=PLANE('',#6088);
#369=PLANE('',#6089);
#370=PLANE('',#6095);
#371=PLANE('',#6097);
#372=PLANE('',#6099);
#373=PLANE('',#6101);
#374=PLANE('',#6132);
#375=PLANE('',#6135);
#376=PLANE('',#6160);
#377=PLANE('',#6166);
#378=PLANE('',#6175);
#379=PLANE('',#6176);
#380=PLANE('',#6183);
#381=PLANE('',#6184);
#382=PLANE('',#6185);
#383=PLANE('',#6186);
#384=PLANE('',#6193);
#385=PLANE('',#6195);
#386=PLANE('',#6198);
#387=PLANE('',#6204);
#388=PLANE('',#6207);
#389=PLANE('',#6210);
#390=PLANE('',#6213);
#391=PLANE('',#6216);
#392=PLANE('',#6217);
#393=FACE_OUTER_BOUND('',#706,.T.);
#394=FACE_OUTER_BOUND('',#707,.T.);
#395=FACE_OUTER_BOUND('',#708,.T.);
#396=FACE_OUTER_BOUND('',#709,.T.);
#397=FACE_OUTER_BOUND('',#710,.T.);
#398=FACE_OUTER_BOUND('',#711,.T.);
#399=FACE_OUTER_BOUND('',#712,.T.);
#400=FACE_OUTER_BOUND('',#713,.T.);
#401=FACE_OUTER_BOUND('',#714,.T.);
#402=FACE_OUTER_BOUND('',#715,.T.);
#403=FACE_OUTER_BOUND('',#716,.T.);
#404=FACE_OUTER_BOUND('',#717,.T.);
#405=FACE_OUTER_BOUND('',#718,.T.);
#406=FACE_OUTER_BOUND('',#719,.T.);
#407=FACE_OUTER_BOUND('',#721,.T.);
#408=FACE_OUTER_BOUND('',#722,.T.);
#409=FACE_OUTER_BOUND('',#723,.T.);
#410=FACE_OUTER_BOUND('',#724,.T.);
#411=FACE_OUTER_BOUND('',#725,.T.);
#412=FACE_OUTER_BOUND('',#726,.T.);
#413=FACE_OUTER_BOUND('',#727,.T.);
#414=FACE_OUTER_BOUND('',#728,.T.);
#415=FACE_OUTER_BOUND('',#729,.T.);
#416=FACE_OUTER_BOUND('',#730,.T.);
#417=FACE_OUTER_BOUND('',#731,.T.);
#418=FACE_OUTER_BOUND('',#732,.T.);
#419=FACE_OUTER_BOUND('',#733,.T.);
#420=FACE_OUTER_BOUND('',#734,.T.);
#421=FACE_OUTER_BOUND('',#735,.T.);
#422=FACE_OUTER_BOUND('',#736,.T.);
#423=FACE_OUTER_BOUND('',#737,.T.);
#424=FACE_OUTER_BOUND('',#738,.T.);
#425=FACE_OUTER_BOUND('',#739,.T.);
#426=FACE_OUTER_BOUND('',#740,.T.);
#427=FACE_OUTER_BOUND('',#741,.T.);
#428=FACE_OUTER_BOUND('',#742,.T.);
#429=FACE_OUTER_BOUND('',#743,.T.);
#430=FACE_OUTER_BOUND('',#744,.T.);
#431=FACE_OUTER_BOUND('',#745,.T.);
#432=FACE_OUTER_BOUND('',#746,.T.);
#433=FACE_OUTER_BOUND('',#747,.T.);
#434=FACE_OUTER_BOUND('',#749,.T.);
#435=FACE_OUTER_BOUND('',#750,.T.);
#436=FACE_OUTER_BOUND('',#751,.T.);
#437=FACE_OUTER_BOUND('',#752,.T.);
#438=FACE_OUTER_BOUND('',#753,.T.);
#439=FACE_OUTER_BOUND('',#754,.T.);
#440=FACE_OUTER_BOUND('',#755,.T.);
#441=FACE_OUTER_BOUND('',#756,.T.);
#442=FACE_OUTER_BOUND('',#757,.T.);
#443=FACE_OUTER_BOUND('',#758,.T.);
#444=FACE_OUTER_BOUND('',#759,.T.);
#445=FACE_OUTER_BOUND('',#760,.T.);
#446=FACE_OUTER_BOUND('',#761,.T.);
#447=FACE_OUTER_BOUND('',#762,.T.);
#448=FACE_OUTER_BOUND('',#763,.T.);
#449=FACE_OUTER_BOUND('',#764,.T.);
#450=FACE_OUTER_BOUND('',#765,.T.);
#451=FACE_OUTER_BOUND('',#766,.T.);
#452=FACE_OUTER_BOUND('',#767,.T.);
#453=FACE_OUTER_BOUND('',#768,.T.);
#454=FACE_OUTER_BOUND('',#769,.T.);
#455=FACE_OUTER_BOUND('',#770,.T.);
#456=FACE_OUTER_BOUND('',#771,.T.);
#457=FACE_OUTER_BOUND('',#772,.T.);
#458=FACE_OUTER_BOUND('',#773,.T.);
#459=FACE_OUTER_BOUND('',#774,.T.);
#460=FACE_OUTER_BOUND('',#775,.T.);
#461=FACE_OUTER_BOUND('',#776,.T.);
#462=FACE_OUTER_BOUND('',#777,.T.);
#463=FACE_OUTER_BOUND('',#778,.T.);
#464=FACE_OUTER_BOUND('',#779,.T.);
#465=FACE_OUTER_BOUND('',#780,.T.);
#466=FACE_OUTER_BOUND('',#781,.T.);
#467=FACE_OUTER_BOUND('',#782,.T.);
#468=FACE_OUTER_BOUND('',#783,.T.);
#469=FACE_OUTER_BOUND('',#784,.T.);
#470=FACE_OUTER_BOUND('',#785,.T.);
#471=FACE_OUTER_BOUND('',#786,.T.);
#472=FACE_OUTER_BOUND('',#787,.T.);
#473=FACE_OUTER_BOUND('',#788,.T.);
#474=FACE_OUTER_BOUND('',#789,.T.);
#475=FACE_OUTER_BOUND('',#790,.T.);
#476=FACE_OUTER_BOUND('',#791,.T.);
#477=FACE_OUTER_BOUND('',#792,.T.);
#478=FACE_OUTER_BOUND('',#795,.T.);
#479=FACE_OUTER_BOUND('',#796,.T.);
#480=FACE_OUTER_BOUND('',#797,.T.);
#481=FACE_OUTER_BOUND('',#798,.T.);
#482=FACE_OUTER_BOUND('',#799,.T.);
#483=FACE_OUTER_BOUND('',#800,.T.);
#484=FACE_OUTER_BOUND('',#801,.T.);
#485=FACE_OUTER_BOUND('',#802,.T.);
#486=FACE_OUTER_BOUND('',#803,.T.);
#487=FACE_OUTER_BOUND('',#804,.T.);
#488=FACE_OUTER_BOUND('',#805,.T.);
#489=FACE_OUTER_BOUND('',#806,.T.);
#490=FACE_OUTER_BOUND('',#807,.T.);
#491=FACE_OUTER_BOUND('',#808,.T.);
#492=FACE_OUTER_BOUND('',#809,.T.);
#493=FACE_OUTER_BOUND('',#810,.T.);
#494=FACE_OUTER_BOUND('',#811,.T.);
#495=FACE_OUTER_BOUND('',#812,.T.);
#496=FACE_OUTER_BOUND('',#813,.T.);
#497=FACE_OUTER_BOUND('',#814,.T.);
#498=FACE_OUTER_BOUND('',#815,.T.);
#499=FACE_OUTER_BOUND('',#816,.T.);
#500=FACE_OUTER_BOUND('',#817,.T.);
#501=FACE_OUTER_BOUND('',#818,.T.);
#502=FACE_OUTER_BOUND('',#819,.T.);
#503=FACE_OUTER_BOUND('',#820,.T.);
#504=FACE_OUTER_BOUND('',#821,.T.);
#505=FACE_OUTER_BOUND('',#822,.T.);
#506=FACE_OUTER_BOUND('',#823,.T.);
#507=FACE_OUTER_BOUND('',#824,.T.);
#508=FACE_OUTER_BOUND('',#825,.T.);
#509=FACE_OUTER_BOUND('',#826,.T.);
#510=FACE_OUTER_BOUND('',#827,.T.);
#511=FACE_OUTER_BOUND('',#828,.T.);
#512=FACE_OUTER_BOUND('',#829,.T.);
#513=FACE_OUTER_BOUND('',#830,.T.);
#514=FACE_OUTER_BOUND('',#831,.T.);
#515=FACE_OUTER_BOUND('',#832,.T.);
#516=FACE_OUTER_BOUND('',#833,.T.);
#517=FACE_OUTER_BOUND('',#834,.T.);
#518=FACE_OUTER_BOUND('',#835,.T.);
#519=FACE_OUTER_BOUND('',#844,.T.);
#520=FACE_OUTER_BOUND('',#845,.T.);
#521=FACE_OUTER_BOUND('',#846,.T.);
#522=FACE_OUTER_BOUND('',#847,.T.);
#523=FACE_OUTER_BOUND('',#848,.T.);
#524=FACE_OUTER_BOUND('',#849,.T.);
#525=FACE_OUTER_BOUND('',#850,.T.);
#526=FACE_OUTER_BOUND('',#851,.T.);
#527=FACE_OUTER_BOUND('',#852,.T.);
#528=FACE_OUTER_BOUND('',#853,.T.);
#529=FACE_OUTER_BOUND('',#854,.T.);
#530=FACE_OUTER_BOUND('',#855,.T.);
#531=FACE_OUTER_BOUND('',#856,.T.);
#532=FACE_OUTER_BOUND('',#857,.T.);
#533=FACE_OUTER_BOUND('',#858,.T.);
#534=FACE_OUTER_BOUND('',#859,.T.);
#535=FACE_OUTER_BOUND('',#860,.T.);
#536=FACE_OUTER_BOUND('',#861,.T.);
#537=FACE_OUTER_BOUND('',#862,.T.);
#538=FACE_OUTER_BOUND('',#863,.T.);
#539=FACE_OUTER_BOUND('',#864,.T.);
#540=FACE_OUTER_BOUND('',#865,.T.);
#541=FACE_OUTER_BOUND('',#866,.T.);
#542=FACE_OUTER_BOUND('',#867,.T.);
#543=FACE_OUTER_BOUND('',#868,.T.);
#544=FACE_OUTER_BOUND('',#869,.T.);
#545=FACE_OUTER_BOUND('',#870,.T.);
#546=FACE_OUTER_BOUND('',#871,.T.);
#547=FACE_OUTER_BOUND('',#872,.T.);
#548=FACE_OUTER_BOUND('',#873,.T.);
#549=FACE_OUTER_BOUND('',#874,.T.);
#550=FACE_OUTER_BOUND('',#875,.T.);
#551=FACE_OUTER_BOUND('',#876,.T.);
#552=FACE_OUTER_BOUND('',#877,.T.);
#553=FACE_OUTER_BOUND('',#878,.T.);
#554=FACE_OUTER_BOUND('',#879,.T.);
#555=FACE_OUTER_BOUND('',#880,.T.);
#556=FACE_OUTER_BOUND('',#881,.T.);
#557=FACE_OUTER_BOUND('',#882,.T.);
#558=FACE_OUTER_BOUND('',#883,.T.);
#559=FACE_OUTER_BOUND('',#884,.T.);
#560=FACE_OUTER_BOUND('',#885,.T.);
#561=FACE_OUTER_BOUND('',#886,.T.);
#562=FACE_OUTER_BOUND('',#887,.T.);
#563=FACE_OUTER_BOUND('',#888,.T.);
#564=FACE_OUTER_BOUND('',#889,.T.);
#565=FACE_OUTER_BOUND('',#890,.T.);
#566=FACE_OUTER_BOUND('',#891,.T.);
#567=FACE_OUTER_BOUND('',#892,.T.);
#568=FACE_OUTER_BOUND('',#893,.T.);
#569=FACE_OUTER_BOUND('',#894,.T.);
#570=FACE_OUTER_BOUND('',#895,.T.);
#571=FACE_OUTER_BOUND('',#896,.T.);
#572=FACE_OUTER_BOUND('',#897,.T.);
#573=FACE_OUTER_BOUND('',#898,.T.);
#574=FACE_OUTER_BOUND('',#899,.T.);
#575=FACE_OUTER_BOUND('',#900,.T.);
#576=FACE_OUTER_BOUND('',#901,.T.);
#577=FACE_OUTER_BOUND('',#902,.T.);
#578=FACE_OUTER_BOUND('',#903,.T.);
#579=FACE_OUTER_BOUND('',#904,.T.);
#580=FACE_OUTER_BOUND('',#905,.T.);
#581=FACE_OUTER_BOUND('',#906,.T.);
#582=FACE_OUTER_BOUND('',#907,.T.);
#583=FACE_OUTER_BOUND('',#908,.T.);
#584=FACE_OUTER_BOUND('',#909,.T.);
#585=FACE_OUTER_BOUND('',#910,.T.);
#586=FACE_OUTER_BOUND('',#911,.T.);
#587=FACE_OUTER_BOUND('',#912,.T.);
#588=FACE_OUTER_BOUND('',#913,.T.);
#589=FACE_OUTER_BOUND('',#914,.T.);
#590=FACE_OUTER_BOUND('',#915,.T.);
#591=FACE_OUTER_BOUND('',#916,.T.);
#592=FACE_OUTER_BOUND('',#917,.T.);
#593=FACE_OUTER_BOUND('',#918,.T.);
#594=FACE_OUTER_BOUND('',#920,.T.);
#595=FACE_OUTER_BOUND('',#921,.T.);
#596=FACE_OUTER_BOUND('',#922,.T.);
#597=FACE_OUTER_BOUND('',#923,.T.);
#598=FACE_OUTER_BOUND('',#924,.T.);
#599=FACE_OUTER_BOUND('',#925,.T.);
#600=FACE_OUTER_BOUND('',#926,.T.);
#601=FACE_OUTER_BOUND('',#927,.T.);
#602=FACE_OUTER_BOUND('',#928,.T.);
#603=FACE_OUTER_BOUND('',#929,.T.);
#604=FACE_OUTER_BOUND('',#930,.T.);
#605=FACE_OUTER_BOUND('',#931,.T.);
#606=FACE_OUTER_BOUND('',#932,.T.);
#607=FACE_OUTER_BOUND('',#933,.T.);
#608=FACE_OUTER_BOUND('',#934,.T.);
#609=FACE_OUTER_BOUND('',#935,.T.);
#610=FACE_OUTER_BOUND('',#936,.T.);
#611=FACE_OUTER_BOUND('',#937,.T.);
#612=FACE_OUTER_BOUND('',#938,.T.);
#613=FACE_OUTER_BOUND('',#939,.T.);
#614=FACE_OUTER_BOUND('',#940,.T.);
#615=FACE_OUTER_BOUND('',#941,.T.);
#616=FACE_OUTER_BOUND('',#942,.T.);
#617=FACE_OUTER_BOUND('',#943,.T.);
#618=FACE_OUTER_BOUND('',#944,.T.);
#619=FACE_OUTER_BOUND('',#945,.T.);
#620=FACE_OUTER_BOUND('',#946,.T.);
#621=FACE_OUTER_BOUND('',#947,.T.);
#622=FACE_OUTER_BOUND('',#948,.T.);
#623=FACE_OUTER_BOUND('',#949,.T.);
#624=FACE_OUTER_BOUND('',#950,.T.);
#625=FACE_OUTER_BOUND('',#951,.T.);
#626=FACE_OUTER_BOUND('',#952,.T.);
#627=FACE_OUTER_BOUND('',#953,.T.);
#628=FACE_OUTER_BOUND('',#954,.T.);
#629=FACE_OUTER_BOUND('',#955,.T.);
#630=FACE_OUTER_BOUND('',#956,.T.);
#631=FACE_OUTER_BOUND('',#957,.T.);
#632=FACE_OUTER_BOUND('',#958,.T.);
#633=FACE_OUTER_BOUND('',#959,.T.);
#634=FACE_OUTER_BOUND('',#961,.T.);
#635=FACE_OUTER_BOUND('',#963,.T.);
#636=FACE_OUTER_BOUND('',#964,.T.);
#637=FACE_OUTER_BOUND('',#965,.T.);
#638=FACE_OUTER_BOUND('',#966,.T.);
#639=FACE_OUTER_BOUND('',#967,.T.);
#640=FACE_OUTER_BOUND('',#968,.T.);
#641=FACE_OUTER_BOUND('',#970,.T.);
#642=FACE_OUTER_BOUND('',#971,.T.);
#643=FACE_OUTER_BOUND('',#973,.T.);
#644=FACE_OUTER_BOUND('',#977,.T.);
#645=FACE_OUTER_BOUND('',#978,.T.);
#646=FACE_OUTER_BOUND('',#979,.T.);
#647=FACE_OUTER_BOUND('',#980,.T.);
#648=FACE_OUTER_BOUND('',#981,.T.);
#649=FACE_OUTER_BOUND('',#982,.T.);
#650=FACE_OUTER_BOUND('',#983,.T.);
#651=FACE_OUTER_BOUND('',#984,.T.);
#652=FACE_OUTER_BOUND('',#985,.T.);
#653=FACE_OUTER_BOUND('',#986,.T.);
#654=FACE_OUTER_BOUND('',#987,.T.);
#655=FACE_OUTER_BOUND('',#988,.T.);
#656=FACE_OUTER_BOUND('',#989,.T.);
#657=FACE_OUTER_BOUND('',#990,.T.);
#658=FACE_OUTER_BOUND('',#991,.T.);
#659=FACE_OUTER_BOUND('',#992,.T.);
#660=FACE_OUTER_BOUND('',#993,.T.);
#661=FACE_OUTER_BOUND('',#994,.T.);
#662=FACE_OUTER_BOUND('',#995,.T.);
#663=FACE_OUTER_BOUND('',#996,.T.);
#664=FACE_OUTER_BOUND('',#997,.T.);
#665=FACE_OUTER_BOUND('',#998,.T.);
#666=FACE_OUTER_BOUND('',#999,.T.);
#667=FACE_OUTER_BOUND('',#1000,.T.);
#668=FACE_OUTER_BOUND('',#1001,.T.);
#669=FACE_OUTER_BOUND('',#1002,.T.);
#670=FACE_OUTER_BOUND('',#1003,.T.);
#671=FACE_OUTER_BOUND('',#1004,.T.);
#672=FACE_OUTER_BOUND('',#1005,.T.);
#673=FACE_OUTER_BOUND('',#1006,.T.);
#674=FACE_OUTER_BOUND('',#1007,.T.);
#675=FACE_OUTER_BOUND('',#1008,.T.);
#676=FACE_OUTER_BOUND('',#1009,.T.);
#677=FACE_OUTER_BOUND('',#1010,.T.);
#678=FACE_OUTER_BOUND('',#1011,.T.);
#679=FACE_OUTER_BOUND('',#1012,.T.);
#680=FACE_OUTER_BOUND('',#1013,.T.);
#681=FACE_OUTER_BOUND('',#1014,.T.);
#682=FACE_OUTER_BOUND('',#1015,.T.);
#683=FACE_OUTER_BOUND('',#1016,.T.);
#684=FACE_OUTER_BOUND('',#1017,.T.);
#685=FACE_OUTER_BOUND('',#1018,.T.);
#686=FACE_OUTER_BOUND('',#1021,.T.);
#687=FACE_OUTER_BOUND('',#1022,.T.);
#688=FACE_OUTER_BOUND('',#1023,.T.);
#689=FACE_OUTER_BOUND('',#1024,.T.);
#690=FACE_OUTER_BOUND('',#1025,.T.);
#691=FACE_OUTER_BOUND('',#1026,.T.);
#692=FACE_OUTER_BOUND('',#1027,.T.);
#693=FACE_OUTER_BOUND('',#1028,.T.);
#694=FACE_OUTER_BOUND('',#1029,.T.);
#695=FACE_OUTER_BOUND('',#1030,.T.);
#696=FACE_OUTER_BOUND('',#1031,.T.);
#697=FACE_OUTER_BOUND('',#1032,.T.);
#698=FACE_OUTER_BOUND('',#1033,.T.);
#699=FACE_OUTER_BOUND('',#1034,.T.);
#700=FACE_OUTER_BOUND('',#1035,.T.);
#701=FACE_OUTER_BOUND('',#1036,.T.);
#702=FACE_OUTER_BOUND('',#1037,.T.);
#703=FACE_OUTER_BOUND('',#1038,.T.);
#704=FACE_OUTER_BOUND('',#1039,.T.);
#705=FACE_OUTER_BOUND('',#1040,.T.);
#706=EDGE_LOOP('',(#3472,#3473,#3474,#3475));
#707=EDGE_LOOP('',(#3476,#3477,#3478,#3479));
#708=EDGE_LOOP('',(#3480,#3481,#3482,#3483));
#709=EDGE_LOOP('',(#3484,#3485,#3486,#3487));
#710=EDGE_LOOP('',(#3488,#3489,#3490,#3491));
#711=EDGE_LOOP('',(#3492,#3493,#3494,#3495));
#712=EDGE_LOOP('',(#3496,#3497));
#713=EDGE_LOOP('',(#3498,#3499,#3500,#3501,#3502,#3503));
#714=EDGE_LOOP('',(#3504,#3505,#3506,#3507,#3508,#3509));
#715=EDGE_LOOP('',(#3510,#3511,#3512,#3513,#3514,#3515,#3516));
#716=EDGE_LOOP('',(#3517,#3518,#3519,#3520,#3521,#3522,#3523,#3524));
#717=EDGE_LOOP('',(#3525,#3526,#3527,#3528,#3529,#3530,#3531,#3532));
#718=EDGE_LOOP('',(#3533,#3534,#3535,#3536,#3537,#3538,#3539));
#719=EDGE_LOOP('',(#3540,#3541));
#720=EDGE_LOOP('',(#3542,#3543));
#721=EDGE_LOOP('',(#3544,#3545,#3546,#3547,#3548,#3549));
#722=EDGE_LOOP('',(#3550,#3551,#3552,#3553));
#723=EDGE_LOOP('',(#3554));
#724=EDGE_LOOP('',(#3555,#3556,#3557,#3558));
#725=EDGE_LOOP('',(#3559,#3560,#3561,#3562));
#726=EDGE_LOOP('',(#3563,#3564,#3565,#3566));
#727=EDGE_LOOP('',(#3567,#3568,#3569,#3570));
#728=EDGE_LOOP('',(#3571,#3572,#3573,#3574));
#729=EDGE_LOOP('',(#3575,#3576,#3577,#3578));
#730=EDGE_LOOP('',(#3579,#3580,#3581,#3582));
#731=EDGE_LOOP('',(#3583,#3584,#3585,#3586));
#732=EDGE_LOOP('',(#3587,#3588,#3589,#3590));
#733=EDGE_LOOP('',(#3591,#3592,#3593,#3594));
#734=EDGE_LOOP('',(#3595,#3596,#3597,#3598,#3599,#3600,#3601,#3602,#3603,
#3604));
#735=EDGE_LOOP('',(#3605,#3606,#3607,#3608));
#736=EDGE_LOOP('',(#3609,#3610,#3611,#3612));
#737=EDGE_LOOP('',(#3613,#3614,#3615,#3616));
#738=EDGE_LOOP('',(#3617,#3618,#3619,#3620));
#739=EDGE_LOOP('',(#3621,#3622,#3623,#3624));
#740=EDGE_LOOP('',(#3625,#3626,#3627,#3628));
#741=EDGE_LOOP('',(#3629,#3630,#3631,#3632));
#742=EDGE_LOOP('',(#3633,#3634,#3635,#3636));
#743=EDGE_LOOP('',(#3637,#3638,#3639,#3640));
#744=EDGE_LOOP('',(#3641,#3642,#3643,#3644));
#745=EDGE_LOOP('',(#3645,#3646,#3647,#3648));
#746=EDGE_LOOP('',(#3649,#3650,#3651,#3652));
#747=EDGE_LOOP('',(#3653,#3654,#3655,#3656,#3657,#3658,#3659,#3660));
#748=EDGE_LOOP('',(#3661,#3662,#3663,#3664));
#749=EDGE_LOOP('',(#3665,#3666,#3667,#3668));
#750=EDGE_LOOP('',(#3669,#3670,#3671,#3672));
#751=EDGE_LOOP('',(#3673,#3674,#3675,#3676));
#752=EDGE_LOOP('',(#3677,#3678,#3679,#3680));
#753=EDGE_LOOP('',(#3681,#3682,#3683,#3684));
#754=EDGE_LOOP('',(#3685,#3686,#3687,#3688));
#755=EDGE_LOOP('',(#3689,#3690,#3691,#3692));
#756=EDGE_LOOP('',(#3693,#3694,#3695,#3696));
#757=EDGE_LOOP('',(#3697,#3698,#3699,#3700));
#758=EDGE_LOOP('',(#3701,#3702,#3703,#3704));
#759=EDGE_LOOP('',(#3705,#3706,#3707,#3708));
#760=EDGE_LOOP('',(#3709,#3710,#3711,#3712));
#761=EDGE_LOOP('',(#3713,#3714,#3715,#3716,#3717,#3718,#3719,#3720,#3721,
#3722,#3723,#3724));
#762=EDGE_LOOP('',(#3725,#3726,#3727,#3728));
#763=EDGE_LOOP('',(#3729,#3730,#3731,#3732));
#764=EDGE_LOOP('',(#3733,#3734,#3735,#3736));
#765=EDGE_LOOP('',(#3737,#3738,#3739,#3740));
#766=EDGE_LOOP('',(#3741,#3742,#3743,#3744));
#767=EDGE_LOOP('',(#3745,#3746,#3747,#3748));
#768=EDGE_LOOP('',(#3749,#3750,#3751,#3752));
#769=EDGE_LOOP('',(#3753,#3754,#3755,#3756));
#770=EDGE_LOOP('',(#3757,#3758,#3759,#3760));
#771=EDGE_LOOP('',(#3761,#3762,#3763,#3764));
#772=EDGE_LOOP('',(#3765,#3766,#3767,#3768));
#773=EDGE_LOOP('',(#3769,#3770,#3771,#3772));
#774=EDGE_LOOP('',(#3773,#3774,#3775,#3776,#3777,#3778,#3779,#3780,#3781,
#3782,#3783,#3784));
#775=EDGE_LOOP('',(#3785,#3786,#3787,#3788));
#776=EDGE_LOOP('',(#3789,#3790,#3791,#3792));
#777=EDGE_LOOP('',(#3793,#3794,#3795,#3796));
#778=EDGE_LOOP('',(#3797,#3798,#3799,#3800));
#779=EDGE_LOOP('',(#3801,#3802,#3803,#3804));
#780=EDGE_LOOP('',(#3805,#3806,#3807,#3808));
#781=EDGE_LOOP('',(#3809,#3810,#3811,#3812));
#782=EDGE_LOOP('',(#3813,#3814,#3815,#3816));
#783=EDGE_LOOP('',(#3817,#3818,#3819,#3820));
#784=EDGE_LOOP('',(#3821,#3822,#3823,#3824));
#785=EDGE_LOOP('',(#3825,#3826,#3827,#3828));
#786=EDGE_LOOP('',(#3829,#3830,#3831,#3832));
#787=EDGE_LOOP('',(#3833,#3834,#3835,#3836));
#788=EDGE_LOOP('',(#3837,#3838,#3839,#3840));
#789=EDGE_LOOP('',(#3841,#3842,#3843,#3844));
#790=EDGE_LOOP('',(#3845,#3846,#3847,#3848));
#791=EDGE_LOOP('',(#3849,#3850,#3851,#3852));
#792=EDGE_LOOP('',(#3853,#3854,#3855,#3856,#3857,#3858,#3859));
#793=EDGE_LOOP('',(#3860,#3861,#3862,#3863,#3864));
#794=EDGE_LOOP('',(#3865,#3866,#3867,#3868,#3869));
#795=EDGE_LOOP('',(#3870,#3871,#3872,#3873));
#796=EDGE_LOOP('',(#3874,#3875,#3876,#3877));
#797=EDGE_LOOP('',(#3878,#3879,#3880,#3881));
#798=EDGE_LOOP('',(#3882,#3883,#3884,#3885));
#799=EDGE_LOOP('',(#3886,#3887,#3888,#3889));
#800=EDGE_LOOP('',(#3890,#3891,#3892,#3893));
#801=EDGE_LOOP('',(#3894,#3895,#3896,#3897));
#802=EDGE_LOOP('',(#3898,#3899,#3900,#3901));
#803=EDGE_LOOP('',(#3902,#3903,#3904,#3905));
#804=EDGE_LOOP('',(#3906,#3907,#3908,#3909));
#805=EDGE_LOOP('',(#3910,#3911,#3912,#3913));
#806=EDGE_LOOP('',(#3914,#3915,#3916,#3917));
#807=EDGE_LOOP('',(#3918,#3919,#3920,#3921));
#808=EDGE_LOOP('',(#3922,#3923,#3924,#3925));
#809=EDGE_LOOP('',(#3926,#3927,#3928,#3929));
#810=EDGE_LOOP('',(#3930,#3931,#3932,#3933,#3934,#3935,#3936,#3937,#3938,
#3939,#3940,#3941,#3942,#3943,#3944));
#811=EDGE_LOOP('',(#3945,#3946,#3947,#3948));
#812=EDGE_LOOP('',(#3949,#3950,#3951,#3952));
#813=EDGE_LOOP('',(#3953,#3954,#3955,#3956));
#814=EDGE_LOOP('',(#3957,#3958,#3959,#3960));
#815=EDGE_LOOP('',(#3961,#3962,#3963,#3964));
#816=EDGE_LOOP('',(#3965,#3966,#3967,#3968));
#817=EDGE_LOOP('',(#3969,#3970,#3971,#3972));
#818=EDGE_LOOP('',(#3973,#3974,#3975,#3976));
#819=EDGE_LOOP('',(#3977,#3978,#3979,#3980));
#820=EDGE_LOOP('',(#3981,#3982,#3983,#3984));
#821=EDGE_LOOP('',(#3985,#3986,#3987,#3988));
#822=EDGE_LOOP('',(#3989,#3990,#3991,#3992));
#823=EDGE_LOOP('',(#3993,#3994,#3995,#3996,#3997,#3998,#3999,#4000,#4001,
#4002,#4003,#4004));
#824=EDGE_LOOP('',(#4005,#4006,#4007,#4008));
#825=EDGE_LOOP('',(#4009,#4010,#4011,#4012));
#826=EDGE_LOOP('',(#4013,#4014,#4015,#4016));
#827=EDGE_LOOP('',(#4017,#4018,#4019,#4020));
#828=EDGE_LOOP('',(#4021,#4022,#4023,#4024));
#829=EDGE_LOOP('',(#4025,#4026,#4027,#4028));
#830=EDGE_LOOP('',(#4029,#4030,#4031,#4032));
#831=EDGE_LOOP('',(#4033,#4034,#4035,#4036));
#832=EDGE_LOOP('',(#4037,#4038,#4039,#4040));
#833=EDGE_LOOP('',(#4041,#4042,#4043,#4044));
#834=EDGE_LOOP('',(#4045,#4046,#4047,#4048,#4049,#4050,#4051,#4052,#4053,
#4054));
#835=EDGE_LOOP('',(#4055,#4056,#4057,#4058));
#836=EDGE_LOOP('',(#4059,#4060,#4061,#4062,#4063,#4064,#4065,#4066,#4067,
#4068));
#837=EDGE_LOOP('',(#4069,#4070,#4071,#4072,#4073,#4074,#4075,#4076,#4077,
#4078,#4079,#4080));
#838=EDGE_LOOP('',(#4081,#4082,#4083,#4084,#4085,#4086,#4087,#4088,#4089,
#4090,#4091,#4092,#4093,#4094,#4095));
#839=EDGE_LOOP('',(#4096,#4097,#4098,#4099,#4100,#4101,#4102));
#840=EDGE_LOOP('',(#4103,#4104,#4105,#4106,#4107,#4108,#4109,#4110,#4111,
#4112,#4113,#4114));
#841=EDGE_LOOP('',(#4115,#4116,#4117,#4118,#4119,#4120,#4121,#4122,#4123,
#4124,#4125,#4126));
#842=EDGE_LOOP('',(#4127,#4128,#4129,#4130,#4131,#4132,#4133,#4134));
#843=EDGE_LOOP('',(#4135,#4136,#4137,#4138,#4139,#4140,#4141,#4142,#4143,
#4144));
#844=EDGE_LOOP('',(#4145,#4146,#4147,#4148,#4149));
#845=EDGE_LOOP('',(#4150,#4151,#4152,#4153,#4154));
#846=EDGE_LOOP('',(#4155,#4156,#4157,#4158,#4159));
#847=EDGE_LOOP('',(#4160,#4161,#4162,#4163));
#848=EDGE_LOOP('',(#4164,#4165,#4166,#4167,#4168,#4169,#4170,#4171,#4172,
#4173,#4174,#4175,#4176));
#849=EDGE_LOOP('',(#4177,#4178,#4179,#4180,#4181));
#850=EDGE_LOOP('',(#4182,#4183,#4184,#4185));
#851=EDGE_LOOP('',(#4186,#4187,#4188,#4189,#4190,#4191));
#852=EDGE_LOOP('',(#4192,#4193,#4194,#4195,#4196));
#853=EDGE_LOOP('',(#4197,#4198,#4199,#4200));
#854=EDGE_LOOP('',(#4201,#4202,#4203,#4204,#4205,#4206));
#855=EDGE_LOOP('',(#4207,#4208,#4209,#4210,#4211,#4212));
#856=EDGE_LOOP('',(#4213,#4214,#4215,#4216));
#857=EDGE_LOOP('',(#4217,#4218,#4219,#4220));
#858=EDGE_LOOP('',(#4221,#4222,#4223,#4224,#4225));
#859=EDGE_LOOP('',(#4226,#4227,#4228,#4229));
#860=EDGE_LOOP('',(#4230,#4231,#4232,#4233,#4234,#4235));
#861=EDGE_LOOP('',(#4236,#4237,#4238));
#862=EDGE_LOOP('',(#4239,#4240,#4241,#4242));
#863=EDGE_LOOP('',(#4243,#4244,#4245,#4246));
#864=EDGE_LOOP('',(#4247,#4248,#4249,#4250));
#865=EDGE_LOOP('',(#4251,#4252,#4253,#4254));
#866=EDGE_LOOP('',(#4255,#4256,#4257,#4258,#4259,#4260,#4261,#4262));
#867=EDGE_LOOP('',(#4263,#4264,#4265,#4266,#4267));
#868=EDGE_LOOP('',(#4268,#4269,#4270,#4271));
#869=EDGE_LOOP('',(#4272,#4273,#4274,#4275,#4276));
#870=EDGE_LOOP('',(#4277,#4278,#4279,#4280));
#871=EDGE_LOOP('',(#4281,#4282,#4283,#4284,#4285));
#872=EDGE_LOOP('',(#4286,#4287,#4288,#4289,#4290));
#873=EDGE_LOOP('',(#4291,#4292,#4293,#4294,#4295,#4296,#4297));
#874=EDGE_LOOP('',(#4298,#4299,#4300,#4301));
#875=EDGE_LOOP('',(#4302,#4303,#4304,#4305));
#876=EDGE_LOOP('',(#4306,#4307,#4308,#4309));
#877=EDGE_LOOP('',(#4310,#4311,#4312,#4313,#4314));
#878=EDGE_LOOP('',(#4315,#4316,#4317,#4318));
#879=EDGE_LOOP('',(#4319,#4320,#4321,#4322,#4323));
#880=EDGE_LOOP('',(#4324,#4325,#4326,#4327,#4328));
#881=EDGE_LOOP('',(#4329,#4330,#4331,#4332,#4333));
#882=EDGE_LOOP('',(#4334,#4335,#4336,#4337,#4338,#4339,#4340,#4341));
#883=EDGE_LOOP('',(#4342,#4343,#4344,#4345));
#884=EDGE_LOOP('',(#4346,#4347,#4348,#4349));
#885=EDGE_LOOP('',(#4350,#4351,#4352,#4353));
#886=EDGE_LOOP('',(#4354,#4355,#4356,#4357));
#887=EDGE_LOOP('',(#4358,#4359,#4360,#4361));
#888=EDGE_LOOP('',(#4362,#4363,#4364,#4365));
#889=EDGE_LOOP('',(#4366,#4367,#4368,#4369));
#890=EDGE_LOOP('',(#4370,#4371,#4372,#4373));
#891=EDGE_LOOP('',(#4374,#4375,#4376,#4377));
#892=EDGE_LOOP('',(#4378,#4379,#4380,#4381,#4382));
#893=EDGE_LOOP('',(#4383,#4384,#4385,#4386));
#894=EDGE_LOOP('',(#4387,#4388,#4389,#4390));
#895=EDGE_LOOP('',(#4391,#4392,#4393,#4394));
#896=EDGE_LOOP('',(#4395,#4396,#4397,#4398));
#897=EDGE_LOOP('',(#4399,#4400,#4401,#4402));
#898=EDGE_LOOP('',(#4403,#4404,#4405,#4406));
#899=EDGE_LOOP('',(#4407,#4408,#4409,#4410));
#900=EDGE_LOOP('',(#4411,#4412,#4413,#4414));
#901=EDGE_LOOP('',(#4415,#4416,#4417,#4418));
#902=EDGE_LOOP('',(#4419,#4420,#4421,#4422));
#903=EDGE_LOOP('',(#4423,#4424,#4425,#4426));
#904=EDGE_LOOP('',(#4427,#4428,#4429,#4430));
#905=EDGE_LOOP('',(#4431,#4432,#4433,#4434));
#906=EDGE_LOOP('',(#4435,#4436,#4437,#4438));
#907=EDGE_LOOP('',(#4439,#4440,#4441,#4442));
#908=EDGE_LOOP('',(#4443,#4444,#4445,#4446));
#909=EDGE_LOOP('',(#4447,#4448,#4449,#4450));
#910=EDGE_LOOP('',(#4451,#4452,#4453,#4454));
#911=EDGE_LOOP('',(#4455,#4456,#4457,#4458));
#912=EDGE_LOOP('',(#4459,#4460,#4461,#4462,#4463,#4464,#4465,#4466,#4467,
#4468,#4469,#4470,#4471));
#913=EDGE_LOOP('',(#4472,#4473,#4474,#4475));
#914=EDGE_LOOP('',(#4476,#4477,#4478,#4479,#4480,#4481,#4482,#4483,#4484,
#4485,#4486,#4487));
#915=EDGE_LOOP('',(#4488,#4489,#4490,#4491));
#916=EDGE_LOOP('',(#4492,#4493,#4494,#4495));
#917=EDGE_LOOP('',(#4496,#4497,#4498,#4499));
#918=EDGE_LOOP('',(#4500,#4501,#4502,#4503));
#919=EDGE_LOOP('',(#4504));
#920=EDGE_LOOP('',(#4505,#4506,#4507,#4508));
#921=EDGE_LOOP('',(#4509,#4510,#4511,#4512,#4513));
#922=EDGE_LOOP('',(#4514,#4515,#4516,#4517,#4518,#4519,#4520,#4521));
#923=EDGE_LOOP('',(#4522,#4523,#4524,#4525));
#924=EDGE_LOOP('',(#4526,#4527,#4528,#4529));
#925=EDGE_LOOP('',(#4530,#4531,#4532,#4533));
#926=EDGE_LOOP('',(#4534,#4535,#4536,#4537));
#927=EDGE_LOOP('',(#4538,#4539,#4540,#4541));
#928=EDGE_LOOP('',(#4542,#4543,#4544,#4545,#4546));
#929=EDGE_LOOP('',(#4547,#4548,#4549,#4550));
#930=EDGE_LOOP('',(#4551,#4552,#4553,#4554));
#931=EDGE_LOOP('',(#4555,#4556,#4557,#4558));
#932=EDGE_LOOP('',(#4559,#4560,#4561,#4562));
#933=EDGE_LOOP('',(#4563,#4564,#4565,#4566));
#934=EDGE_LOOP('',(#4567,#4568,#4569,#4570));
#935=EDGE_LOOP('',(#4571,#4572,#4573,#4574));
#936=EDGE_LOOP('',(#4575,#4576,#4577,#4578));
#937=EDGE_LOOP('',(#4579,#4580,#4581,#4582));
#938=EDGE_LOOP('',(#4583,#4584,#4585,#4586));
#939=EDGE_LOOP('',(#4587,#4588,#4589,#4590));
#940=EDGE_LOOP('',(#4591,#4592,#4593,#4594));
#941=EDGE_LOOP('',(#4595,#4596,#4597,#4598));
#942=EDGE_LOOP('',(#4599,#4600,#4601,#4602));
#943=EDGE_LOOP('',(#4603,#4604,#4605,#4606));
#944=EDGE_LOOP('',(#4607,#4608,#4609,#4610));
#945=EDGE_LOOP('',(#4611,#4612,#4613,#4614));
#946=EDGE_LOOP('',(#4615,#4616,#4617,#4618));
#947=EDGE_LOOP('',(#4619,#4620,#4621,#4622));
#948=EDGE_LOOP('',(#4623,#4624,#4625,#4626));
#949=EDGE_LOOP('',(#4627,#4628,#4629,#4630));
#950=EDGE_LOOP('',(#4631,#4632,#4633,#4634));
#951=EDGE_LOOP('',(#4635,#4636,#4637,#4638,#4639));
#952=EDGE_LOOP('',(#4640,#4641,#4642,#4643));
#953=EDGE_LOOP('',(#4644,#4645,#4646,#4647));
#954=EDGE_LOOP('',(#4648,#4649,#4650,#4651));
#955=EDGE_LOOP('',(#4652,#4653,#4654,#4655));
#956=EDGE_LOOP('',(#4656,#4657,#4658,#4659));
#957=EDGE_LOOP('',(#4660,#4661,#4662,#4663));
#958=EDGE_LOOP('',(#4664,#4665,#4666,#4667));
#959=EDGE_LOOP('',(#4668,#4669,#4670,#4671,#4672,#4673,#4674,#4675));
#960=EDGE_LOOP('',(#4676));
#961=EDGE_LOOP('',(#4677,#4678,#4679,#4680,#4681,#4682,#4683,#4684));
#962=EDGE_LOOP('',(#4685));
#963=EDGE_LOOP('',(#4686,#4687,#4688,#4689));
#964=EDGE_LOOP('',(#4690,#4691,#4692,#4693));
#965=EDGE_LOOP('',(#4694,#4695,#4696,#4697,#4698,#4699,#4700));
#966=EDGE_LOOP('',(#4701,#4702,#4703,#4704,#4705,#4706,#4707));
#967=EDGE_LOOP('',(#4708,#4709,#4710,#4711,#4712,#4713));
#968=EDGE_LOOP('',(#4714,#4715));
#969=EDGE_LOOP('',(#4716,#4717));
#970=EDGE_LOOP('',(#4718,#4719,#4720,#4721,#4722,#4723));
#971=EDGE_LOOP('',(#4724,#4725));
#972=EDGE_LOOP('',(#4726,#4727));
#973=EDGE_LOOP('',(#4728,#4729,#4730,#4731,#4732,#4733,#4734,#4735));
#974=EDGE_LOOP('',(#4736));
#975=EDGE_LOOP('',(#4737));
#976=EDGE_LOOP('',(#4738,#4739));
#977=EDGE_LOOP('',(#4740,#4741,#4742,#4743));
#978=EDGE_LOOP('',(#4744,#4745,#4746,#4747,#4748));
#979=EDGE_LOOP('',(#4749,#4750,#4751,#4752));
#980=EDGE_LOOP('',(#4753,#4754,#4755,#4756,#4757));
#981=EDGE_LOOP('',(#4758,#4759,#4760,#4761));
#982=EDGE_LOOP('',(#4762,#4763,#4764,#4765,#4766));
#983=EDGE_LOOP('',(#4767,#4768,#4769,#4770));
#984=EDGE_LOOP('',(#4771,#4772,#4773,#4774,#4775));
#985=EDGE_LOOP('',(#4776,#4777,#4778));
#986=EDGE_LOOP('',(#4779,#4780,#4781,#4782));
#987=EDGE_LOOP('',(#4783,#4784,#4785,#4786));
#988=EDGE_LOOP('',(#4787,#4788,#4789,#4790));
#989=EDGE_LOOP('',(#4791,#4792,#4793,#4794));
#990=EDGE_LOOP('',(#4795,#4796,#4797,#4798));
#991=EDGE_LOOP('',(#4799,#4800,#4801,#4802,#4803));
#992=EDGE_LOOP('',(#4804,#4805,#4806,#4807));
#993=EDGE_LOOP('',(#4808,#4809,#4810,#4811,#4812,#4813,#4814,#4815,#4816,
#4817,#4818,#4819,#4820,#4821,#4822));
#994=EDGE_LOOP('',(#4823,#4824,#4825,#4826));
#995=EDGE_LOOP('',(#4827,#4828,#4829,#4830,#4831));
#996=EDGE_LOOP('',(#4832,#4833,#4834,#4835));
#997=EDGE_LOOP('',(#4836,#4837,#4838,#4839,#4840,#4841,#4842,#4843));
#998=EDGE_LOOP('',(#4844,#4845,#4846));
#999=EDGE_LOOP('',(#4847,#4848,#4849,#4850));
#1000=EDGE_LOOP('',(#4851,#4852,#4853,#4854));
#1001=EDGE_LOOP('',(#4855,#4856,#4857,#4858));
#1002=EDGE_LOOP('',(#4859,#4860,#4861,#4862));
#1003=EDGE_LOOP('',(#4863,#4864,#4865,#4866));
#1004=EDGE_LOOP('',(#4867,#4868,#4869,#4870,#4871));
#1005=EDGE_LOOP('',(#4872,#4873,#4874,#4875));
#1006=EDGE_LOOP('',(#4876,#4877,#4878,#4879,#4880,#4881,#4882,#4883,#4884,
#4885));
#1007=EDGE_LOOP('',(#4886,#4887,#4888,#4889));
#1008=EDGE_LOOP('',(#4890));
#1009=EDGE_LOOP('',(#4891,#4892,#4893,#4894));
#1010=EDGE_LOOP('',(#4895,#4896,#4897,#4898));
#1011=EDGE_LOOP('',(#4899,#4900,#4901,#4902));
#1012=EDGE_LOOP('',(#4903,#4904,#4905,#4906));
#1013=EDGE_LOOP('',(#4907,#4908,#4909,#4910));
#1014=EDGE_LOOP('',(#4911,#4912,#4913,#4914,#4915));
#1015=EDGE_LOOP('',(#4916,#4917,#4918,#4919,#4920));
#1016=EDGE_LOOP('',(#4921,#4922,#4923,#4924));
#1017=EDGE_LOOP('',(#4925,#4926,#4927,#4928));
#1018=EDGE_LOOP('',(#4929,#4930,#4931,#4932,#4933,#4934,#4935,#4936));
#1019=EDGE_LOOP('',(#4937));
#1020=EDGE_LOOP('',(#4938));
#1021=EDGE_LOOP('',(#4939));
#1022=EDGE_LOOP('',(#4940));
#1023=EDGE_LOOP('',(#4941,#4942,#4943,#4944,#4945));
#1024=EDGE_LOOP('',(#4946,#4947,#4948,#4949,#4950,#4951));
#1025=EDGE_LOOP('',(#4952,#4953,#4954,#4955,#4956));
#1026=EDGE_LOOP('',(#4957,#4958,#4959,#4960,#4961,#4962,#4963,#4964));
#1027=EDGE_LOOP('',(#4965,#4966,#4967,#4968,#4969,#4970,#4971,#4972));
#1028=EDGE_LOOP('',(#4973));
#1029=EDGE_LOOP('',(#4974,#4975,#4976,#4977,#4978,#4979));
#1030=EDGE_LOOP('',(#4980,#4981,#4982,#4983,#4984));
#1031=EDGE_LOOP('',(#4985));
#1032=EDGE_LOOP('',(#4986,#4987,#4988,#4989));
#1033=EDGE_LOOP('',(#4990,#4991,#4992,#4993));
#1034=EDGE_LOOP('',(#4994,#4995,#4996,#4997));
#1035=EDGE_LOOP('',(#4998,#4999,#5000,#5001,#5002,#5003));
#1036=EDGE_LOOP('',(#5004,#5005,#5006,#5007));
#1037=EDGE_LOOP('',(#5008,#5009,#5010,#5011,#5012));
#1038=EDGE_LOOP('',(#5013,#5014,#5015,#5016));
#1039=EDGE_LOOP('',(#5017,#5018,#5019,#5020,#5021,#5022));
#1040=EDGE_LOOP('',(#5023,#5024,#5025,#5026,#5027,#5028,#5029,#5030));
#1041=EDGE_LOOP('',(#5031));
#1042=LINE('',#7662,#1520);
#1043=LINE('',#7665,#1521);
#1044=LINE('',#7668,#1522);
#1045=LINE('',#7670,#1523);
#1046=LINE('',#7671,#1524);
#1047=LINE('',#7676,#1525);
#1048=LINE('',#7679,#1526);
#1049=LINE('',#7680,#1527);
#1050=LINE('',#7694,#1528);
#1051=LINE('',#7700,#1529);
#1052=LINE('',#7707,#1530);
#1053=LINE('',#7723,#1531);
#1054=LINE('',#7741,#1532);
#1055=LINE('',#7746,#1533);
#1056=LINE('',#7752,#1534);
#1057=LINE('',#7754,#1535);
#1058=LINE('',#7756,#1536);
#1059=LINE('',#7757,#1537);
#1060=LINE('',#7760,#1538);
#1061=LINE('',#7762,#1539);
#1062=LINE('',#7763,#1540);
#1063=LINE('',#7766,#1541);
#1064=LINE('',#7768,#1542);
#1065=LINE('',#7769,#1543);
#1066=LINE('',#7772,#1544);
#1067=LINE('',#7774,#1545);
#1068=LINE('',#7775,#1546);
#1069=LINE('',#7778,#1547);
#1070=LINE('',#7780,#1548);
#1071=LINE('',#7781,#1549);
#1072=LINE('',#7784,#1550);
#1073=LINE('',#7786,#1551);
#1074=LINE('',#7787,#1552);
#1075=LINE('',#7790,#1553);
#1076=LINE('',#7792,#1554);
#1077=LINE('',#7793,#1555);
#1078=LINE('',#7796,#1556);
#1079=LINE('',#7798,#1557);
#1080=LINE('',#7799,#1558);
#1081=LINE('',#7802,#1559);
#1082=LINE('',#7804,#1560);
#1083=LINE('',#7805,#1561);
#1084=LINE('',#7807,#1562);
#1085=LINE('',#7808,#1563);
#1086=LINE('',#7825,#1564);
#1087=LINE('',#7831,#1565);
#1088=LINE('',#7850,#1566);
#1089=LINE('',#7869,#1567);
#1090=LINE('',#7901,#1568);
#1091=LINE('',#7907,#1569);
#1092=LINE('',#7922,#1570);
#1093=LINE('',#7941,#1571);
#1094=LINE('',#7960,#1572);
#1095=LINE('',#7979,#1573);
#1096=LINE('',#7998,#1574);
#1097=LINE('',#8017,#1575);
#1098=LINE('',#8042,#1576);
#1099=LINE('',#8044,#1577);
#1100=LINE('',#8046,#1578);
#1101=LINE('',#8047,#1579);
#1102=LINE('',#8050,#1580);
#1103=LINE('',#8052,#1581);
#1104=LINE('',#8053,#1582);
#1105=LINE('',#8056,#1583);
#1106=LINE('',#8058,#1584);
#1107=LINE('',#8059,#1585);
#1108=LINE('',#8062,#1586);
#1109=LINE('',#8064,#1587);
#1110=LINE('',#8065,#1588);
#1111=LINE('',#8068,#1589);
#1112=LINE('',#8070,#1590);
#1113=LINE('',#8071,#1591);
#1114=LINE('',#8074,#1592);
#1115=LINE('',#8076,#1593);
#1116=LINE('',#8077,#1594);
#1117=LINE('',#8080,#1595);
#1118=LINE('',#8082,#1596);
#1119=LINE('',#8083,#1597);
#1120=LINE('',#8086,#1598);
#1121=LINE('',#8088,#1599);
#1122=LINE('',#8089,#1600);
#1123=LINE('',#8092,#1601);
#1124=LINE('',#8094,#1602);
#1125=LINE('',#8095,#1603);
#1126=LINE('',#8098,#1604);
#1127=LINE('',#8100,#1605);
#1128=LINE('',#8101,#1606);
#1129=LINE('',#8104,#1607);
#1130=LINE('',#8106,#1608);
#1131=LINE('',#8107,#1609);
#1132=LINE('',#8109,#1610);
#1133=LINE('',#8110,#1611);
#1134=LINE('',#8115,#1612);
#1135=LINE('',#8117,#1613);
#1136=LINE('',#8119,#1614);
#1137=LINE('',#8120,#1615);
#1138=LINE('',#8123,#1616);
#1139=LINE('',#8125,#1617);
#1140=LINE('',#8126,#1618);
#1141=LINE('',#8129,#1619);
#1142=LINE('',#8131,#1620);
#1143=LINE('',#8132,#1621);
#1144=LINE('',#8135,#1622);
#1145=LINE('',#8137,#1623);
#1146=LINE('',#8138,#1624);
#1147=LINE('',#8141,#1625);
#1148=LINE('',#8143,#1626);
#1149=LINE('',#8144,#1627);
#1150=LINE('',#8147,#1628);
#1151=LINE('',#8149,#1629);
#1152=LINE('',#8150,#1630);
#1153=LINE('',#8153,#1631);
#1154=LINE('',#8155,#1632);
#1155=LINE('',#8156,#1633);
#1156=LINE('',#8159,#1634);
#1157=LINE('',#8161,#1635);
#1158=LINE('',#8162,#1636);
#1159=LINE('',#8165,#1637);
#1160=LINE('',#8167,#1638);
#1161=LINE('',#8168,#1639);
#1162=LINE('',#8171,#1640);
#1163=LINE('',#8173,#1641);
#1164=LINE('',#8174,#1642);
#1165=LINE('',#8177,#1643);
#1166=LINE('',#8179,#1644);
#1167=LINE('',#8180,#1645);
#1168=LINE('',#8182,#1646);
#1169=LINE('',#8183,#1647);
#1170=LINE('',#8200,#1648);
#1171=LINE('',#8206,#1649);
#1172=LINE('',#8225,#1650);
#1173=LINE('',#8228,#1651);
#1174=LINE('',#8230,#1652);
#1175=LINE('',#8231,#1653);
#1176=LINE('',#8234,#1654);
#1177=LINE('',#8236,#1655);
#1178=LINE('',#8237,#1656);
#1179=LINE('',#8239,#1657);
#1180=LINE('',#8240,#1658);
#1181=LINE('',#8256,#1659);
#1182=LINE('',#8262,#1660);
#1183=LINE('',#8281,#1661);
#1184=LINE('',#8284,#1662);
#1185=LINE('',#8286,#1663);
#1186=LINE('',#8287,#1664);
#1187=LINE('',#8290,#1665);
#1188=LINE('',#8292,#1666);
#1189=LINE('',#8293,#1667);
#1190=LINE('',#8295,#1668);
#1191=LINE('',#8296,#1669);
#1192=LINE('',#8300,#1670);
#1193=LINE('',#8302,#1671);
#1194=LINE('',#8304,#1672);
#1195=LINE('',#8305,#1673);
#1196=LINE('',#8320,#1674);
#1197=LINE('',#8339,#1675);
#1198=LINE('',#8358,#1676);
#1199=LINE('',#8377,#1677);
#1200=LINE('',#8384,#1678);
#1201=LINE('',#8386,#1679);
#1202=LINE('',#8387,#1680);
#1203=LINE('',#8389,#1681);
#1204=LINE('',#8390,#1682);
#1205=LINE('',#8395,#1683);
#1206=LINE('',#8397,#1684);
#1207=LINE('',#8399,#1685);
#1208=LINE('',#8400,#1686);
#1209=LINE('',#8415,#1687);
#1210=LINE('',#8434,#1688);
#1211=LINE('',#8453,#1689);
#1212=LINE('',#8472,#1690);
#1213=LINE('',#8479,#1691);
#1214=LINE('',#8481,#1692);
#1215=LINE('',#8482,#1693);
#1216=LINE('',#8485,#1694);
#1217=LINE('',#8487,#1695);
#1218=LINE('',#8488,#1696);
#1219=LINE('',#8503,#1697);
#1220=LINE('',#8522,#1698);
#1221=LINE('',#8541,#1699);
#1222=LINE('',#8560,#1700);
#1223=LINE('',#8579,#1701);
#1224=LINE('',#8598,#1702);
#1225=LINE('',#8617,#1703);
#1226=LINE('',#8623,#1704);
#1227=LINE('',#8624,#1705);
#1228=LINE('',#8629,#1706);
#1229=LINE('',#8631,#1707);
#1230=LINE('',#8633,#1708);
#1231=LINE('',#8634,#1709);
#1232=LINE('',#8637,#1710);
#1233=LINE('',#8639,#1711);
#1234=LINE('',#8640,#1712);
#1235=LINE('',#8643,#1713);
#1236=LINE('',#8645,#1714);
#1237=LINE('',#8646,#1715);
#1238=LINE('',#8649,#1716);
#1239=LINE('',#8651,#1717);
#1240=LINE('',#8652,#1718);
#1241=LINE('',#8655,#1719);
#1242=LINE('',#8657,#1720);
#1243=LINE('',#8658,#1721);
#1244=LINE('',#8661,#1722);
#1245=LINE('',#8663,#1723);
#1246=LINE('',#8664,#1724);
#1247=LINE('',#8667,#1725);
#1248=LINE('',#8669,#1726);
#1249=LINE('',#8670,#1727);
#1250=LINE('',#8673,#1728);
#1251=LINE('',#8675,#1729);
#1252=LINE('',#8676,#1730);
#1253=LINE('',#8679,#1731);
#1254=LINE('',#8681,#1732);
#1255=LINE('',#8682,#1733);
#1256=LINE('',#8685,#1734);
#1257=LINE('',#8687,#1735);
#1258=LINE('',#8688,#1736);
#1259=LINE('',#8691,#1737);
#1260=LINE('',#8693,#1738);
#1261=LINE('',#8694,#1739);
#1262=LINE('',#8696,#1740);
#1263=LINE('',#8697,#1741);
#1264=LINE('',#8702,#1742);
#1265=LINE('',#8704,#1743);
#1266=LINE('',#8706,#1744);
#1267=LINE('',#8707,#1745);
#1268=LINE('',#8710,#1746);
#1269=LINE('',#8712,#1747);
#1270=LINE('',#8713,#1748);
#1271=LINE('',#8716,#1749);
#1272=LINE('',#8718,#1750);
#1273=LINE('',#8719,#1751);
#1274=LINE('',#8722,#1752);
#1275=LINE('',#8724,#1753);
#1276=LINE('',#8725,#1754);
#1277=LINE('',#8728,#1755);
#1278=LINE('',#8730,#1756);
#1279=LINE('',#8731,#1757);
#1280=LINE('',#8734,#1758);
#1281=LINE('',#8736,#1759);
#1282=LINE('',#8737,#1760);
#1283=LINE('',#8740,#1761);
#1284=LINE('',#8742,#1762);
#1285=LINE('',#8743,#1763);
#1286=LINE('',#8746,#1764);
#1287=LINE('',#8748,#1765);
#1288=LINE('',#8749,#1766);
#1289=LINE('',#8752,#1767);
#1290=LINE('',#8754,#1768);
#1291=LINE('',#8755,#1769);
#1292=LINE('',#8757,#1770);
#1293=LINE('',#8758,#1771);
#1294=LINE('',#8763,#1772);
#1295=LINE('',#8765,#1773);
#1296=LINE('',#8768,#1774);
#1297=LINE('',#8778,#1775);
#1298=LINE('',#8781,#1776);
#1299=LINE('',#8783,#1777);
#1300=LINE('',#8787,#1778);
#1301=LINE('',#8789,#1779);
#1302=LINE('',#8791,#1780);
#1303=LINE('',#8793,#1781);
#1304=LINE('',#8795,#1782);
#1305=LINE('',#8797,#1783);
#1306=LINE('',#8799,#1784);
#1307=LINE('',#8801,#1785);
#1308=LINE('',#8843,#1786);
#1309=LINE('',#8846,#1787);
#1310=LINE('',#8847,#1788);
#1311=LINE('',#8853,#1789);
#1312=LINE('',#8856,#1790);
#1313=LINE('',#8861,#1791);
#1314=LINE('',#8862,#1792);
#1315=LINE('',#8867,#1793);
#1316=LINE('',#8868,#1794);
#1317=LINE('',#8873,#1795);
#1318=LINE('',#8874,#1796);
#1319=LINE('',#8878,#1797);
#1320=LINE('',#8880,#1798);
#1321=LINE('',#8883,#1799);
#1322=LINE('',#8886,#1800);
#1323=LINE('',#8889,#1801);
#1324=LINE('',#8892,#1802);
#1325=LINE('',#8894,#1803);
#1326=LINE('',#8903,#1804);
#1327=LINE('',#8911,#1805);
#1328=LINE('',#9111,#1806);
#1329=LINE('',#9114,#1807);
#1330=LINE('',#9117,#1808);
#1331=LINE('',#9141,#1809);
#1332=LINE('',#9142,#1810);
#1333=LINE('',#9147,#1811);
#1334=LINE('',#9264,#1812);
#1335=LINE('',#9266,#1813);
#1336=LINE('',#9267,#1814);
#1337=LINE('',#9276,#1815);
#1338=LINE('',#9280,#1816);
#1339=LINE('',#9283,#1817);
#1340=LINE('',#9357,#1818);
#1341=LINE('',#9360,#1819);
#1342=LINE('',#9512,#1820);
#1343=LINE('',#9514,#1821);
#1344=LINE('',#9516,#1822);
#1345=LINE('',#9517,#1823);
#1346=LINE('',#9528,#1824);
#1347=LINE('',#9532,#1825);
#1348=LINE('',#9535,#1826);
#1349=LINE('',#9543,#1827);
#1350=LINE('',#9549,#1828);
#1351=LINE('',#9552,#1829);
#1352=LINE('',#9556,#1830);
#1353=LINE('',#9557,#1831);
#1354=LINE('',#9560,#1832);
#1355=LINE('',#9564,#1833);
#1356=LINE('',#9565,#1834);
#1357=LINE('',#9575,#1835);
#1358=LINE('',#9583,#1836);
#1359=LINE('',#9589,#1837);
#1360=LINE('',#9592,#1838);
#1361=LINE('',#9596,#1839);
#1362=LINE('',#9597,#1840);
#1363=LINE('',#9600,#1841);
#1364=LINE('',#9604,#1842);
#1365=LINE('',#9605,#1843);
#1366=LINE('',#9608,#1844);
#1367=LINE('',#9612,#1845);
#1368=LINE('',#9613,#1846);
#1369=LINE('',#9616,#1847);
#1370=LINE('',#9628,#1848);
#1371=LINE('',#9629,#1849);
#1372=LINE('',#9640,#1850);
#1373=LINE('',#9641,#1851);
#1374=LINE('',#9647,#1852);
#1375=LINE('',#9649,#1853);
#1376=LINE('',#9650,#1854);
#1377=LINE('',#9655,#1855);
#1378=LINE('',#9659,#1856);
#1379=LINE('',#9660,#1857);
#1380=LINE('',#9668,#1858);
#1381=LINE('',#9671,#1859);
#1382=LINE('',#9672,#1860);
#1383=LINE('',#9676,#1861);
#1384=LINE('',#9678,#1862);
#1385=LINE('',#9684,#1863);
#1386=LINE('',#9688,#1864);
#1387=LINE('',#9692,#1865);
#1388=LINE('',#9695,#1866);
#1389=LINE('',#9706,#1867);
#1390=LINE('',#9707,#1868);
#1391=LINE('',#9709,#1869);
#1392=LINE('',#9716,#1870);
#1393=LINE('',#9718,#1871);
#1394=LINE('',#9725,#1872);
#1395=LINE('',#9728,#1873);
#1396=LINE('',#9729,#1874);
#1397=LINE('',#9739,#1875);
#1398=LINE('',#9740,#1876);
#1399=LINE('',#9743,#1877);
#1400=LINE('',#9744,#1878);
#1401=LINE('',#9753,#1879);
#1402=LINE('',#9756,#1880);
#1403=LINE('',#9757,#1881);
#1404=LINE('',#9766,#1882);
#1405=LINE('',#9769,#1883);
#1406=LINE('',#9770,#1884);
#1407=LINE('',#9780,#1885);
#1408=LINE('',#9781,#1886);
#1409=LINE('',#9784,#1887);
#1410=LINE('',#9785,#1888);
#1411=LINE('',#9797,#1889);
#1412=LINE('',#9798,#1890);
#1413=LINE('',#9800,#1891);
#1414=LINE('',#9803,#1892);
#1415=LINE('',#9804,#1893);
#1416=LINE('',#9808,#1894);
#1417=LINE('',#9811,#1895);
#1418=LINE('',#9813,#1896);
#1419=LINE('',#9814,#1897);
#1420=LINE('',#9818,#1898);
#1421=LINE('',#9821,#1899);
#1422=LINE('',#9822,#1900);
#1423=LINE('',#9826,#1901);
#1424=LINE('',#9829,#1902);
#1425=LINE('',#9830,#1903);
#1426=LINE('',#9834,#1904);
#1427=LINE('',#9837,#1905);
#1428=LINE('',#9838,#1906);
#1429=LINE('',#9842,#1907);
#1430=LINE('',#9845,#1908);
#1431=LINE('',#9846,#1909);
#1432=LINE('',#9850,#1910);
#1433=LINE('',#9853,#1911);
#1434=LINE('',#9854,#1912);
#1435=LINE('',#9858,#1913);
#1436=LINE('',#9861,#1914);
#1437=LINE('',#9862,#1915);
#1438=LINE('',#9866,#1916);
#1439=LINE('',#9869,#1917);
#1440=LINE('',#9870,#1918);
#1441=LINE('',#9875,#1919);
#1442=LINE('',#9878,#1920);
#1443=LINE('',#9883,#1921);
#1444=LINE('',#9886,#1922);
#1445=LINE('',#9891,#1923);
#1446=LINE('',#9895,#1924);
#1447=LINE('',#9914,#1925);
#1448=LINE('',#9920,#1926);
#1449=LINE('',#9928,#1927);
#1450=LINE('',#9936,#1928);
#1451=LINE('',#9940,#1929);
#1452=LINE('',#9944,#1930);
#1453=LINE('',#9948,#1931);
#1454=LINE('',#9951,#1932);
#1455=LINE('',#9952,#1933);
#1456=LINE('',#9954,#1934);
#1457=LINE('',#9956,#1935);
#1458=LINE('',#9958,#1936);
#1459=LINE('',#9960,#1937);
#1460=LINE('',#9962,#1938);
#1461=LINE('',#9964,#1939);
#1462=LINE('',#9978,#1940);
#1463=LINE('',#9979,#1941);
#1464=LINE('',#10025,#1942);
#1465=LINE('',#10026,#1943);
#1466=LINE('',#10031,#1944);
#1467=LINE('',#10032,#1945);
#1468=LINE('',#10037,#1946);
#1469=LINE('',#10038,#1947);
#1470=LINE('',#10043,#1948);
#1471=LINE('',#10046,#1949);
#1472=LINE('',#10064,#1950);
#1473=LINE('',#10068,#1951);
#1474=LINE('',#10083,#1952);
#1475=LINE('',#10114,#1953);
#1476=LINE('',#10120,#1954);
#1477=LINE('',#10151,#1955);
#1478=LINE('',#10155,#1956);
#1479=LINE('',#10158,#1957);
#1480=LINE('',#10161,#1958);
#1481=LINE('',#10165,#1959);
#1482=LINE('',#10167,#1960);
#1483=LINE('',#10169,#1961);
#1484=LINE('',#10186,#1962);
#1485=LINE('',#10187,#1963);
#1486=LINE('',#10231,#1964);
#1487=LINE('',#10236,#1965);
#1488=LINE('',#10237,#1966);
#1489=LINE('',#10242,#1967);
#1490=LINE('',#10243,#1968);
#1491=LINE('',#10247,#1969);
#1492=LINE('',#10250,#1970);
#1493=LINE('',#10257,#1971);
#1494=LINE('',#10261,#1972);
#1495=LINE('',#10264,#1973);
#1496=LINE('',#10265,#1974);
#1497=LINE('',#10270,#1975);
#1498=LINE('',#10296,#1976);
#1499=LINE('',#10298,#1977);
#1500=LINE('',#10301,#1978);
#1501=LINE('',#10306,#1979);
#1502=LINE('',#10312,#1980);
#1503=LINE('',#10315,#1981);
#1504=LINE('',#10356,#1982);
#1505=LINE('',#10358,#1983);
#1506=LINE('',#10362,#1984);
#1507=LINE('',#10365,#1985);
#1508=LINE('',#10405,#1986);
#1509=LINE('',#10408,#1987);
#1510=LINE('',#10411,#1988);
#1511=LINE('',#10412,#1989);
#1512=LINE('',#10415,#1990);
#1513=LINE('',#10419,#1991);
#1514=LINE('',#10420,#1992);
#1515=LINE('',#10423,#1993);
#1516=LINE('',#10427,#1994);
#1517=LINE('',#10428,#1995);
#1518=LINE('',#10431,#1996);
#1519=LINE('',#10434,#1997);
#1520=VECTOR('',#6229,10.);
#1521=VECTOR('',#6232,10.);
#1522=VECTOR('',#6235,10.);
#1523=VECTOR('',#6236,10.);
#1524=VECTOR('',#6237,10.);
#1525=VECTOR('',#6242,10.);
#1526=VECTOR('',#6247,10.);
#1527=VECTOR('',#6248,10.);
#1528=VECTOR('',#6267,3.86602540378444);
#1529=VECTOR('',#6274,4.);
#1530=VECTOR('',#6281,3.90681483474219);
#1531=VECTOR('',#6300,3.8);
#1532=VECTOR('',#6323,4.5);
#1533=VECTOR('',#6328,10.);
#1534=VECTOR('',#6335,10.);
#1535=VECTOR('',#6336,10.);
#1536=VECTOR('',#6337,10.);
#1537=VECTOR('',#6338,10.);
#1538=VECTOR('',#6341,10.);
#1539=VECTOR('',#6342,10.);
#1540=VECTOR('',#6343,10.);
#1541=VECTOR('',#6346,10.);
#1542=VECTOR('',#6347,10.);
#1543=VECTOR('',#6348,10.);
#1544=VECTOR('',#6351,10.);
#1545=VECTOR('',#6352,10.);
#1546=VECTOR('',#6353,10.);
#1547=VECTOR('',#6356,10.);
#1548=VECTOR('',#6357,10.);
#1549=VECTOR('',#6358,10.);
#1550=VECTOR('',#6361,10.);
#1551=VECTOR('',#6362,10.);
#1552=VECTOR('',#6363,10.);
#1553=VECTOR('',#6366,10.);
#1554=VECTOR('',#6367,10.);
#1555=VECTOR('',#6368,10.);
#1556=VECTOR('',#6371,10.);
#1557=VECTOR('',#6372,10.);
#1558=VECTOR('',#6373,10.);
#1559=VECTOR('',#6376,10.);
#1560=VECTOR('',#6377,10.);
#1561=VECTOR('',#6378,10.);
#1562=VECTOR('',#6381,10.);
#1563=VECTOR('',#6382,10.);
#1564=VECTOR('',#6385,10.);
#1565=VECTOR('',#6386,10.);
#1566=VECTOR('',#6387,10.);
#1567=VECTOR('',#6388,10.);
#1568=VECTOR('',#6389,10.);
#1569=VECTOR('',#6390,10.);
#1570=VECTOR('',#6391,10.);
#1571=VECTOR('',#6392,10.);
#1572=VECTOR('',#6393,10.);
#1573=VECTOR('',#6394,10.);
#1574=VECTOR('',#6395,10.);
#1575=VECTOR('',#6396,10.);
#1576=VECTOR('',#6401,10.);
#1577=VECTOR('',#6402,10.);
#1578=VECTOR('',#6403,10.);
#1579=VECTOR('',#6404,10.);
#1580=VECTOR('',#6407,10.);
#1581=VECTOR('',#6408,10.);
#1582=VECTOR('',#6409,10.);
#1583=VECTOR('',#6412,10.);
#1584=VECTOR('',#6413,10.);
#1585=VECTOR('',#6414,10.);
#1586=VECTOR('',#6417,10.);
#1587=VECTOR('',#6418,10.);
#1588=VECTOR('',#6419,10.);
#1589=VECTOR('',#6422,10.);
#1590=VECTOR('',#6423,10.);
#1591=VECTOR('',#6424,10.);
#1592=VECTOR('',#6427,10.);
#1593=VECTOR('',#6428,10.);
#1594=VECTOR('',#6429,10.);
#1595=VECTOR('',#6432,10.);
#1596=VECTOR('',#6433,10.);
#1597=VECTOR('',#6434,10.);
#1598=VECTOR('',#6437,10.);
#1599=VECTOR('',#6438,10.);
#1600=VECTOR('',#6439,10.);
#1601=VECTOR('',#6442,10.);
#1602=VECTOR('',#6443,10.);
#1603=VECTOR('',#6444,10.);
#1604=VECTOR('',#6447,10.);
#1605=VECTOR('',#6448,10.);
#1606=VECTOR('',#6449,10.);
#1607=VECTOR('',#6452,10.);
#1608=VECTOR('',#6453,10.);
#1609=VECTOR('',#6454,10.);
#1610=VECTOR('',#6457,10.);
#1611=VECTOR('',#6458,10.);
#1612=VECTOR('',#6463,10.);
#1613=VECTOR('',#6464,10.);
#1614=VECTOR('',#6465,10.);
#1615=VECTOR('',#6466,10.);
#1616=VECTOR('',#6469,10.);
#1617=VECTOR('',#6470,10.);
#1618=VECTOR('',#6471,10.);
#1619=VECTOR('',#6474,10.);
#1620=VECTOR('',#6475,10.);
#1621=VECTOR('',#6476,10.);
#1622=VECTOR('',#6479,10.);
#1623=VECTOR('',#6480,10.);
#1624=VECTOR('',#6481,10.);
#1625=VECTOR('',#6484,10.);
#1626=VECTOR('',#6485,10.);
#1627=VECTOR('',#6486,10.);
#1628=VECTOR('',#6489,10.);
#1629=VECTOR('',#6490,10.);
#1630=VECTOR('',#6491,10.);
#1631=VECTOR('',#6494,10.);
#1632=VECTOR('',#6495,10.);
#1633=VECTOR('',#6496,10.);
#1634=VECTOR('',#6499,10.);
#1635=VECTOR('',#6500,10.);
#1636=VECTOR('',#6501,10.);
#1637=VECTOR('',#6504,10.);
#1638=VECTOR('',#6505,10.);
#1639=VECTOR('',#6506,10.);
#1640=VECTOR('',#6509,10.);
#1641=VECTOR('',#6510,10.);
#1642=VECTOR('',#6511,10.);
#1643=VECTOR('',#6514,10.);
#1644=VECTOR('',#6515,10.);
#1645=VECTOR('',#6516,10.);
#1646=VECTOR('',#6519,10.);
#1647=VECTOR('',#6520,10.);
#1648=VECTOR('',#6523,10.);
#1649=VECTOR('',#6524,10.);
#1650=VECTOR('',#6525,10.);
#1651=VECTOR('',#6528,10.);
#1652=VECTOR('',#6529,10.);
#1653=VECTOR('',#6530,10.);
#1654=VECTOR('',#6533,10.);
#1655=VECTOR('',#6534,10.);
#1656=VECTOR('',#6535,10.);
#1657=VECTOR('',#6538,10.);
#1658=VECTOR('',#6539,10.);
#1659=VECTOR('',#6540,10.);
#1660=VECTOR('',#6541,10.);
#1661=VECTOR('',#6542,10.);
#1662=VECTOR('',#6545,10.);
#1663=VECTOR('',#6546,10.);
#1664=VECTOR('',#6547,10.);
#1665=VECTOR('',#6550,10.);
#1666=VECTOR('',#6551,10.);
#1667=VECTOR('',#6552,10.);
#1668=VECTOR('',#6555,10.);
#1669=VECTOR('',#6556,10.);
#1670=VECTOR('',#6559,10.);
#1671=VECTOR('',#6560,10.);
#1672=VECTOR('',#6561,10.);
#1673=VECTOR('',#6562,10.);
#1674=VECTOR('',#6563,10.);
#1675=VECTOR('',#6564,10.);
#1676=VECTOR('',#6565,10.);
#1677=VECTOR('',#6566,10.);
#1678=VECTOR('',#6569,10.);
#1679=VECTOR('',#6570,10.);
#1680=VECTOR('',#6571,10.);
#1681=VECTOR('',#6574,10.);
#1682=VECTOR('',#6575,10.);
#1683=VECTOR('',#6580,10.);
#1684=VECTOR('',#6581,10.);
#1685=VECTOR('',#6582,10.);
#1686=VECTOR('',#6583,10.);
#1687=VECTOR('',#6584,10.);
#1688=VECTOR('',#6585,10.);
#1689=VECTOR('',#6586,10.);
#1690=VECTOR('',#6587,10.);
#1691=VECTOR('',#6590,10.);
#1692=VECTOR('',#6591,10.);
#1693=VECTOR('',#6592,10.);
#1694=VECTOR('',#6595,10.);
#1695=VECTOR('',#6596,10.);
#1696=VECTOR('',#6597,10.);
#1697=VECTOR('',#6598,10.);
#1698=VECTOR('',#6599,10.);
#1699=VECTOR('',#6600,10.);
#1700=VECTOR('',#6601,10.);
#1701=VECTOR('',#6602,10.);
#1702=VECTOR('',#6603,10.);
#1703=VECTOR('',#6604,10.);
#1704=VECTOR('',#6607,10.);
#1705=VECTOR('',#6608,10.);
#1706=VECTOR('',#6613,10.);
#1707=VECTOR('',#6614,10.);
#1708=VECTOR('',#6615,10.);
#1709=VECTOR('',#6616,10.);
#1710=VECTOR('',#6619,10.);
#1711=VECTOR('',#6620,10.);
#1712=VECTOR('',#6621,10.);
#1713=VECTOR('',#6624,10.);
#1714=VECTOR('',#6625,10.);
#1715=VECTOR('',#6626,10.);
#1716=VECTOR('',#6629,10.);
#1717=VECTOR('',#6630,10.);
#1718=VECTOR('',#6631,10.);
#1719=VECTOR('',#6634,10.);
#1720=VECTOR('',#6635,10.);
#1721=VECTOR('',#6636,10.);
#1722=VECTOR('',#6639,10.);
#1723=VECTOR('',#6640,10.);
#1724=VECTOR('',#6641,10.);
#1725=VECTOR('',#6644,10.);
#1726=VECTOR('',#6645,10.);
#1727=VECTOR('',#6646,10.);
#1728=VECTOR('',#6649,10.);
#1729=VECTOR('',#6650,10.);
#1730=VECTOR('',#6651,10.);
#1731=VECTOR('',#6654,10.);
#1732=VECTOR('',#6655,10.);
#1733=VECTOR('',#6656,10.);
#1734=VECTOR('',#6659,10.);
#1735=VECTOR('',#6660,10.);
#1736=VECTOR('',#6661,10.);
#1737=VECTOR('',#6664,10.);
#1738=VECTOR('',#6665,10.);
#1739=VECTOR('',#6666,10.);
#1740=VECTOR('',#6669,10.);
#1741=VECTOR('',#6670,10.);
#1742=VECTOR('',#6675,10.);
#1743=VECTOR('',#6676,10.);
#1744=VECTOR('',#6677,10.);
#1745=VECTOR('',#6678,10.);
#1746=VECTOR('',#6681,10.);
#1747=VECTOR('',#6682,10.);
#1748=VECTOR('',#6683,10.);
#1749=VECTOR('',#6686,10.);
#1750=VECTOR('',#6687,10.);
#1751=VECTOR('',#6688,10.);
#1752=VECTOR('',#6691,10.);
#1753=VECTOR('',#6692,10.);
#1754=VECTOR('',#6693,10.);
#1755=VECTOR('',#6696,10.);
#1756=VECTOR('',#6697,10.);
#1757=VECTOR('',#6698,10.);
#1758=VECTOR('',#6701,10.);
#1759=VECTOR('',#6702,10.);
#1760=VECTOR('',#6703,10.);
#1761=VECTOR('',#6706,10.);
#1762=VECTOR('',#6707,10.);
#1763=VECTOR('',#6708,10.);
#1764=VECTOR('',#6711,10.);
#1765=VECTOR('',#6712,10.);
#1766=VECTOR('',#6713,10.);
#1767=VECTOR('',#6716,10.);
#1768=VECTOR('',#6717,10.);
#1769=VECTOR('',#6718,10.);
#1770=VECTOR('',#6721,10.);
#1771=VECTOR('',#6722,10.);
#1772=VECTOR('',#6727,10.);
#1773=VECTOR('',#6728,10.);
#1774=VECTOR('',#6731,10.);
#1775=VECTOR('',#6744,10.);
#1776=VECTOR('',#6747,10.);
#1777=VECTOR('',#6748,10.);
#1778=VECTOR('',#6753,10.);
#1779=VECTOR('',#6754,10.);
#1780=VECTOR('',#6755,10.);
#1781=VECTOR('',#6756,10.);
#1782=VECTOR('',#6757,10.);
#1783=VECTOR('',#6758,10.);
#1784=VECTOR('',#6759,10.);
#1785=VECTOR('',#6760,10.);
#1786=VECTOR('',#6761,10.);
#1787=VECTOR('',#6764,10.);
#1788=VECTOR('',#6765,10.);
#1789=VECTOR('',#6772,10.);
#1790=VECTOR('',#6775,10.);
#1791=VECTOR('',#6780,10.);
#1792=VECTOR('',#6781,10.);
#1793=VECTOR('',#6786,10.);
#1794=VECTOR('',#6787,10.);
#1795=VECTOR('',#6792,10.);
#1796=VECTOR('',#6793,10.);
#1797=VECTOR('',#6798,10.);
#1798=VECTOR('',#6801,10.);
#1799=VECTOR('',#6804,10.);
#1800=VECTOR('',#6807,10.);
#1801=VECTOR('',#6810,10.);
#1802=VECTOR('',#6813,10.);
#1803=VECTOR('',#6816,10.);
#1804=VECTOR('',#6821,10.);
#1805=VECTOR('',#6832,10.);
#1806=VECTOR('',#6839,10.);
#1807=VECTOR('',#6842,10.);
#1808=VECTOR('',#6845,10.);
#1809=VECTOR('',#6846,10.);
#1810=VECTOR('',#6847,10.);
#1811=VECTOR('',#6852,10.);
#1812=VECTOR('',#6859,10.);
#1813=VECTOR('',#6860,10.);
#1814=VECTOR('',#6861,10.);
#1815=VECTOR('',#6872,10.);
#1816=VECTOR('',#6875,10.);
#1817=VECTOR('',#6878,10.);
#1818=VECTOR('',#6887,10.);
#1819=VECTOR('',#6890,10.);
#1820=VECTOR('',#6893,10.);
#1821=VECTOR('',#6894,10.);
#1822=VECTOR('',#6895,10.);
#1823=VECTOR('',#6896,10.);
#1824=VECTOR('',#6909,10.);
#1825=VECTOR('',#6912,10.);
#1826=VECTOR('',#6915,10.);
#1827=VECTOR('',#6926,10.);
#1828=VECTOR('',#6935,10.);
#1829=VECTOR('',#6938,10.);
#1830=VECTOR('',#6943,10.);
#1831=VECTOR('',#6944,10.);
#1832=VECTOR('',#6947,10.);
#1833=VECTOR('',#6952,10.);
#1834=VECTOR('',#6953,10.);
#1835=VECTOR('',#6968,10.);
#1836=VECTOR('',#6979,10.);
#1837=VECTOR('',#6988,10.);
#1838=VECTOR('',#6991,10.);
#1839=VECTOR('',#6996,10.);
#1840=VECTOR('',#6997,10.);
#1841=VECTOR('',#7000,10.);
#1842=VECTOR('',#7005,10.);
#1843=VECTOR('',#7006,10.);
#1844=VECTOR('',#7009,10.);
#1845=VECTOR('',#7014,10.);
#1846=VECTOR('',#7015,10.);
#1847=VECTOR('',#7018,10.);
#1848=VECTOR('',#7033,10.);
#1849=VECTOR('',#7034,10.);
#1850=VECTOR('',#7047,10.);
#1851=VECTOR('',#7048,10.);
#1852=VECTOR('',#7057,10.);
#1853=VECTOR('',#7058,10.);
#1854=VECTOR('',#7059,10.);
#1855=VECTOR('',#7068,10.);
#1856=VECTOR('',#7073,10.);
#1857=VECTOR('',#7074,10.);
#1858=VECTOR('',#7087,10.);
#1859=VECTOR('',#7090,10.);
#1860=VECTOR('',#7091,10.);
#1861=VECTOR('',#7096,10.);
#1862=VECTOR('',#7099,10.);
#1863=VECTOR('',#7104,10.);
#1864=VECTOR('',#7107,10.);
#1865=VECTOR('',#7110,10.);
#1866=VECTOR('',#7113,10.);
#1867=VECTOR('',#7114,10.);
#1868=VECTOR('',#7115,10.);
#1869=VECTOR('',#7118,10.);
#1870=VECTOR('',#7119,10.);
#1871=VECTOR('',#7122,10.);
#1872=VECTOR('',#7123,10.);
#1873=VECTOR('',#7126,10.);
#1874=VECTOR('',#7127,10.);
#1875=VECTOR('',#7130,10.);
#1876=VECTOR('',#7131,10.);
#1877=VECTOR('',#7134,10.);
#1878=VECTOR('',#7135,10.);
#1879=VECTOR('',#7138,10.);
#1880=VECTOR('',#7141,10.);
#1881=VECTOR('',#7142,10.);
#1882=VECTOR('',#7145,10.);
#1883=VECTOR('',#7148,10.);
#1884=VECTOR('',#7149,10.);
#1885=VECTOR('',#7152,10.);
#1886=VECTOR('',#7153,10.);
#1887=VECTOR('',#7156,10.);
#1888=VECTOR('',#7157,10.);
#1889=VECTOR('',#7164,10.);
#1890=VECTOR('',#7165,10.);
#1891=VECTOR('',#7168,10.);
#1892=VECTOR('',#7171,10.);
#1893=VECTOR('',#7172,10.);
#1894=VECTOR('',#7179,10.);
#1895=VECTOR('',#7182,10.);
#1896=VECTOR('',#7183,10.);
#1897=VECTOR('',#7184,10.);
#1898=VECTOR('',#7189,10.);
#1899=VECTOR('',#7192,10.);
#1900=VECTOR('',#7193,10.);
#1901=VECTOR('',#7198,10.);
#1902=VECTOR('',#7201,10.);
#1903=VECTOR('',#7202,10.);
#1904=VECTOR('',#7207,10.);
#1905=VECTOR('',#7210,10.);
#1906=VECTOR('',#7211,10.);
#1907=VECTOR('',#7216,10.);
#1908=VECTOR('',#7219,10.);
#1909=VECTOR('',#7220,10.);
#1910=VECTOR('',#7225,10.);
#1911=VECTOR('',#7228,10.);
#1912=VECTOR('',#7229,10.);
#1913=VECTOR('',#7234,10.);
#1914=VECTOR('',#7237,10.);
#1915=VECTOR('',#7238,10.);
#1916=VECTOR('',#7243,10.);
#1917=VECTOR('',#7246,10.);
#1918=VECTOR('',#7247,10.);
#1919=VECTOR('',#7254,10.);
#1920=VECTOR('',#7257,10.);
#1921=VECTOR('',#7262,10.);
#1922=VECTOR('',#7265,10.);
#1923=VECTOR('',#7270,2.15);
#1924=VECTOR('',#7275,2.15);
#1925=VECTOR('',#7298,15.);
#1926=VECTOR('',#7305,14.9090074414334);
#1927=VECTOR('',#7314,4.75);
#1928=VECTOR('',#7323,10.);
#1929=VECTOR('',#7326,10.);
#1930=VECTOR('',#7329,10.);
#1931=VECTOR('',#7332,10.);
#1932=VECTOR('',#7337,10.);
#1933=VECTOR('',#7338,10.);
#1934=VECTOR('',#7341,10.);
#1935=VECTOR('',#7344,10.);
#1936=VECTOR('',#7347,10.);
#1937=VECTOR('',#7350,10.);
#1938=VECTOR('',#7353,10.);
#1939=VECTOR('',#7356,10.);
#1940=VECTOR('',#7373,10.);
#1941=VECTOR('',#7374,10.);
#1942=VECTOR('',#7385,10.);
#1943=VECTOR('',#7386,10.);
#1944=VECTOR('',#7391,10.);
#1945=VECTOR('',#7392,10.);
#1946=VECTOR('',#7397,10.);
#1947=VECTOR('',#7398,10.);
#1948=VECTOR('',#7403,10.);
#1949=VECTOR('',#7406,10.);
#1950=VECTOR('',#7415,10.);
#1951=VECTOR('',#7418,10.);
#1952=VECTOR('',#7421,10.);
#1953=VECTOR('',#7422,10.);
#1954=VECTOR('',#7427,10.);
#1955=VECTOR('',#7428,10.);
#1956=VECTOR('',#7433,10.);
#1957=VECTOR('',#7438,10.);
#1958=VECTOR('',#7441,10.);
#1959=VECTOR('',#7446,10.);
#1960=VECTOR('',#7447,10.);
#1961=VECTOR('',#7448,10.);
#1962=VECTOR('',#7467,10.);
#1963=VECTOR('',#7468,10.);
#1964=VECTOR('',#7479,10.);
#1965=VECTOR('',#7484,10.);
#1966=VECTOR('',#7485,10.);
#1967=VECTOR('',#7490,10.);
#1968=VECTOR('',#7491,10.);
#1969=VECTOR('',#7494,10.);
#1970=VECTOR('',#7497,10.);
#1971=VECTOR('',#7508,10.);
#1972=VECTOR('',#7511,10.);
#1973=VECTOR('',#7514,10.);
#1974=VECTOR('',#7515,10.);
#1975=VECTOR('',#7520,10.05);
#1976=VECTOR('',#7539,10.);
#1977=VECTOR('',#7542,10.);
#1978=VECTOR('',#7547,10.);
#1979=VECTOR('',#7552,9.);
#1980=VECTOR('',#7559,9.);
#1981=VECTOR('',#7564,10.);
#1982=VECTOR('',#7585,10.);
#1983=VECTOR('',#7586,10.);
#1984=VECTOR('',#7591,10.);
#1985=VECTOR('',#7594,10.);
#1986=VECTOR('',#7613,10.);
#1987=VECTOR('',#7616,10.);
#1988=VECTOR('',#7619,10.);
#1989=VECTOR('',#7620,10.);
#1990=VECTOR('',#7623,10.);
#1991=VECTOR('',#7628,10.);
#1992=VECTOR('',#7629,10.);
#1993=VECTOR('',#7632,10.);
#1994=VECTOR('',#7637,10.);
#1995=VECTOR('',#7638,10.);
#1996=VECTOR('',#7641,10.);
#1997=VECTOR('',#7646,10.);
#1998=CIRCLE('',#5746,1.5);
#1999=CIRCLE('',#5747,1.5);
#2000=CIRCLE('',#5750,1.5);
#2001=CIRCLE('',#5751,1.5);
#2002=CIRCLE('',#5757,3.73205080756888);
#2003=CIRCLE('',#5758,3.73205080756888);
#2004=CIRCLE('',#5760,4.);
#2005=CIRCLE('',#5761,4.);
#2006=CIRCLE('',#5763,4.);
#2007=CIRCLE('',#5764,4.);
#2008=CIRCLE('',#5766,3.81362966948437);
#2009=CIRCLE('',#5767,3.81362966948437);
#2010=CIRCLE('',#5768,3.81362966948437);
#2011=CIRCLE('',#5770,0.399999999999994);
#2012=CIRCLE('',#5771,3.8);
#2013=CIRCLE('',#5772,3.8);
#2014=CIRCLE('',#5773,3.8);
#2015=CIRCLE('',#5775,3.8);
#2016=CIRCLE('',#5776,3.8);
#2017=CIRCLE('',#5777,3.8);
#2018=CIRCLE('',#5779,0.399999999999999);
#2019=CIRCLE('',#5780,4.2);
#2020=CIRCLE('',#5781,4.2);
#2021=CIRCLE('',#5783,4.5);
#2022=CIRCLE('',#5784,4.5);
#2023=CIRCLE('',#5786,4.5);
#2024=CIRCLE('',#5787,4.5);
#2025=CIRCLE('',#5789,10.);
#2026=CIRCLE('',#5790,10.);
#2027=CIRCLE('',#5870,8.5);
#2028=CIRCLE('',#5874,0.5);
#2029=CIRCLE('',#5875,0.5);
#2030=CIRCLE('',#5876,0.5);
#2031=CIRCLE('',#5878,0.5);
#2032=CIRCLE('',#5883,8.5);
#2033=CIRCLE('',#5884,10.5);
#2034=CIRCLE('',#5886,0.5);
#2035=CIRCLE('',#5888,10.5);
#2036=CIRCLE('',#5890,0.5);
#2037=CIRCLE('',#5892,8.5);
#2038=CIRCLE('',#5895,0.5);
#2039=CIRCLE('',#5897,0.5);
#2040=CIRCLE('',#5902,0.499999999999999);
#2041=CIRCLE('',#5903,0.499999999999999);
#2042=CIRCLE('',#5905,0.500000000000001);
#2043=CIRCLE('',#5906,0.5);
#2044=CIRCLE('',#5909,0.500000000000002);
#2045=CIRCLE('',#5912,0.5);
#2046=CIRCLE('',#5913,0.5);
#2047=CIRCLE('',#5917,2.5);
#2048=CIRCLE('',#5918,0.500000000000003);
#2049=CIRCLE('',#5919,2.);
#2050=CIRCLE('',#5921,1.5);
#2051=CIRCLE('',#5922,1.5);
#2052=CIRCLE('',#5924,0.5);
#2053=CIRCLE('',#5926,0.5);
#2054=CIRCLE('',#5927,0.500000000000001);
#2055=CIRCLE('',#5930,2.5);
#2056=CIRCLE('',#5931,0.5);
#2057=CIRCLE('',#5932,2.);
#2058=CIRCLE('',#5934,2.5);
#2059=CIRCLE('',#5935,1.5);
#2060=CIRCLE('',#5936,1.5);
#2061=CIRCLE('',#5938,0.5);
#2062=CIRCLE('',#5939,2.);
#2063=CIRCLE('',#5941,0.5);
#2064=CIRCLE('',#5943,0.500000000000005);
#2065=CIRCLE('',#5944,2.);
#2066=CIRCLE('',#5947,2.);
#2067=CIRCLE('',#5950,2.);
#2068=CIRCLE('',#5953,2.);
#2069=CIRCLE('',#5955,2.);
#2070=CIRCLE('',#5956,0.499999999999994);
#2071=CIRCLE('',#5958,0.5);
#2072=CIRCLE('',#5960,0.5);
#2073=CIRCLE('',#5961,2.);
#2074=CIRCLE('',#5963,0.5);
#2075=CIRCLE('',#5965,0.5);
#2076=CIRCLE('',#5966,2.);
#2077=CIRCLE('',#5969,2.);
#2078=CIRCLE('',#5972,2.);
#2079=CIRCLE('',#5975,2.);
#2080=CIRCLE('',#5978,2.);
#2081=CIRCLE('',#5980,0.500000000000002);
#2082=CIRCLE('',#5981,1.99559848844384);
#2083=CIRCLE('',#5982,1.49561752691175);
#2084=CIRCLE('',#5984,0.5);
#2085=CIRCLE('',#5986,0.500000000000002);
#2086=CIRCLE('',#5987,1.99559848844384);
#2087=CIRCLE('',#5988,1.49561752691175);
#2088=CIRCLE('',#5990,0.5);
#2089=CIRCLE('',#5992,1.99559848844384);
#2090=CIRCLE('',#5993,1.49561752691175);
#2091=CIRCLE('',#5996,2.);
#2092=CIRCLE('',#5999,2.);
#2093=CIRCLE('',#6002,2.);
#2094=CIRCLE('',#6004,2.);
#2095=CIRCLE('',#6006,2.00000000000001);
#2096=CIRCLE('',#6009,2.);
#2097=CIRCLE('',#6012,2.);
#2098=CIRCLE('',#6013,1.);
#2099=CIRCLE('',#6014,1.);
#2100=CIRCLE('',#6015,1.);
#2101=CIRCLE('',#6019,2.);
#2102=CIRCLE('',#6021,3.75);
#2103=CIRCLE('',#6023,2.);
#2104=CIRCLE('',#6025,2.);
#2105=CIRCLE('',#6027,3.75);
#2106=CIRCLE('',#6029,2.);
#2107=CIRCLE('',#6033,2.);
#2108=CIRCLE('',#6037,2.);
#2109=CIRCLE('',#6040,2.);
#2110=CIRCLE('',#6043,3.75);
#2111=CIRCLE('',#6046,2.);
#2112=CIRCLE('',#6049,2.);
#2113=CIRCLE('',#6052,2.);
#2114=CIRCLE('',#6055,3.75);
#2115=CIRCLE('',#6058,2.);
#2116=CIRCLE('',#6060,2.);
#2117=CIRCLE('',#6061,2.15);
#2118=CIRCLE('',#6063,2.);
#2119=CIRCLE('',#6064,2.15);
#2120=CIRCLE('',#6066,2.15);
#2121=CIRCLE('',#6068,2.15);
#2122=CIRCLE('',#6070,15.4);
#2123=CIRCLE('',#6071,0.4);
#2124=CIRCLE('',#6072,15.);
#2125=CIRCLE('',#6073,15.);
#2126=CIRCLE('',#6074,15.);
#2127=CIRCLE('',#6075,15.4);
#2128=CIRCLE('',#6077,15.);
#2129=CIRCLE('',#6078,15.);
#2130=CIRCLE('',#6080,14.8180148828669);
#2131=CIRCLE('',#6081,14.8180148828669);
#2132=CIRCLE('',#6083,4.75);
#2133=CIRCLE('',#6084,4.75);
#2134=CIRCLE('',#6086,4.75);
#2135=CIRCLE('',#6087,4.75);
#2136=CIRCLE('',#6090,2.);
#2137=CIRCLE('',#6091,2.);
#2138=CIRCLE('',#6092,2.);
#2139=CIRCLE('',#6093,2.);
#2140=CIRCLE('',#6104,5.);
#2141=CIRCLE('',#6105,4.99999999999999);
#2142=CIRCLE('',#6106,5.);
#2143=CIRCLE('',#6108,5.);
#2144=CIRCLE('',#6109,5.);
#2145=CIRCLE('',#6113,5.);
#2146=CIRCLE('',#6115,5.);
#2147=CIRCLE('',#6117,5.);
#2148=CIRCLE('',#6120,5.);
#2149=CIRCLE('',#6122,0.917424305044153);
#2150=CIRCLE('',#6123,0.499999999999993);
#2151=CIRCLE('',#6125,12.5);
#2152=CIRCLE('',#6126,12.5);
#2153=CIRCLE('',#6127,12.5);
#2154=CIRCLE('',#6128,12.5);
#2155=CIRCLE('',#6129,12.5);
#2156=CIRCLE('',#6131,0.499999999999993);
#2157=CIRCLE('',#6134,8.);
#2158=CIRCLE('',#6136,8.50000000000007);
#2159=CIRCLE('',#6137,4.5);
#2160=CIRCLE('',#6138,8.49999999999999);
#2161=CIRCLE('',#6140,5.);
#2162=CIRCLE('',#6141,5.);
#2163=CIRCLE('',#6142,5.);
#2164=CIRCLE('',#6144,5.);
#2165=CIRCLE('',#6145,5.);
#2166=CIRCLE('',#6149,5.);
#2167=CIRCLE('',#6151,5.);
#2168=CIRCLE('',#6153,5.);
#2169=CIRCLE('',#6155,5.);
#2170=CIRCLE('',#6158,0.500000000000068);
#2171=CIRCLE('',#6159,0.917424305044229);
#2172=CIRCLE('',#6161,2.);
#2173=CIRCLE('',#6162,2.);
#2174=CIRCLE('',#6164,10.05);
#2175=CIRCLE('',#6165,10.05);
#2176=CIRCLE('',#6168,8.);
#2177=CIRCLE('',#6169,8.);
#2178=CIRCLE('',#6171,8.);
#2179=CIRCLE('',#6172,0.500000000000068);
#2180=CIRCLE('',#6178,9.);
#2181=CIRCLE('',#6179,9.);
#2182=CIRCLE('',#6181,9.);
#2183=CIRCLE('',#6182,9.);
#2184=CIRCLE('',#6187,2.25);
#2185=CIRCLE('',#6188,1.2);
#2186=CIRCLE('',#6189,1.05);
#2187=CIRCLE('',#6190,2.25);
#2188=CIRCLE('',#6192,2.25);
#2189=CIRCLE('',#6194,2.);
#2190=CIRCLE('',#6196,2.);
#2191=CIRCLE('',#6197,2.25);
#2192=CIRCLE('',#6199,2.25);
#2193=CIRCLE('',#6200,1.2);
#2194=CIRCLE('',#6201,1.05);
#2195=CIRCLE('',#6202,2.25);
#2196=CIRCLE('',#6206,2.);
#2197=CIRCLE('',#6209,2.);
#2198=CIRCLE('',#6212,2.);
#2199=CIRCLE('',#6215,2.);
#2200=VERTEX_POINT('',#7658);
#2201=VERTEX_POINT('',#7659);
#2202=VERTEX_POINT('',#7661);
#2203=VERTEX_POINT('',#7663);
#2204=VERTEX_POINT('',#7667);
#2205=VERTEX_POINT('',#7669);
#2206=VERTEX_POINT('',#7673);
#2207=VERTEX_POINT('',#7675);
#2208=VERTEX_POINT('',#7685);
#2209=VERTEX_POINT('',#7686);
#2210=VERTEX_POINT('',#7690);
#2211=VERTEX_POINT('',#7691);
#2212=VERTEX_POINT('',#7696);
#2213=VERTEX_POINT('',#7697);
#2214=VERTEX_POINT('',#7702);
#2215=VERTEX_POINT('',#7703);
#2216=VERTEX_POINT('',#7705);
#2217=VERTEX_POINT('',#7710);
#2218=VERTEX_POINT('',#7712);
#2219=VERTEX_POINT('',#7714);
#2220=VERTEX_POINT('',#7718);
#2221=VERTEX_POINT('',#7719);
#2222=VERTEX_POINT('',#7721);
#2223=VERTEX_POINT('',#7726);
#2224=VERTEX_POINT('',#7728);
#2225=VERTEX_POINT('',#7732);
#2226=VERTEX_POINT('',#7733);
#2227=VERTEX_POINT('',#7737);
#2228=VERTEX_POINT('',#7738);
#2229=VERTEX_POINT('',#7743);
#2230=VERTEX_POINT('',#7745);
#2231=VERTEX_POINT('',#7750);
#2232=VERTEX_POINT('',#7751);
#2233=VERTEX_POINT('',#7753);
#2234=VERTEX_POINT('',#7755);
#2235=VERTEX_POINT('',#7759);
#2236=VERTEX_POINT('',#7761);
#2237=VERTEX_POINT('',#7765);
#2238=VERTEX_POINT('',#7767);
#2239=VERTEX_POINT('',#7771);
#2240=VERTEX_POINT('',#7773);
#2241=VERTEX_POINT('',#7777);
#2242=VERTEX_POINT('',#7779);
#2243=VERTEX_POINT('',#7783);
#2244=VERTEX_POINT('',#7785);
#2245=VERTEX_POINT('',#7789);
#2246=VERTEX_POINT('',#7791);
#2247=VERTEX_POINT('',#7795);
#2248=VERTEX_POINT('',#7797);
#2249=VERTEX_POINT('',#7801);
#2250=VERTEX_POINT('',#7803);
#2251=VERTEX_POINT('',#7818);
#2252=VERTEX_POINT('',#7819);
#2253=VERTEX_POINT('',#7824);
#2254=VERTEX_POINT('',#7826);
#2255=VERTEX_POINT('',#7840);
#2256=VERTEX_POINT('',#7845);
#2257=VERTEX_POINT('',#7859);
#2258=VERTEX_POINT('',#7864);
#2259=VERTEX_POINT('',#7894);
#2260=VERTEX_POINT('',#7895);
#2261=VERTEX_POINT('',#7900);
#2262=VERTEX_POINT('',#7902);
#2263=VERTEX_POINT('',#7916);
#2264=VERTEX_POINT('',#7921);
#2265=VERTEX_POINT('',#7935);
#2266=VERTEX_POINT('',#7940);
#2267=VERTEX_POINT('',#7954);
#2268=VERTEX_POINT('',#7959);
#2269=VERTEX_POINT('',#7973);
#2270=VERTEX_POINT('',#7978);
#2271=VERTEX_POINT('',#7992);
#2272=VERTEX_POINT('',#7997);
#2273=VERTEX_POINT('',#8011);
#2274=VERTEX_POINT('',#8016);
#2275=VERTEX_POINT('',#8040);
#2276=VERTEX_POINT('',#8041);
#2277=VERTEX_POINT('',#8043);
#2278=VERTEX_POINT('',#8045);
#2279=VERTEX_POINT('',#8049);
#2280=VERTEX_POINT('',#8051);
#2281=VERTEX_POINT('',#8055);
#2282=VERTEX_POINT('',#8057);
#2283=VERTEX_POINT('',#8061);
#2284=VERTEX_POINT('',#8063);
#2285=VERTEX_POINT('',#8067);
#2286=VERTEX_POINT('',#8069);
#2287=VERTEX_POINT('',#8073);
#2288=VERTEX_POINT('',#8075);
#2289=VERTEX_POINT('',#8079);
#2290=VERTEX_POINT('',#8081);
#2291=VERTEX_POINT('',#8085);
#2292=VERTEX_POINT('',#8087);
#2293=VERTEX_POINT('',#8091);
#2294=VERTEX_POINT('',#8093);
#2295=VERTEX_POINT('',#8097);
#2296=VERTEX_POINT('',#8099);
#2297=VERTEX_POINT('',#8103);
#2298=VERTEX_POINT('',#8105);
#2299=VERTEX_POINT('',#8113);
#2300=VERTEX_POINT('',#8114);
#2301=VERTEX_POINT('',#8116);
#2302=VERTEX_POINT('',#8118);
#2303=VERTEX_POINT('',#8122);
#2304=VERTEX_POINT('',#8124);
#2305=VERTEX_POINT('',#8128);
#2306=VERTEX_POINT('',#8130);
#2307=VERTEX_POINT('',#8134);
#2308=VERTEX_POINT('',#8136);
#2309=VERTEX_POINT('',#8140);
#2310=VERTEX_POINT('',#8142);
#2311=VERTEX_POINT('',#8146);
#2312=VERTEX_POINT('',#8148);
#2313=VERTEX_POINT('',#8152);
#2314=VERTEX_POINT('',#8154);
#2315=VERTEX_POINT('',#8158);
#2316=VERTEX_POINT('',#8160);
#2317=VERTEX_POINT('',#8164);
#2318=VERTEX_POINT('',#8166);
#2319=VERTEX_POINT('',#8170);
#2320=VERTEX_POINT('',#8172);
#2321=VERTEX_POINT('',#8176);
#2322=VERTEX_POINT('',#8178);
#2323=VERTEX_POINT('',#8193);
#2324=VERTEX_POINT('',#8194);
#2325=VERTEX_POINT('',#8199);
#2326=VERTEX_POINT('',#8201);
#2327=VERTEX_POINT('',#8215);
#2328=VERTEX_POINT('',#8220);
#2329=VERTEX_POINT('',#8227);
#2330=VERTEX_POINT('',#8229);
#2331=VERTEX_POINT('',#8233);
#2332=VERTEX_POINT('',#8235);
#2333=VERTEX_POINT('',#8249);
#2334=VERTEX_POINT('',#8250);
#2335=VERTEX_POINT('',#8255);
#2336=VERTEX_POINT('',#8257);
#2337=VERTEX_POINT('',#8271);
#2338=VERTEX_POINT('',#8276);
#2339=VERTEX_POINT('',#8283);
#2340=VERTEX_POINT('',#8285);
#2341=VERTEX_POINT('',#8289);
#2342=VERTEX_POINT('',#8291);
#2343=VERTEX_POINT('',#8298);
#2344=VERTEX_POINT('',#8299);
#2345=VERTEX_POINT('',#8301);
#2346=VERTEX_POINT('',#8303);
#2347=VERTEX_POINT('',#8314);
#2348=VERTEX_POINT('',#8319);
#2349=VERTEX_POINT('',#8333);
#2350=VERTEX_POINT('',#8338);
#2351=VERTEX_POINT('',#8352);
#2352=VERTEX_POINT('',#8357);
#2353=VERTEX_POINT('',#8371);
#2354=VERTEX_POINT('',#8376);
#2355=VERTEX_POINT('',#8383);
#2356=VERTEX_POINT('',#8385);
#2357=VERTEX_POINT('',#8393);
#2358=VERTEX_POINT('',#8394);
#2359=VERTEX_POINT('',#8396);
#2360=VERTEX_POINT('',#8398);
#2361=VERTEX_POINT('',#8409);
#2362=VERTEX_POINT('',#8414);
#2363=VERTEX_POINT('',#8428);
#2364=VERTEX_POINT('',#8433);
#2365=VERTEX_POINT('',#8447);
#2366=VERTEX_POINT('',#8452);
#2367=VERTEX_POINT('',#8466);
#2368=VERTEX_POINT('',#8471);
#2369=VERTEX_POINT('',#8478);
#2370=VERTEX_POINT('',#8480);
#2371=VERTEX_POINT('',#8484);
#2372=VERTEX_POINT('',#8486);
#2373=VERTEX_POINT('',#8497);
#2374=VERTEX_POINT('',#8502);
#2375=VERTEX_POINT('',#8516);
#2376=VERTEX_POINT('',#8521);
#2377=VERTEX_POINT('',#8535);
#2378=VERTEX_POINT('',#8540);
#2379=VERTEX_POINT('',#8554);
#2380=VERTEX_POINT('',#8559);
#2381=VERTEX_POINT('',#8573);
#2382=VERTEX_POINT('',#8578);
#2383=VERTEX_POINT('',#8592);
#2384=VERTEX_POINT('',#8597);
#2385=VERTEX_POINT('',#8611);
#2386=VERTEX_POINT('',#8616);
#2387=VERTEX_POINT('',#8627);
#2388=VERTEX_POINT('',#8628);
#2389=VERTEX_POINT('',#8630);
#2390=VERTEX_POINT('',#8632);
#2391=VERTEX_POINT('',#8636);
#2392=VERTEX_POINT('',#8638);
#2393=VERTEX_POINT('',#8642);
#2394=VERTEX_POINT('',#8644);
#2395=VERTEX_POINT('',#8648);
#2396=VERTEX_POINT('',#8650);
#2397=VERTEX_POINT('',#8654);
#2398=VERTEX_POINT('',#8656);
#2399=VERTEX_POINT('',#8660);
#2400=VERTEX_POINT('',#8662);
#2401=VERTEX_POINT('',#8666);
#2402=VERTEX_POINT('',#8668);
#2403=VERTEX_POINT('',#8672);
#2404=VERTEX_POINT('',#8674);
#2405=VERTEX_POINT('',#8678);
#2406=VERTEX_POINT('',#8680);
#2407=VERTEX_POINT('',#8684);
#2408=VERTEX_POINT('',#8686);
#2409=VERTEX_POINT('',#8690);
#2410=VERTEX_POINT('',#8692);
#2411=VERTEX_POINT('',#8700);
#2412=VERTEX_POINT('',#8701);
#2413=VERTEX_POINT('',#8703);
#2414=VERTEX_POINT('',#8705);
#2415=VERTEX_POINT('',#8709);
#2416=VERTEX_POINT('',#8711);
#2417=VERTEX_POINT('',#8715);
#2418=VERTEX_POINT('',#8717);
#2419=VERTEX_POINT('',#8721);
#2420=VERTEX_POINT('',#8723);
#2421=VERTEX_POINT('',#8727);
#2422=VERTEX_POINT('',#8729);
#2423=VERTEX_POINT('',#8733);
#2424=VERTEX_POINT('',#8735);
#2425=VERTEX_POINT('',#8739);
#2426=VERTEX_POINT('',#8741);
#2427=VERTEX_POINT('',#8745);
#2428=VERTEX_POINT('',#8747);
#2429=VERTEX_POINT('',#8751);
#2430=VERTEX_POINT('',#8753);
#2431=VERTEX_POINT('',#8761);
#2432=VERTEX_POINT('',#8762);
#2433=VERTEX_POINT('',#8764);
#2434=VERTEX_POINT('',#8766);
#2435=VERTEX_POINT('',#8772);
#2436=VERTEX_POINT('',#8773);
#2437=VERTEX_POINT('',#8776);
#2438=VERTEX_POINT('',#8780);
#2439=VERTEX_POINT('',#8782);
#2440=VERTEX_POINT('',#8786);
#2441=VERTEX_POINT('',#8788);
#2442=VERTEX_POINT('',#8790);
#2443=VERTEX_POINT('',#8792);
#2444=VERTEX_POINT('',#8794);
#2445=VERTEX_POINT('',#8796);
#2446=VERTEX_POINT('',#8798);
#2447=VERTEX_POINT('',#8800);
#2448=VERTEX_POINT('',#8802);
#2449=VERTEX_POINT('',#8810);
#2450=VERTEX_POINT('',#8845);
#2451=VERTEX_POINT('',#8850);
#2452=VERTEX_POINT('',#8852);
#2453=VERTEX_POINT('',#8854);
#2454=VERTEX_POINT('',#8858);
#2455=VERTEX_POINT('',#8860);
#2456=VERTEX_POINT('',#8864);
#2457=VERTEX_POINT('',#8865);
#2458=VERTEX_POINT('',#8870);
#2459=VERTEX_POINT('',#8871);
#2460=VERTEX_POINT('',#8876);
#2461=VERTEX_POINT('',#8882);
#2462=VERTEX_POINT('',#8884);
#2463=VERTEX_POINT('',#8888);
#2464=VERTEX_POINT('',#8890);
#2465=VERTEX_POINT('',#8896);
#2466=VERTEX_POINT('',#8901);
#2467=VERTEX_POINT('',#8905);
#2468=VERTEX_POINT('',#8909);
#2469=VERTEX_POINT('',#9057);
#2470=VERTEX_POINT('',#9110);
#2471=VERTEX_POINT('',#9112);
#2472=VERTEX_POINT('',#9116);
#2473=VERTEX_POINT('',#9118);
#2474=VERTEX_POINT('',#9124);
#2475=VERTEX_POINT('',#9129);
#2476=VERTEX_POINT('',#9140);
#2477=VERTEX_POINT('',#9144);
#2478=VERTEX_POINT('',#9146);
#2479=VERTEX_POINT('',#9200);
#2480=VERTEX_POINT('',#9249);
#2481=VERTEX_POINT('',#9263);
#2482=VERTEX_POINT('',#9265);
#2483=VERTEX_POINT('',#9269);
#2484=VERTEX_POINT('',#9271);
#2485=VERTEX_POINT('',#9275);
#2486=VERTEX_POINT('',#9277);
#2487=VERTEX_POINT('',#9279);
#2488=VERTEX_POINT('',#9281);
#2489=VERTEX_POINT('',#9310);
#2490=VERTEX_POINT('',#9311);
#2491=VERTEX_POINT('',#9318);
#2492=VERTEX_POINT('',#9325);
#2493=VERTEX_POINT('',#9353);
#2494=VERTEX_POINT('',#9354);
#2495=VERTEX_POINT('',#9356);
#2496=VERTEX_POINT('',#9358);
#2497=VERTEX_POINT('',#9386);
#2498=VERTEX_POINT('',#9392);
#2499=VERTEX_POINT('',#9398);
#2500=VERTEX_POINT('',#9446);
#2501=VERTEX_POINT('',#9453);
#2502=VERTEX_POINT('',#9500);
#2503=VERTEX_POINT('',#9511);
#2504=VERTEX_POINT('',#9513);
#2505=VERTEX_POINT('',#9515);
#2506=VERTEX_POINT('',#9519);
#2507=VERTEX_POINT('',#9521);
#2508=VERTEX_POINT('',#9525);
#2509=VERTEX_POINT('',#9527);
#2510=VERTEX_POINT('',#9529);
#2511=VERTEX_POINT('',#9531);
#2512=VERTEX_POINT('',#9533);
#2513=VERTEX_POINT('',#9537);
#2514=VERTEX_POINT('',#9541);
#2515=VERTEX_POINT('',#9545);
#2516=VERTEX_POINT('',#9551);
#2517=VERTEX_POINT('',#9555);
#2518=VERTEX_POINT('',#9559);
#2519=VERTEX_POINT('',#9563);
#2520=VERTEX_POINT('',#9569);
#2521=VERTEX_POINT('',#9573);
#2522=VERTEX_POINT('',#9577);
#2523=VERTEX_POINT('',#9581);
#2524=VERTEX_POINT('',#9585);
#2525=VERTEX_POINT('',#9591);
#2526=VERTEX_POINT('',#9595);
#2527=VERTEX_POINT('',#9599);
#2528=VERTEX_POINT('',#9603);
#2529=VERTEX_POINT('',#9607);
#2530=VERTEX_POINT('',#9611);
#2531=VERTEX_POINT('',#9615);
#2532=VERTEX_POINT('',#9619);
#2533=VERTEX_POINT('',#9620);
#2534=VERTEX_POINT('',#9625);
#2535=VERTEX_POINT('',#9626);
#2536=VERTEX_POINT('',#9631);
#2537=VERTEX_POINT('',#9632);
#2538=VERTEX_POINT('',#9637);
#2539=VERTEX_POINT('',#9638);
#2540=VERTEX_POINT('',#9646);
#2541=VERTEX_POINT('',#9648);
#2542=VERTEX_POINT('',#9658);
#2543=VERTEX_POINT('',#9666);
#2544=VERTEX_POINT('',#9670);
#2545=VERTEX_POINT('',#9674);
#2546=VERTEX_POINT('',#9680);
#2547=VERTEX_POINT('',#9681);
#2548=VERTEX_POINT('',#9683);
#2549=VERTEX_POINT('',#9685);
#2550=VERTEX_POINT('',#9687);
#2551=VERTEX_POINT('',#9689);
#2552=VERTEX_POINT('',#9691);
#2553=VERTEX_POINT('',#9693);
#2554=VERTEX_POINT('',#9727);
#2555=VERTEX_POINT('',#9736);
#2556=VERTEX_POINT('',#9737);
#2557=VERTEX_POINT('',#9742);
#2558=VERTEX_POINT('',#9751);
#2559=VERTEX_POINT('',#9755);
#2560=VERTEX_POINT('',#9764);
#2561=VERTEX_POINT('',#9768);
#2562=VERTEX_POINT('',#9777);
#2563=VERTEX_POINT('',#9778);
#2564=VERTEX_POINT('',#9783);
#2565=VERTEX_POINT('',#9794);
#2566=VERTEX_POINT('',#9795);
#2567=VERTEX_POINT('',#9802);
#2568=VERTEX_POINT('',#9810);
#2569=VERTEX_POINT('',#9812);
#2570=VERTEX_POINT('',#9816);
#2571=VERTEX_POINT('',#9820);
#2572=VERTEX_POINT('',#9824);
#2573=VERTEX_POINT('',#9828);
#2574=VERTEX_POINT('',#9832);
#2575=VERTEX_POINT('',#9836);
#2576=VERTEX_POINT('',#9840);
#2577=VERTEX_POINT('',#9844);
#2578=VERTEX_POINT('',#9848);
#2579=VERTEX_POINT('',#9852);
#2580=VERTEX_POINT('',#9856);
#2581=VERTEX_POINT('',#9860);
#2582=VERTEX_POINT('',#9864);
#2583=VERTEX_POINT('',#9868);
#2584=VERTEX_POINT('',#9874);
#2585=VERTEX_POINT('',#9876);
#2586=VERTEX_POINT('',#9879);
#2587=VERTEX_POINT('',#9882);
#2588=VERTEX_POINT('',#9884);
#2589=VERTEX_POINT('',#9887);
#2590=VERTEX_POINT('',#9890);
#2591=VERTEX_POINT('',#9894);
#2592=VERTEX_POINT('',#9898);
#2593=VERTEX_POINT('',#9899);
#2594=VERTEX_POINT('',#9901);
#2595=VERTEX_POINT('',#9903);
#2596=VERTEX_POINT('',#9905);
#2597=VERTEX_POINT('',#9910);
#2598=VERTEX_POINT('',#9911);
#2599=VERTEX_POINT('',#9916);
#2600=VERTEX_POINT('',#9917);
#2601=VERTEX_POINT('',#9922);
#2602=VERTEX_POINT('',#9923);
#2603=VERTEX_POINT('',#9927);
#2604=VERTEX_POINT('',#9929);
#2605=VERTEX_POINT('',#9934);
#2606=VERTEX_POINT('',#9935);
#2607=VERTEX_POINT('',#9937);
#2608=VERTEX_POINT('',#9939);
#2609=VERTEX_POINT('',#9941);
#2610=VERTEX_POINT('',#9943);
#2611=VERTEX_POINT('',#9945);
#2612=VERTEX_POINT('',#9947);
#2613=VERTEX_POINT('',#9968);
#2614=VERTEX_POINT('',#9969);
#2615=VERTEX_POINT('',#9971);
#2616=VERTEX_POINT('',#9975);
#2617=VERTEX_POINT('',#9976);
#2618=VERTEX_POINT('',#10016);
#2619=VERTEX_POINT('',#10017);
#2620=VERTEX_POINT('',#10022);
#2621=VERTEX_POINT('',#10023);
#2622=VERTEX_POINT('',#10028);
#2623=VERTEX_POINT('',#10029);
#2624=VERTEX_POINT('',#10034);
#2625=VERTEX_POINT('',#10035);
#2626=VERTEX_POINT('',#10040);
#2627=VERTEX_POINT('',#10042);
#2628=VERTEX_POINT('',#10044);
#2629=VERTEX_POINT('',#10048);
#2630=VERTEX_POINT('',#10050);
#2631=VERTEX_POINT('',#10063);
#2632=VERTEX_POINT('',#10065);
#2633=VERTEX_POINT('',#10067);
#2634=VERTEX_POINT('',#10069);
#2635=VERTEX_POINT('',#10080);
#2636=VERTEX_POINT('',#10082);
#2637=VERTEX_POINT('',#10084);
#2638=VERTEX_POINT('',#10113);
#2639=VERTEX_POINT('',#10115);
#2640=VERTEX_POINT('',#10117);
#2641=VERTEX_POINT('',#10119);
#2642=VERTEX_POINT('',#10121);
#2643=VERTEX_POINT('',#10150);
#2644=VERTEX_POINT('',#10154);
#2645=VERTEX_POINT('',#10160);
#2646=VERTEX_POINT('',#10164);
#2647=VERTEX_POINT('',#10166);
#2648=VERTEX_POINT('',#10168);
#2649=VERTEX_POINT('',#10170);
#2650=VERTEX_POINT('',#10172);
#2651=VERTEX_POINT('',#10176);
#2652=VERTEX_POINT('',#10177);
#2653=VERTEX_POINT('',#10179);
#2654=VERTEX_POINT('',#10183);
#2655=VERTEX_POINT('',#10184);
#2656=VERTEX_POINT('',#10224);
#2657=VERTEX_POINT('',#10229);
#2658=VERTEX_POINT('',#10233);
#2659=VERTEX_POINT('',#10234);
#2660=VERTEX_POINT('',#10239);
#2661=VERTEX_POINT('',#10240);
#2662=VERTEX_POINT('',#10245);
#2663=VERTEX_POINT('',#10246);
#2664=VERTEX_POINT('',#10248);
#2665=VERTEX_POINT('',#10256);
#2666=VERTEX_POINT('',#10258);
#2667=VERTEX_POINT('',#10260);
#2668=VERTEX_POINT('',#10262);
#2669=VERTEX_POINT('',#10267);
#2670=VERTEX_POINT('',#10269);
#2671=VERTEX_POINT('',#10292);
#2672=VERTEX_POINT('',#10303);
#2673=VERTEX_POINT('',#10305);
#2674=VERTEX_POINT('',#10309);
#2675=VERTEX_POINT('',#10311);
#2676=VERTEX_POINT('',#10346);
#2677=VERTEX_POINT('',#10348);
#2678=VERTEX_POINT('',#10355);
#2679=VERTEX_POINT('',#10357);
#2680=VERTEX_POINT('',#10361);
#2681=VERTEX_POINT('',#10363);
#2682=VERTEX_POINT('',#10395);
#2683=VERTEX_POINT('',#10397);
#2684=VERTEX_POINT('',#10404);
#2685=VERTEX_POINT('',#10406);
#2686=VERTEX_POINT('',#10410);
#2687=VERTEX_POINT('',#10414);
#2688=VERTEX_POINT('',#10418);
#2689=VERTEX_POINT('',#10422);
#2690=VERTEX_POINT('',#10426);
#2691=VERTEX_POINT('',#10430);
#2692=EDGE_CURVE('',#2200,#2201,#1998,.T.);
#2693=EDGE_CURVE('',#2202,#2201,#1042,.T.);
#2694=EDGE_CURVE('',#2203,#2202,#1999,.T.);
#2695=EDGE_CURVE('',#2203,#2200,#1043,.T.);
#2696=EDGE_CURVE('',#2201,#2204,#1044,.T.);
#2697=EDGE_CURVE('',#2205,#2204,#1045,.T.);
#2698=EDGE_CURVE('',#2202,#2205,#1046,.T.);
#2699=EDGE_CURVE('',#2204,#2206,#2000,.T.);
#2700=EDGE_CURVE('',#2207,#2206,#1047,.T.);
#2701=EDGE_CURVE('',#2205,#2207,#2001,.T.);
#2702=EDGE_CURVE('',#2206,#2200,#1048,.T.);
#2703=EDGE_CURVE('',#2207,#2203,#1049,.T.);
#2704=EDGE_CURVE('',#2208,#2209,#2002,.T.);
#2705=EDGE_CURVE('',#2209,#2208,#2003,.T.);
#2706=EDGE_CURVE('',#2210,#2211,#2004,.T.);
#2707=EDGE_CURVE('',#2211,#2210,#2005,.T.);
#2708=EDGE_CURVE('',#2211,#2209,#1050,.T.);
#2709=EDGE_CURVE('',#2212,#2213,#2006,.T.);
#2710=EDGE_CURVE('',#2213,#2212,#2007,.T.);
#2711=EDGE_CURVE('',#2213,#2211,#1051,.T.);
#2712=EDGE_CURVE('',#2214,#2215,#2008,.T.);
#2713=EDGE_CURVE('',#2216,#2214,#2009,.T.);
#2714=EDGE_CURVE('',#2216,#2213,#1052,.T.);
#2715=EDGE_CURVE('',#2215,#2216,#2010,.T.);
#2716=EDGE_CURVE('',#2215,#2217,#2011,.T.);
#2717=EDGE_CURVE('',#2218,#2217,#2012,.T.);
#2718=EDGE_CURVE('',#2219,#2218,#2013,.T.);
#2719=EDGE_CURVE('',#2217,#2219,#2014,.T.);
#2720=EDGE_CURVE('',#2220,#2221,#2015,.T.);
#2721=EDGE_CURVE('',#2222,#2220,#2016,.T.);
#2722=EDGE_CURVE('',#2222,#2219,#1053,.T.);
#2723=EDGE_CURVE('',#2221,#2222,#2017,.T.);
#2724=EDGE_CURVE('',#2221,#2223,#2018,.T.);
#2725=EDGE_CURVE('',#2224,#2223,#2019,.T.);
#2726=EDGE_CURVE('',#2223,#2224,#2020,.T.);
#2727=EDGE_CURVE('',#2225,#2226,#2021,.T.);
#2728=EDGE_CURVE('',#2226,#2225,#2022,.T.);
#2729=EDGE_CURVE('',#2227,#2228,#2023,.T.);
#2730=EDGE_CURVE('',#2228,#2227,#2024,.T.);
#2731=EDGE_CURVE('',#2228,#2226,#1054,.T.);
#2732=EDGE_CURVE('',#2229,#2229,#2025,.T.);
#2733=EDGE_CURVE('',#2229,#2230,#1055,.T.);
#2734=EDGE_CURVE('',#2230,#2230,#2026,.T.);
#2735=EDGE_CURVE('',#2231,#2232,#1056,.T.);
#2736=EDGE_CURVE('',#2231,#2233,#1057,.T.);
#2737=EDGE_CURVE('',#2233,#2234,#1058,.T.);
#2738=EDGE_CURVE('',#2232,#2234,#1059,.T.);
#2739=EDGE_CURVE('',#2235,#2231,#1060,.T.);
#2740=EDGE_CURVE('',#2235,#2236,#1061,.T.);
#2741=EDGE_CURVE('',#2236,#2233,#1062,.T.);
#2742=EDGE_CURVE('',#2237,#2235,#1063,.T.);
#2743=EDGE_CURVE('',#2237,#2238,#1064,.T.);
#2744=EDGE_CURVE('',#2238,#2236,#1065,.T.);
#2745=EDGE_CURVE('',#2239,#2237,#1066,.T.);
#2746=EDGE_CURVE('',#2239,#2240,#1067,.T.);
#2747=EDGE_CURVE('',#2240,#2238,#1068,.T.);
#2748=EDGE_CURVE('',#2241,#2239,#1069,.T.);
#2749=EDGE_CURVE('',#2241,#2242,#1070,.T.);
#2750=EDGE_CURVE('',#2242,#2240,#1071,.T.);
#2751=EDGE_CURVE('',#2243,#2241,#1072,.T.);
#2752=EDGE_CURVE('',#2243,#2244,#1073,.T.);
#2753=EDGE_CURVE('',#2244,#2242,#1074,.T.);
#2754=EDGE_CURVE('',#2245,#2243,#1075,.T.);
#2755=EDGE_CURVE('',#2245,#2246,#1076,.T.);
#2756=EDGE_CURVE('',#2246,#2244,#1077,.T.);
#2757=EDGE_CURVE('',#2247,#2245,#1078,.T.);
#2758=EDGE_CURVE('',#2247,#2248,#1079,.T.);
#2759=EDGE_CURVE('',#2248,#2246,#1080,.T.);
#2760=EDGE_CURVE('',#2249,#2247,#1081,.T.);
#2761=EDGE_CURVE('',#2249,#2250,#1082,.T.);
#2762=EDGE_CURVE('',#2250,#2248,#1083,.T.);
#2763=EDGE_CURVE('',#2232,#2249,#1084,.T.);
#2764=EDGE_CURVE('',#2234,#2250,#1085,.T.);
#2765=EDGE_CURVE('',#2251,#2252,#46,.T.);
#2766=EDGE_CURVE('',#2251,#2253,#1086,.T.);
#2767=EDGE_CURVE('',#2253,#2254,#47,.T.);
#2768=EDGE_CURVE('',#2252,#2254,#1087,.T.);
#2769=EDGE_CURVE('',#2252,#2255,#48,.T.);
#2770=EDGE_CURVE('',#2254,#2256,#49,.T.);
#2771=EDGE_CURVE('',#2255,#2256,#1088,.T.);
#2772=EDGE_CURVE('',#2255,#2257,#50,.T.);
#2773=EDGE_CURVE('',#2256,#2258,#51,.T.);
#2774=EDGE_CURVE('',#2257,#2258,#1089,.T.);
#2775=EDGE_CURVE('',#2257,#2251,#52,.T.);
#2776=EDGE_CURVE('',#2258,#2253,#53,.T.);
#2777=EDGE_CURVE('',#2259,#2260,#54,.T.);
#2778=EDGE_CURVE('',#2259,#2261,#1090,.T.);
#2779=EDGE_CURVE('',#2261,#2262,#55,.T.);
#2780=EDGE_CURVE('',#2260,#2262,#1091,.T.);
#2781=EDGE_CURVE('',#2263,#2259,#56,.T.);
#2782=EDGE_CURVE('',#2263,#2264,#1092,.T.);
#2783=EDGE_CURVE('',#2264,#2261,#57,.T.);
#2784=EDGE_CURVE('',#2265,#2263,#58,.T.);
#2785=EDGE_CURVE('',#2265,#2266,#1093,.T.);
#2786=EDGE_CURVE('',#2266,#2264,#59,.T.);
#2787=EDGE_CURVE('',#2267,#2265,#60,.T.);
#2788=EDGE_CURVE('',#2267,#2268,#1094,.T.);
#2789=EDGE_CURVE('',#2268,#2266,#61,.T.);
#2790=EDGE_CURVE('',#2269,#2267,#62,.T.);
#2791=EDGE_CURVE('',#2269,#2270,#1095,.T.);
#2792=EDGE_CURVE('',#2270,#2268,#63,.T.);
#2793=EDGE_CURVE('',#2271,#2269,#64,.T.);
#2794=EDGE_CURVE('',#2271,#2272,#1096,.T.);
#2795=EDGE_CURVE('',#2272,#2270,#65,.T.);
#2796=EDGE_CURVE('',#2273,#2271,#66,.T.);
#2797=EDGE_CURVE('',#2273,#2274,#1097,.T.);
#2798=EDGE_CURVE('',#2274,#2272,#67,.T.);
#2799=EDGE_CURVE('',#2260,#2273,#68,.T.);
#2800=EDGE_CURVE('',#2262,#2274,#69,.T.);
#2801=EDGE_CURVE('',#2275,#2276,#1098,.T.);
#2802=EDGE_CURVE('',#2275,#2277,#1099,.T.);
#2803=EDGE_CURVE('',#2277,#2278,#1100,.T.);
#2804=EDGE_CURVE('',#2276,#2278,#1101,.T.);
#2805=EDGE_CURVE('',#2279,#2275,#1102,.T.);
#2806=EDGE_CURVE('',#2279,#2280,#1103,.T.);
#2807=EDGE_CURVE('',#2280,#2277,#1104,.T.);
#2808=EDGE_CURVE('',#2281,#2279,#1105,.T.);
#2809=EDGE_CURVE('',#2281,#2282,#1106,.T.);
#2810=EDGE_CURVE('',#2282,#2280,#1107,.T.);
#2811=EDGE_CURVE('',#2283,#2281,#1108,.T.);
#2812=EDGE_CURVE('',#2283,#2284,#1109,.T.);
#2813=EDGE_CURVE('',#2284,#2282,#1110,.T.);
#2814=EDGE_CURVE('',#2285,#2283,#1111,.T.);
#2815=EDGE_CURVE('',#2285,#2286,#1112,.T.);
#2816=EDGE_CURVE('',#2286,#2284,#1113,.T.);
#2817=EDGE_CURVE('',#2287,#2285,#1114,.T.);
#2818=EDGE_CURVE('',#2287,#2288,#1115,.T.);
#2819=EDGE_CURVE('',#2288,#2286,#1116,.T.);
#2820=EDGE_CURVE('',#2289,#2287,#1117,.T.);
#2821=EDGE_CURVE('',#2289,#2290,#1118,.T.);
#2822=EDGE_CURVE('',#2290,#2288,#1119,.T.);
#2823=EDGE_CURVE('',#2291,#2289,#1120,.T.);
#2824=EDGE_CURVE('',#2291,#2292,#1121,.T.);
#2825=EDGE_CURVE('',#2292,#2290,#1122,.T.);
#2826=EDGE_CURVE('',#2293,#2291,#1123,.T.);
#2827=EDGE_CURVE('',#2293,#2294,#1124,.T.);
#2828=EDGE_CURVE('',#2294,#2292,#1125,.T.);
#2829=EDGE_CURVE('',#2295,#2293,#1126,.T.);
#2830=EDGE_CURVE('',#2295,#2296,#1127,.T.);
#2831=EDGE_CURVE('',#2296,#2294,#1128,.T.);
#2832=EDGE_CURVE('',#2297,#2295,#1129,.T.);
#2833=EDGE_CURVE('',#2297,#2298,#1130,.T.);
#2834=EDGE_CURVE('',#2298,#2296,#1131,.T.);
#2835=EDGE_CURVE('',#2276,#2297,#1132,.T.);
#2836=EDGE_CURVE('',#2278,#2298,#1133,.T.);
#2837=EDGE_CURVE('',#2299,#2300,#1134,.T.);
#2838=EDGE_CURVE('',#2299,#2301,#1135,.T.);
#2839=EDGE_CURVE('',#2301,#2302,#1136,.T.);
#2840=EDGE_CURVE('',#2300,#2302,#1137,.T.);
#2841=EDGE_CURVE('',#2303,#2299,#1138,.T.);
#2842=EDGE_CURVE('',#2303,#2304,#1139,.T.);
#2843=EDGE_CURVE('',#2304,#2301,#1140,.T.);
#2844=EDGE_CURVE('',#2305,#2303,#1141,.T.);
#2845=EDGE_CURVE('',#2305,#2306,#1142,.T.);
#2846=EDGE_CURVE('',#2306,#2304,#1143,.T.);
#2847=EDGE_CURVE('',#2307,#2305,#1144,.T.);
#2848=EDGE_CURVE('',#2307,#2308,#1145,.T.);
#2849=EDGE_CURVE('',#2308,#2306,#1146,.T.);
#2850=EDGE_CURVE('',#2309,#2307,#1147,.T.);
#2851=EDGE_CURVE('',#2309,#2310,#1148,.T.);
#2852=EDGE_CURVE('',#2310,#2308,#1149,.T.);
#2853=EDGE_CURVE('',#2311,#2309,#1150,.T.);
#2854=EDGE_CURVE('',#2311,#2312,#1151,.T.);
#2855=EDGE_CURVE('',#2312,#2310,#1152,.T.);
#2856=EDGE_CURVE('',#2313,#2311,#1153,.T.);
#2857=EDGE_CURVE('',#2313,#2314,#1154,.T.);
#2858=EDGE_CURVE('',#2314,#2312,#1155,.T.);
#2859=EDGE_CURVE('',#2315,#2313,#1156,.T.);
#2860=EDGE_CURVE('',#2315,#2316,#1157,.T.);
#2861=EDGE_CURVE('',#2316,#2314,#1158,.T.);
#2862=EDGE_CURVE('',#2317,#2315,#1159,.T.);
#2863=EDGE_CURVE('',#2317,#2318,#1160,.T.);
#2864=EDGE_CURVE('',#2318,#2316,#1161,.T.);
#2865=EDGE_CURVE('',#2319,#2317,#1162,.T.);
#2866=EDGE_CURVE('',#2319,#2320,#1163,.T.);
#2867=EDGE_CURVE('',#2320,#2318,#1164,.T.);
#2868=EDGE_CURVE('',#2321,#2319,#1165,.T.);
#2869=EDGE_CURVE('',#2321,#2322,#1166,.T.);
#2870=EDGE_CURVE('',#2322,#2320,#1167,.T.);
#2871=EDGE_CURVE('',#2300,#2321,#1168,.T.);
#2872=EDGE_CURVE('',#2302,#2322,#1169,.T.);
#2873=EDGE_CURVE('',#2323,#2324,#70,.T.);
#2874=EDGE_CURVE('',#2323,#2325,#1170,.T.);
#2875=EDGE_CURVE('',#2325,#2326,#71,.T.);
#2876=EDGE_CURVE('',#2324,#2326,#1171,.T.);
#2877=EDGE_CURVE('',#2324,#2327,#72,.T.);
#2878=EDGE_CURVE('',#2326,#2328,#73,.T.);
#2879=EDGE_CURVE('',#2327,#2328,#1172,.T.);
#2880=EDGE_CURVE('',#2327,#2329,#1173,.T.);
#2881=EDGE_CURVE('',#2328,#2330,#1174,.T.);
#2882=EDGE_CURVE('',#2329,#2330,#1175,.T.);
#2883=EDGE_CURVE('',#2329,#2331,#1176,.T.);
#2884=EDGE_CURVE('',#2330,#2332,#1177,.T.);
#2885=EDGE_CURVE('',#2331,#2332,#1178,.T.);
#2886=EDGE_CURVE('',#2331,#2323,#1179,.T.);
#2887=EDGE_CURVE('',#2332,#2325,#1180,.T.);
#2888=EDGE_CURVE('',#2333,#2334,#74,.T.);
#2889=EDGE_CURVE('',#2333,#2335,#1181,.T.);
#2890=EDGE_CURVE('',#2335,#2336,#75,.T.);
#2891=EDGE_CURVE('',#2334,#2336,#1182,.T.);
#2892=EDGE_CURVE('',#2334,#2337,#76,.T.);
#2893=EDGE_CURVE('',#2336,#2338,#77,.T.);
#2894=EDGE_CURVE('',#2337,#2338,#1183,.T.);
#2895=EDGE_CURVE('',#2337,#2339,#1184,.T.);
#2896=EDGE_CURVE('',#2338,#2340,#1185,.T.);
#2897=EDGE_CURVE('',#2339,#2340,#1186,.T.);
#2898=EDGE_CURVE('',#2339,#2341,#1187,.T.);
#2899=EDGE_CURVE('',#2340,#2342,#1188,.T.);
#2900=EDGE_CURVE('',#2341,#2342,#1189,.T.);
#2901=EDGE_CURVE('',#2341,#2333,#1190,.T.);
#2902=EDGE_CURVE('',#2342,#2335,#1191,.T.);
#2903=EDGE_CURVE('',#2343,#2344,#1192,.T.);
#2904=EDGE_CURVE('',#2343,#2345,#1193,.T.);
#2905=EDGE_CURVE('',#2345,#2346,#1194,.T.);
#2906=EDGE_CURVE('',#2344,#2346,#1195,.T.);
#2907=EDGE_CURVE('',#2347,#2343,#78,.T.);
#2908=EDGE_CURVE('',#2347,#2348,#1196,.T.);
#2909=EDGE_CURVE('',#2348,#2345,#79,.T.);
#2910=EDGE_CURVE('',#2349,#2347,#80,.T.);
#2911=EDGE_CURVE('',#2349,#2350,#1197,.T.);
#2912=EDGE_CURVE('',#2350,#2348,#81,.T.);
#2913=EDGE_CURVE('',#2351,#2349,#82,.T.);
#2914=EDGE_CURVE('',#2351,#2352,#1198,.T.);
#2915=EDGE_CURVE('',#2352,#2350,#83,.T.);
#2916=EDGE_CURVE('',#2353,#2351,#84,.T.);
#2917=EDGE_CURVE('',#2353,#2354,#1199,.T.);
#2918=EDGE_CURVE('',#2354,#2352,#85,.T.);
#2919=EDGE_CURVE('',#2355,#2353,#1200,.T.);
#2920=EDGE_CURVE('',#2355,#2356,#1201,.T.);
#2921=EDGE_CURVE('',#2356,#2354,#1202,.T.);
#2922=EDGE_CURVE('',#2344,#2355,#1203,.T.);
#2923=EDGE_CURVE('',#2346,#2356,#1204,.T.);
#2924=EDGE_CURVE('',#2357,#2358,#1205,.T.);
#2925=EDGE_CURVE('',#2357,#2359,#1206,.T.);
#2926=EDGE_CURVE('',#2359,#2360,#1207,.T.);
#2927=EDGE_CURVE('',#2358,#2360,#1208,.T.);
#2928=EDGE_CURVE('',#2361,#2357,#86,.T.);
#2929=EDGE_CURVE('',#2361,#2362,#1209,.T.);
#2930=EDGE_CURVE('',#2362,#2359,#87,.T.);
#2931=EDGE_CURVE('',#2363,#2361,#88,.T.);
#2932=EDGE_CURVE('',#2363,#2364,#1210,.T.);
#2933=EDGE_CURVE('',#2364,#2362,#89,.T.);
#2934=EDGE_CURVE('',#2365,#2363,#90,.T.);
#2935=EDGE_CURVE('',#2365,#2366,#1211,.T.);
#2936=EDGE_CURVE('',#2366,#2364,#91,.T.);
#2937=EDGE_CURVE('',#2367,#2365,#92,.T.);
#2938=EDGE_CURVE('',#2367,#2368,#1212,.T.);
#2939=EDGE_CURVE('',#2368,#2366,#93,.T.);
#2940=EDGE_CURVE('',#2369,#2367,#1213,.T.);
#2941=EDGE_CURVE('',#2369,#2370,#1214,.T.);
#2942=EDGE_CURVE('',#2370,#2368,#1215,.T.);
#2943=EDGE_CURVE('',#2371,#2369,#1216,.T.);
#2944=EDGE_CURVE('',#2371,#2372,#1217,.T.);
#2945=EDGE_CURVE('',#2372,#2370,#1218,.T.);
#2946=EDGE_CURVE('',#2373,#2371,#94,.T.);
#2947=EDGE_CURVE('',#2373,#2374,#1219,.T.);
#2948=EDGE_CURVE('',#2374,#2372,#95,.T.);
#2949=EDGE_CURVE('',#2375,#2373,#96,.T.);
#2950=EDGE_CURVE('',#2375,#2376,#1220,.T.);
#2951=EDGE_CURVE('',#2376,#2374,#97,.T.);
#2952=EDGE_CURVE('',#2377,#2375,#98,.T.);
#2953=EDGE_CURVE('',#2377,#2378,#1221,.T.);
#2954=EDGE_CURVE('',#2378,#2376,#99,.T.);
#2955=EDGE_CURVE('',#2379,#2377,#100,.T.);
#2956=EDGE_CURVE('',#2379,#2380,#1222,.T.);
#2957=EDGE_CURVE('',#2380,#2378,#101,.T.);
#2958=EDGE_CURVE('',#2381,#2379,#102,.T.);
#2959=EDGE_CURVE('',#2381,#2382,#1223,.T.);
#2960=EDGE_CURVE('',#2382,#2380,#103,.T.);
#2961=EDGE_CURVE('',#2383,#2381,#104,.T.);
#2962=EDGE_CURVE('',#2383,#2384,#1224,.T.);
#2963=EDGE_CURVE('',#2384,#2382,#105,.T.);
#2964=EDGE_CURVE('',#2385,#2383,#106,.T.);
#2965=EDGE_CURVE('',#2385,#2386,#1225,.T.);
#2966=EDGE_CURVE('',#2386,#2384,#107,.T.);
#2967=EDGE_CURVE('',#2358,#2385,#1226,.T.);
#2968=EDGE_CURVE('',#2360,#2386,#1227,.T.);
#2969=EDGE_CURVE('',#2387,#2388,#1228,.T.);
#2970=EDGE_CURVE('',#2387,#2389,#1229,.T.);
#2971=EDGE_CURVE('',#2389,#2390,#1230,.T.);
#2972=EDGE_CURVE('',#2388,#2390,#1231,.T.);
#2973=EDGE_CURVE('',#2391,#2387,#1232,.T.);
#2974=EDGE_CURVE('',#2391,#2392,#1233,.T.);
#2975=EDGE_CURVE('',#2392,#2389,#1234,.T.);
#2976=EDGE_CURVE('',#2393,#2391,#1235,.T.);
#2977=EDGE_CURVE('',#2393,#2394,#1236,.T.);
#2978=EDGE_CURVE('',#2394,#2392,#1237,.T.);
#2979=EDGE_CURVE('',#2395,#2393,#1238,.T.);
#2980=EDGE_CURVE('',#2395,#2396,#1239,.T.);
#2981=EDGE_CURVE('',#2396,#2394,#1240,.T.);
#2982=EDGE_CURVE('',#2397,#2395,#1241,.T.);
#2983=EDGE_CURVE('',#2397,#2398,#1242,.T.);
#2984=EDGE_CURVE('',#2398,#2396,#1243,.T.);
#2985=EDGE_CURVE('',#2399,#2397,#1244,.T.);
#2986=EDGE_CURVE('',#2399,#2400,#1245,.T.);
#2987=EDGE_CURVE('',#2400,#2398,#1246,.T.);
#2988=EDGE_CURVE('',#2401,#2399,#1247,.T.);
#2989=EDGE_CURVE('',#2401,#2402,#1248,.T.);
#2990=EDGE_CURVE('',#2402,#2400,#1249,.T.);
#2991=EDGE_CURVE('',#2403,#2401,#1250,.T.);
#2992=EDGE_CURVE('',#2403,#2404,#1251,.T.);
#2993=EDGE_CURVE('',#2404,#2402,#1252,.T.);
#2994=EDGE_CURVE('',#2405,#2403,#1253,.T.);
#2995=EDGE_CURVE('',#2405,#2406,#1254,.T.);
#2996=EDGE_CURVE('',#2406,#2404,#1255,.T.);
#2997=EDGE_CURVE('',#2407,#2405,#1256,.T.);
#2998=EDGE_CURVE('',#2407,#2408,#1257,.T.);
#2999=EDGE_CURVE('',#2408,#2406,#1258,.T.);
#3000=EDGE_CURVE('',#2409,#2407,#1259,.T.);
#3001=EDGE_CURVE('',#2409,#2410,#1260,.T.);
#3002=EDGE_CURVE('',#2410,#2408,#1261,.T.);
#3003=EDGE_CURVE('',#2388,#2409,#1262,.T.);
#3004=EDGE_CURVE('',#2390,#2410,#1263,.T.);
#3005=EDGE_CURVE('',#2411,#2412,#1264,.T.);
#3006=EDGE_CURVE('',#2411,#2413,#1265,.T.);
#3007=EDGE_CURVE('',#2413,#2414,#1266,.T.);
#3008=EDGE_CURVE('',#2412,#2414,#1267,.T.);
#3009=EDGE_CURVE('',#2415,#2411,#1268,.T.);
#3010=EDGE_CURVE('',#2415,#2416,#1269,.T.);
#3011=EDGE_CURVE('',#2416,#2413,#1270,.T.);
#3012=EDGE_CURVE('',#2417,#2415,#1271,.T.);
#3013=EDGE_CURVE('',#2417,#2418,#1272,.T.);
#3014=EDGE_CURVE('',#2418,#2416,#1273,.T.);
#3015=EDGE_CURVE('',#2419,#2417,#1274,.T.);
#3016=EDGE_CURVE('',#2419,#2420,#1275,.T.);
#3017=EDGE_CURVE('',#2420,#2418,#1276,.T.);
#3018=EDGE_CURVE('',#2421,#2419,#1277,.T.);
#3019=EDGE_CURVE('',#2421,#2422,#1278,.T.);
#3020=EDGE_CURVE('',#2422,#2420,#1279,.T.);
#3021=EDGE_CURVE('',#2423,#2421,#1280,.T.);
#3022=EDGE_CURVE('',#2423,#2424,#1281,.T.);
#3023=EDGE_CURVE('',#2424,#2422,#1282,.T.);
#3024=EDGE_CURVE('',#2425,#2423,#1283,.T.);
#3025=EDGE_CURVE('',#2425,#2426,#1284,.T.);
#3026=EDGE_CURVE('',#2426,#2424,#1285,.T.);
#3027=EDGE_CURVE('',#2427,#2425,#1286,.T.);
#3028=EDGE_CURVE('',#2427,#2428,#1287,.T.);
#3029=EDGE_CURVE('',#2428,#2426,#1288,.T.);
#3030=EDGE_CURVE('',#2429,#2427,#1289,.T.);
#3031=EDGE_CURVE('',#2429,#2430,#1290,.T.);
#3032=EDGE_CURVE('',#2430,#2428,#1291,.T.);
#3033=EDGE_CURVE('',#2412,#2429,#1292,.T.);
#3034=EDGE_CURVE('',#2414,#2430,#1293,.T.);
#3035=EDGE_CURVE('',#2431,#2432,#1294,.T.);
#3036=EDGE_CURVE('',#2433,#2431,#1295,.T.);
#3037=EDGE_CURVE('',#2433,#2434,#2027,.T.);
#3038=EDGE_CURVE('',#2434,#2432,#1296,.T.);
#3039=EDGE_CURVE('',#2435,#2436,#2028,.T.);
#3040=EDGE_CURVE('',#2431,#2436,#2029,.T.);
#3041=EDGE_CURVE('',#2432,#2437,#2030,.T.);
#3042=EDGE_CURVE('',#2437,#2435,#1297,.T.);
#3043=EDGE_CURVE('',#2438,#2435,#1298,.T.);
#3044=EDGE_CURVE('',#2439,#2438,#1299,.T.);
#3045=EDGE_CURVE('',#2436,#2439,#2031,.T.);
#3046=EDGE_CURVE('',#2440,#2437,#1300,.T.);
#3047=EDGE_CURVE('',#2440,#2441,#1301,.T.);
#3048=EDGE_CURVE('',#2441,#2442,#1302,.T.);
#3049=EDGE_CURVE('',#2443,#2442,#1303,.T.);
#3050=EDGE_CURVE('',#2443,#2444,#1304,.T.);
#3051=EDGE_CURVE('',#2444,#2445,#1305,.T.);
#3052=EDGE_CURVE('',#2446,#2445,#1306,.T.);
#3053=EDGE_CURVE('',#2447,#2446,#1307,.T.);
#3054=EDGE_CURVE('',#2447,#2448,#108,.F.);
#3055=EDGE_CURVE('',#2449,#2448,#109,.T.);
#3056=EDGE_CURVE('',#2438,#2449,#1308,.T.);
#3057=EDGE_CURVE('',#2450,#2434,#1309,.T.);
#3058=EDGE_CURVE('',#2440,#2450,#1310,.T.);
#3059=EDGE_CURVE('',#2450,#2451,#2032,.T.);
#3060=EDGE_CURVE('',#2452,#2451,#1311,.T.);
#3061=EDGE_CURVE('',#2453,#2452,#2033,.T.);
#3062=EDGE_CURVE('',#2441,#2453,#1312,.T.);
#3063=EDGE_CURVE('',#2454,#2436,#2034,.T.);
#3064=EDGE_CURVE('',#2455,#2454,#1313,.T.);
#3065=EDGE_CURVE('',#2455,#2433,#1314,.T.);
#3066=EDGE_CURVE('',#2456,#2457,#2035,.T.);
#3067=EDGE_CURVE('',#2456,#2453,#1315,.T.);
#3068=EDGE_CURVE('',#2457,#2452,#1316,.T.);
#3069=EDGE_CURVE('',#2458,#2459,#2036,.T.);
#3070=EDGE_CURVE('',#2442,#2458,#1317,.T.);
#3071=EDGE_CURVE('',#2459,#2456,#1318,.T.);
#3072=EDGE_CURVE('',#2460,#2455,#2037,.T.);
#3073=EDGE_CURVE('',#2460,#2451,#1319,.T.);
#3074=EDGE_CURVE('',#2457,#2460,#1320,.T.);
#3075=EDGE_CURVE('',#2459,#2461,#1321,.T.);
#3076=EDGE_CURVE('',#2461,#2462,#2038,.T.);
#3077=EDGE_CURVE('',#2462,#2458,#1322,.T.);
#3078=EDGE_CURVE('',#2439,#2463,#1323,.T.);
#3079=EDGE_CURVE('',#2464,#2463,#2039,.T.);
#3080=EDGE_CURVE('',#2464,#2454,#1324,.T.);
#3081=EDGE_CURVE('',#2443,#2462,#1325,.T.);
#3082=EDGE_CURVE('',#2465,#2449,#110,.T.);
#3083=EDGE_CURVE('',#2466,#2465,#37,.T.);
#3084=EDGE_CURVE('',#2463,#2466,#1326,.T.);
#3085=EDGE_CURVE('',#2463,#2467,#2040,.T.);
#3086=EDGE_CURVE('',#2467,#2464,#2041,.T.);
#3087=EDGE_CURVE('',#2466,#2468,#2042,.T.);
#3088=EDGE_CURVE('',#2468,#2467,#1327,.T.);
#3089=EDGE_CURVE('',#2448,#2469,#111,.T.);
#3090=EDGE_CURVE('',#2469,#2465,#2043,.T.);
#3091=EDGE_CURVE('',#2469,#2468,#38,.T.);
#3092=EDGE_CURVE('',#2467,#2470,#1328,.T.);
#3093=EDGE_CURVE('',#2471,#2470,#2044,.T.);
#3094=EDGE_CURVE('',#2471,#2464,#1329,.T.);
#3095=EDGE_CURVE('',#2472,#2468,#1330,.T.);
#3096=EDGE_CURVE('',#2473,#2472,#112,.T.);
#3097=EDGE_CURVE('',#2474,#2473,#113,.T.);
#3098=EDGE_CURVE('',#2475,#2474,#114,.T.);
#3099=EDGE_CURVE('',#2476,#2475,#1331,.T.);
#3100=EDGE_CURVE('',#2476,#2470,#1332,.T.);
#3101=EDGE_CURVE('',#2477,#2469,#2045,.T.);
#3102=EDGE_CURVE('',#2477,#2478,#1333,.T.);
#3103=EDGE_CURVE('',#2478,#2472,#2046,.T.);
#3104=EDGE_CURVE('',#2447,#2477,#39,.T.);
#3105=EDGE_CURVE('',#2478,#2479,#115,.T.);
#3106=EDGE_CURVE('',#2479,#2474,#116,.T.);
#3107=EDGE_CURVE('',#2479,#2480,#117,.T.);
#3108=EDGE_CURVE('',#2480,#2475,#118,.T.);
#3109=EDGE_CURVE('',#2480,#2481,#1334,.T.);
#3110=EDGE_CURVE('',#2481,#2482,#1335,.T.);
#3111=EDGE_CURVE('',#2476,#2482,#1336,.T.);
#3112=EDGE_CURVE('',#2478,#2483,#2047,.T.);
#3113=EDGE_CURVE('',#2484,#2483,#2048,.T.);
#3114=EDGE_CURVE('',#2484,#2480,#2049,.T.);
#3115=EDGE_CURVE('',#2485,#2477,#1337,.T.);
#3116=EDGE_CURVE('',#2486,#2485,#2050,.T.);
#3117=EDGE_CURVE('',#2487,#2486,#1338,.T.);
#3118=EDGE_CURVE('',#2488,#2487,#2051,.T.);
#3119=EDGE_CURVE('',#2483,#2488,#1339,.T.);
#3120=EDGE_CURVE('',#2446,#2485,#2052,.T.);
#3121=EDGE_CURVE('',#2489,#2490,#119,.T.);
#3122=EDGE_CURVE('',#2490,#2491,#120,.T.);
#3123=EDGE_CURVE('',#2491,#2492,#121,.T.);
#3124=EDGE_CURVE('',#2492,#2489,#122,.T.);
#3125=EDGE_CURVE('',#2493,#2494,#2053,.T.);
#3126=EDGE_CURVE('',#2494,#2495,#1340,.T.);
#3127=EDGE_CURVE('',#2495,#2496,#2054,.T.);
#3128=EDGE_CURVE('',#2496,#2493,#1341,.T.);
#3129=EDGE_CURVE('',#2497,#2494,#123,.T.);
#3130=EDGE_CURVE('',#2493,#2498,#124,.T.);
#3131=EDGE_CURVE('',#2498,#2499,#125,.T.);
#3132=EDGE_CURVE('',#2499,#2497,#126,.T.);
#3133=EDGE_CURVE('',#2498,#2500,#127,.T.);
#3134=EDGE_CURVE('',#2500,#2501,#128,.T.);
#3135=EDGE_CURVE('',#2501,#2499,#129,.T.);
#3136=EDGE_CURVE('',#2491,#2496,#130,.T.);
#3137=EDGE_CURVE('',#2495,#2502,#131,.T.);
#3138=EDGE_CURVE('',#2492,#2502,#132,.T.);
#3139=EDGE_CURVE('',#2500,#2503,#1342,.T.);
#3140=EDGE_CURVE('',#2503,#2504,#1343,.T.);
#3141=EDGE_CURVE('',#2505,#2504,#1344,.T.);
#3142=EDGE_CURVE('',#2505,#2501,#1345,.T.);
#3143=EDGE_CURVE('',#2493,#2506,#2055,.T.);
#3144=EDGE_CURVE('',#2507,#2506,#2056,.T.);
#3145=EDGE_CURVE('',#2507,#2500,#2057,.T.);
#3146=EDGE_CURVE('',#2508,#2496,#2058,.T.);
#3147=EDGE_CURVE('',#2509,#2508,#1346,.T.);
#3148=EDGE_CURVE('',#2510,#2509,#2059,.T.);
#3149=EDGE_CURVE('',#2511,#2510,#1347,.T.);
#3150=EDGE_CURVE('',#2512,#2511,#2060,.T.);
#3151=EDGE_CURVE('',#2506,#2512,#1348,.T.);
#3152=EDGE_CURVE('',#2513,#2486,#2061,.T.);
#3153=EDGE_CURVE('',#2446,#2513,#2062,.T.);
#3154=EDGE_CURVE('',#2514,#2487,#2063,.T.);
#3155=EDGE_CURVE('',#2513,#2514,#1349,.T.);
#3156=EDGE_CURVE('',#2515,#2488,#2064,.T.);
#3157=EDGE_CURVE('',#2514,#2515,#2065,.T.);
#3158=EDGE_CURVE('',#2515,#2484,#1350,.T.);
#3159=EDGE_CURVE('',#2484,#2516,#1351,.T.);
#3160=EDGE_CURVE('',#2516,#2481,#2066,.T.);
#3161=EDGE_CURVE('',#2515,#2517,#1352,.T.);
#3162=EDGE_CURVE('',#2517,#2516,#1353,.T.);
#3163=EDGE_CURVE('',#2514,#2518,#1354,.T.);
#3164=EDGE_CURVE('',#2518,#2517,#2067,.T.);
#3165=EDGE_CURVE('',#2513,#2519,#1355,.T.);
#3166=EDGE_CURVE('',#2519,#2518,#1356,.T.);
#3167=EDGE_CURVE('',#2445,#2519,#2068,.T.);
#3168=EDGE_CURVE('',#2490,#2520,#2069,.T.);
#3169=EDGE_CURVE('',#2520,#2508,#2070,.T.);
#3170=EDGE_CURVE('',#2521,#2509,#2071,.T.);
#3171=EDGE_CURVE('',#2520,#2521,#1357,.T.);
#3172=EDGE_CURVE('',#2522,#2510,#2072,.T.);
#3173=EDGE_CURVE('',#2521,#2522,#2073,.T.);
#3174=EDGE_CURVE('',#2523,#2511,#2074,.T.);
#3175=EDGE_CURVE('',#2522,#2523,#1358,.T.);
#3176=EDGE_CURVE('',#2524,#2512,#2075,.T.);
#3177=EDGE_CURVE('',#2523,#2524,#2076,.T.);
#3178=EDGE_CURVE('',#2524,#2507,#1359,.T.);
#3179=EDGE_CURVE('',#2507,#2525,#1360,.T.);
#3180=EDGE_CURVE('',#2525,#2503,#2077,.T.);
#3181=EDGE_CURVE('',#2524,#2526,#1361,.T.);
#3182=EDGE_CURVE('',#2526,#2525,#1362,.T.);
#3183=EDGE_CURVE('',#2523,#2527,#1363,.T.);
#3184=EDGE_CURVE('',#2527,#2526,#2078,.T.);
#3185=EDGE_CURVE('',#2522,#2528,#1364,.T.);
#3186=EDGE_CURVE('',#2528,#2527,#1365,.T.);
#3187=EDGE_CURVE('',#2521,#2529,#1366,.T.);
#3188=EDGE_CURVE('',#2529,#2528,#2079,.T.);
#3189=EDGE_CURVE('',#2520,#2530,#1367,.T.);
#3190=EDGE_CURVE('',#2530,#2529,#1368,.T.);
#3191=EDGE_CURVE('',#2490,#2531,#1369,.T.);
#3192=EDGE_CURVE('',#2531,#2530,#2080,.T.);
#3193=EDGE_CURVE('',#2532,#2533,#2081,.T.);
#3194=EDGE_CURVE('',#2533,#2462,#2082,.T.);
#3195=EDGE_CURVE('',#2461,#2532,#2083,.T.);
#3196=EDGE_CURVE('',#2534,#2535,#2084,.T.);
#3197=EDGE_CURVE('',#2535,#2533,#1370,.T.);
#3198=EDGE_CURVE('',#2532,#2534,#1371,.T.);
#3199=EDGE_CURVE('',#2536,#2537,#2085,.T.);
#3200=EDGE_CURVE('',#2537,#2535,#2086,.T.);
#3201=EDGE_CURVE('',#2534,#2536,#2087,.T.);
#3202=EDGE_CURVE('',#2538,#2539,#2088,.T.);
#3203=EDGE_CURVE('',#2539,#2537,#1372,.T.);
#3204=EDGE_CURVE('',#2536,#2538,#1373,.T.);
#3205=EDGE_CURVE('',#2470,#2539,#2089,.T.);
#3206=EDGE_CURVE('',#2538,#2471,#2090,.T.);
#3207=EDGE_CURVE('',#2540,#2539,#1374,.T.);
#3208=EDGE_CURVE('',#2540,#2541,#1375,.T.);
#3209=EDGE_CURVE('',#2541,#2537,#1376,.T.);
#3210=EDGE_CURVE('',#2476,#2540,#2091,.T.);
#3211=EDGE_CURVE('',#2505,#2533,#1377,.T.);
#3212=EDGE_CURVE('',#2505,#2443,#2092,.T.);
#3213=EDGE_CURVE('',#2542,#2535,#1378,.T.);
#3214=EDGE_CURVE('',#2489,#2542,#1379,.T.);
#3215=EDGE_CURVE('',#2541,#2542,#2093,.T.);
#3216=EDGE_CURVE('',#2504,#2444,#2094,.T.);
#3217=EDGE_CURVE('',#2482,#2543,#2095,.T.);
#3218=EDGE_CURVE('',#2540,#2543,#1380,.T.);
#3219=EDGE_CURVE('',#2543,#2544,#1381,.T.);
#3220=EDGE_CURVE('',#2541,#2544,#1382,.T.);
#3221=EDGE_CURVE('',#2544,#2545,#2096,.T.);
#3222=EDGE_CURVE('',#2542,#2545,#1383,.T.);
#3223=EDGE_CURVE('',#2545,#2531,#1384,.T.);
#3224=EDGE_CURVE('',#2546,#2547,#2097,.T.);
#3225=EDGE_CURVE('',#2548,#2546,#1385,.T.);
#3226=EDGE_CURVE('',#2548,#2549,#2098,.T.);
#3227=EDGE_CURVE('',#2549,#2550,#1386,.T.);
#3228=EDGE_CURVE('',#2550,#2551,#2099,.T.);
#3229=EDGE_CURVE('',#2551,#2552,#1387,.T.);
#3230=EDGE_CURVE('',#2552,#2553,#2100,.T.);
#3231=EDGE_CURVE('',#2553,#2547,#1388,.T.);
#3232=EDGE_CURVE('',#2531,#2549,#1389,.T.);
#3233=EDGE_CURVE('',#2530,#2548,#1390,.T.);
#3234=EDGE_CURVE('',#2550,#2545,#1391,.T.);
#3235=EDGE_CURVE('',#2544,#2551,#1392,.T.);
#3236=EDGE_CURVE('',#2552,#2543,#1393,.T.);
#3237=EDGE_CURVE('',#2553,#2482,#1394,.T.);
#3238=EDGE_CURVE('',#2554,#2481,#1395,.T.);
#3239=EDGE_CURVE('',#2547,#2554,#1396,.T.);
#3240=EDGE_CURVE('',#2555,#2556,#2101,.T.);
#3241=EDGE_CURVE('',#2555,#2526,#1397,.T.);
#3242=EDGE_CURVE('',#2527,#2556,#1398,.T.);
#3243=EDGE_CURVE('',#2557,#2555,#1399,.T.);
#3244=EDGE_CURVE('',#2557,#2525,#1400,.T.);
#3245=EDGE_CURVE('',#2558,#2557,#2102,.T.);
#3246=EDGE_CURVE('',#2558,#2503,#1401,.T.);
#3247=EDGE_CURVE('',#2559,#2558,#1402,.T.);
#3248=EDGE_CURVE('',#2504,#2559,#1403,.T.);
#3249=EDGE_CURVE('',#2560,#2559,#2103,.T.);
#3250=EDGE_CURVE('',#2444,#2560,#1404,.T.);
#3251=EDGE_CURVE('',#2561,#2560,#1405,.T.);
#3252=EDGE_CURVE('',#2561,#2445,#1406,.T.);
#3253=EDGE_CURVE('',#2562,#2563,#2104,.T.);
#3254=EDGE_CURVE('',#2562,#2517,#1407,.T.);
#3255=EDGE_CURVE('',#2518,#2563,#1408,.T.);
#3256=EDGE_CURVE('',#2564,#2562,#1409,.T.);
#3257=EDGE_CURVE('',#2564,#2516,#1410,.T.);
#3258=EDGE_CURVE('',#2554,#2564,#2105,.T.);
#3259=EDGE_CURVE('',#2565,#2566,#2106,.T.);
#3260=EDGE_CURVE('',#2565,#2528,#1411,.T.);
#3261=EDGE_CURVE('',#2566,#2529,#1412,.T.);
#3262=EDGE_CURVE('',#2566,#2548,#1413,.T.);
#3263=EDGE_CURVE('',#2567,#2519,#1414,.T.);
#3264=EDGE_CURVE('',#2563,#2567,#1415,.T.);
#3265=EDGE_CURVE('',#2567,#2561,#2107,.T.);
#3266=EDGE_CURVE('',#2556,#2565,#1416,.T.);
#3267=EDGE_CURVE('',#2560,#2568,#1417,.T.);
#3268=EDGE_CURVE('',#2569,#2568,#1418,.T.);
#3269=EDGE_CURVE('',#2561,#2569,#1419,.T.);
#3270=EDGE_CURVE('',#2570,#2569,#2108,.T.);
#3271=EDGE_CURVE('',#2567,#2570,#1420,.T.);
#3272=EDGE_CURVE('',#2571,#2570,#1421,.T.);
#3273=EDGE_CURVE('',#2563,#2571,#1422,.T.);
#3274=EDGE_CURVE('',#2572,#2571,#2109,.T.);
#3275=EDGE_CURVE('',#2562,#2572,#1423,.T.);
#3276=EDGE_CURVE('',#2573,#2572,#1424,.T.);
#3277=EDGE_CURVE('',#2564,#2573,#1425,.T.);
#3278=EDGE_CURVE('',#2574,#2573,#2110,.T.);
#3279=EDGE_CURVE('',#2554,#2574,#1426,.T.);
#3280=EDGE_CURVE('',#2575,#2574,#1427,.T.);
#3281=EDGE_CURVE('',#2547,#2575,#1428,.T.);
#3282=EDGE_CURVE('',#2576,#2575,#2111,.T.);
#3283=EDGE_CURVE('',#2546,#2576,#1429,.T.);
#3284=EDGE_CURVE('',#2577,#2576,#1430,.T.);
#3285=EDGE_CURVE('',#2566,#2577,#1431,.T.);
#3286=EDGE_CURVE('',#2578,#2577,#2112,.T.);
#3287=EDGE_CURVE('',#2565,#2578,#1432,.T.);
#3288=EDGE_CURVE('',#2579,#2578,#1433,.T.);
#3289=EDGE_CURVE('',#2556,#2579,#1434,.T.);
#3290=EDGE_CURVE('',#2580,#2579,#2113,.T.);
#3291=EDGE_CURVE('',#2555,#2580,#1435,.T.);
#3292=EDGE_CURVE('',#2581,#2580,#1436,.T.);
#3293=EDGE_CURVE('',#2557,#2581,#1437,.T.);
#3294=EDGE_CURVE('',#2582,#2581,#2114,.T.);
#3295=EDGE_CURVE('',#2558,#2582,#1438,.T.);
#3296=EDGE_CURVE('',#2583,#2582,#1439,.T.);
#3297=EDGE_CURVE('',#2559,#2583,#1440,.T.);
#3298=EDGE_CURVE('',#2568,#2583,#2115,.T.);
#3299=EDGE_CURVE('',#2584,#2579,#1441,.T.);
#3300=EDGE_CURVE('',#2585,#2584,#2116,.T.);
#3301=EDGE_CURVE('',#2568,#2585,#1442,.T.);
#3302=EDGE_CURVE('',#2586,#2586,#2117,.T.);
#3303=EDGE_CURVE('',#2587,#2571,#1443,.T.);
#3304=EDGE_CURVE('',#2588,#2587,#2118,.T.);
#3305=EDGE_CURVE('',#2576,#2588,#1444,.T.);
#3306=EDGE_CURVE('',#2589,#2589,#2119,.T.);
#3307=EDGE_CURVE('',#2589,#2590,#1445,.T.);
#3308=EDGE_CURVE('',#2590,#2590,#2120,.T.);
#3309=EDGE_CURVE('',#2586,#2591,#1446,.T.);
#3310=EDGE_CURVE('',#2591,#2591,#2121,.T.);
#3311=EDGE_CURVE('',#2592,#2593,#2122,.T.);
#3312=EDGE_CURVE('',#2593,#2594,#2123,.T.);
#3313=EDGE_CURVE('',#2595,#2594,#2124,.T.);
#3314=EDGE_CURVE('',#2596,#2595,#2125,.T.);
#3315=EDGE_CURVE('',#2594,#2596,#2126,.T.);
#3316=EDGE_CURVE('',#2593,#2592,#2127,.T.);
#3317=EDGE_CURVE('',#2597,#2598,#2128,.T.);
#3318=EDGE_CURVE('',#2598,#2597,#2129,.T.);
#3319=EDGE_CURVE('',#2598,#2596,#1447,.T.);
#3320=EDGE_CURVE('',#2599,#2600,#2130,.T.);
#3321=EDGE_CURVE('',#2600,#2599,#2131,.T.);
#3322=EDGE_CURVE('',#2600,#2598,#1448,.T.);
#3323=EDGE_CURVE('',#2601,#2602,#2132,.T.);
#3324=EDGE_CURVE('',#2602,#2601,#2133,.T.);
#3325=EDGE_CURVE('',#2602,#2603,#1449,.T.);
#3326=EDGE_CURVE('',#2604,#2603,#2134,.T.);
#3327=EDGE_CURVE('',#2603,#2604,#2135,.T.);
#3328=EDGE_CURVE('',#2605,#2606,#1450,.T.);
#3329=EDGE_CURVE('',#2606,#2607,#2136,.T.);
#3330=EDGE_CURVE('',#2607,#2608,#1451,.T.);
#3331=EDGE_CURVE('',#2608,#2609,#2137,.T.);
#3332=EDGE_CURVE('',#2609,#2610,#1452,.T.);
#3333=EDGE_CURVE('',#2610,#2611,#2138,.T.);
#3334=EDGE_CURVE('',#2611,#2612,#1453,.T.);
#3335=EDGE_CURVE('',#2612,#2605,#2139,.T.);
#3336=EDGE_CURVE('',#2569,#2605,#1454,.T.);
#3337=EDGE_CURVE('',#2570,#2612,#1455,.T.);
#3338=EDGE_CURVE('',#2587,#2611,#1456,.T.);
#3339=EDGE_CURVE('',#2588,#2610,#1457,.T.);
#3340=EDGE_CURVE('',#2577,#2609,#1458,.T.);
#3341=EDGE_CURVE('',#2578,#2608,#1459,.T.);
#3342=EDGE_CURVE('',#2584,#2607,#1460,.T.);
#3343=EDGE_CURVE('',#2585,#2606,#1461,.T.);
#3344=EDGE_CURVE('',#2613,#2614,#2140,.F.);
#3345=EDGE_CURVE('',#2615,#2613,#2141,.F.);
#3346=EDGE_CURVE('',#2614,#2615,#2142,.F.);
#3347=EDGE_CURVE('',#2616,#2617,#2143,.T.);
#3348=EDGE_CURVE('',#2617,#2615,#1462,.T.);
#3349=EDGE_CURVE('',#2613,#2616,#1463,.T.);
#3350=EDGE_CURVE('',#2618,#2619,#2144,.T.);
#3351=EDGE_CURVE('',#2619,#2617,#40,.T.);
#3352=EDGE_CURVE('',#2616,#2618,#41,.T.);
#3353=EDGE_CURVE('',#2620,#2621,#2145,.T.);
#3354=EDGE_CURVE('',#2621,#2619,#1464,.T.);
#3355=EDGE_CURVE('',#2618,#2620,#1465,.T.);
#3356=EDGE_CURVE('',#2622,#2623,#2146,.T.);
#3357=EDGE_CURVE('',#2623,#2614,#1466,.T.);
#3358=EDGE_CURVE('',#2615,#2622,#1467,.T.);
#3359=EDGE_CURVE('',#2624,#2625,#2147,.T.);
#3360=EDGE_CURVE('',#2625,#2613,#1468,.T.);
#3361=EDGE_CURVE('',#2614,#2624,#1469,.T.);
#3362=EDGE_CURVE('',#2626,#2623,#42,.F.);
#3363=EDGE_CURVE('',#2622,#2627,#1470,.T.);
#3364=EDGE_CURVE('',#2627,#2628,#2148,.T.);
#3365=EDGE_CURVE('',#2626,#2628,#1471,.T.);
#3366=EDGE_CURVE('',#2628,#2629,#2149,.T.);
#3367=EDGE_CURVE('',#2627,#2630,#2150,.T.);
#3368=EDGE_CURVE('',#2630,#2629,#133,.T.);
#3369=EDGE_CURVE('',#2630,#2631,#1472,.T.);
#3370=EDGE_CURVE('',#2632,#2631,#2151,.T.);
#3371=EDGE_CURVE('',#2633,#2632,#1473,.T.);
#3372=EDGE_CURVE('',#2634,#2633,#134,.T.);
#3373=EDGE_CURVE('',#2635,#2634,#2152,.T.);
#3374=EDGE_CURVE('',#2636,#2635,#1474,.T.);
#3375=EDGE_CURVE('',#2637,#2636,#135,.T.);
#3376=EDGE_CURVE('',#2638,#2637,#1475,.T.);
#3377=EDGE_CURVE('',#2639,#2638,#2153,.T.);
#3378=EDGE_CURVE('',#2640,#2639,#2154,.T.);
#3379=EDGE_CURVE('',#2641,#2640,#1476,.T.);
#3380=EDGE_CURVE('',#2642,#2641,#136,.T.);
#3381=EDGE_CURVE('',#2643,#2642,#1477,.T.);
#3382=EDGE_CURVE('',#2629,#2643,#2155,.T.);
#3383=EDGE_CURVE('',#2627,#2644,#1478,.T.);
#3384=EDGE_CURVE('',#2631,#2644,#2156,.T.);
#3385=EDGE_CURVE('',#2644,#2617,#1479,.T.);
#3386=EDGE_CURVE('',#2619,#2645,#1480,.T.);
#3387=EDGE_CURVE('',#2645,#2644,#2157,.T.);
#3388=EDGE_CURVE('',#2621,#2646,#1481,.T.);
#3389=EDGE_CURVE('',#2647,#2646,#1482,.T.);
#3390=EDGE_CURVE('',#2648,#2647,#1483,.T.);
#3391=EDGE_CURVE('',#2649,#2648,#2158,.T.);
#3392=EDGE_CURVE('',#2650,#2649,#2159,.T.);
#3393=EDGE_CURVE('',#2645,#2650,#2160,.T.);
#3394=EDGE_CURVE('',#2651,#2652,#2161,.F.);
#3395=EDGE_CURVE('',#2653,#2651,#2162,.F.);
#3396=EDGE_CURVE('',#2652,#2653,#2163,.F.);
#3397=EDGE_CURVE('',#2654,#2655,#2164,.T.);
#3398=EDGE_CURVE('',#2655,#2653,#1484,.T.);
#3399=EDGE_CURVE('',#2651,#2654,#1485,.T.);
#3400=EDGE_CURVE('',#2647,#2656,#2165,.T.);
#3401=EDGE_CURVE('',#2656,#2655,#43,.T.);
#3402=EDGE_CURVE('',#2654,#2647,#44,.T.);
#3403=EDGE_CURVE('',#2646,#2657,#2166,.T.);
#3404=EDGE_CURVE('',#2657,#2656,#1486,.T.);
#3405=EDGE_CURVE('',#2658,#2659,#2167,.T.);
#3406=EDGE_CURVE('',#2659,#2652,#1487,.T.);
#3407=EDGE_CURVE('',#2653,#2658,#1488,.T.);
#3408=EDGE_CURVE('',#2660,#2661,#2168,.T.);
#3409=EDGE_CURVE('',#2661,#2651,#1489,.T.);
#3410=EDGE_CURVE('',#2652,#2660,#1490,.T.);
#3411=EDGE_CURVE('',#2662,#2663,#1491,.F.);
#3412=EDGE_CURVE('',#2663,#2664,#2169,.T.);
#3413=EDGE_CURVE('',#2664,#2661,#1492,.T.);
#3414=EDGE_CURVE('',#2662,#2660,#45,.T.);
#3415=EDGE_CURVE('',#2633,#2664,#2170,.T.);
#3416=EDGE_CURVE('',#2663,#2634,#2171,.F.);
#3417=EDGE_CURVE('',#2665,#2623,#1493,.T.);
#3418=EDGE_CURVE('',#2666,#2665,#2172,.T.);
#3419=EDGE_CURVE('',#2667,#2666,#1494,.T.);
#3420=EDGE_CURVE('',#2668,#2667,#2173,.T.);
#3421=EDGE_CURVE('',#2660,#2668,#1495,.T.);
#3422=EDGE_CURVE('',#2659,#2624,#1496,.T.);
#3423=EDGE_CURVE('',#2669,#2669,#2174,.T.);
#3424=EDGE_CURVE('',#2669,#2670,#1497,.T.);
#3425=EDGE_CURVE('',#2670,#2670,#2175,.T.);
#3426=EDGE_CURVE('',#2650,#2631,#2176,.T.);
#3427=EDGE_CURVE('',#2649,#2632,#2177,.T.);
#3428=EDGE_CURVE('',#2648,#2671,#2178,.T.);
#3429=EDGE_CURVE('',#2671,#2632,#2179,.T.);
#3430=EDGE_CURVE('',#2654,#2671,#1498,.T.);
#3431=EDGE_CURVE('',#2664,#2671,#1499,.T.);
#3432=EDGE_CURVE('',#2657,#2658,#1500,.T.);
#3433=EDGE_CURVE('',#2672,#2672,#2180,.T.);
#3434=EDGE_CURVE('',#2672,#2673,#1501,.T.);
#3435=EDGE_CURVE('',#2673,#2673,#2181,.T.);
#3436=EDGE_CURVE('',#2674,#2674,#2182,.T.);
#3437=EDGE_CURVE('',#2674,#2675,#1502,.T.);
#3438=EDGE_CURVE('',#2675,#2675,#2183,.T.);
#3439=EDGE_CURVE('',#2625,#2620,#1503,.T.);
#3440=EDGE_CURVE('',#2641,#2676,#2184,.T.);
#3441=EDGE_CURVE('',#2676,#2677,#2185,.T.);
#3442=EDGE_CURVE('',#2677,#2677,#2186,.T.);
#3443=EDGE_CURVE('',#2676,#2642,#2187,.T.);
#3444=EDGE_CURVE('',#2643,#2640,#2188,.T.);
#3445=EDGE_CURVE('',#2626,#2678,#1504,.T.);
#3446=EDGE_CURVE('',#2679,#2639,#1505,.T.);
#3447=EDGE_CURVE('',#2678,#2679,#2189,.T.);
#3448=EDGE_CURVE('',#2680,#2662,#1506,.T.);
#3449=EDGE_CURVE('',#2681,#2680,#2190,.T.);
#3450=EDGE_CURVE('',#2639,#2681,#1507,.T.);
#3451=EDGE_CURVE('',#2638,#2635,#2191,.T.);
#3452=EDGE_CURVE('',#2636,#2682,#2192,.T.);
#3453=EDGE_CURVE('',#2682,#2683,#2193,.T.);
#3454=EDGE_CURVE('',#2683,#2683,#2194,.T.);
#3455=EDGE_CURVE('',#2682,#2637,#2195,.T.);
#3456=EDGE_CURVE('',#2684,#2667,#1508,.T.);
#3457=EDGE_CURVE('',#2685,#2684,#2196,.T.);
#3458=EDGE_CURVE('',#2685,#2668,#1509,.T.);
#3459=EDGE_CURVE('',#2686,#2666,#1510,.T.);
#3460=EDGE_CURVE('',#2684,#2686,#1511,.T.);
#3461=EDGE_CURVE('',#2687,#2665,#1512,.T.);
#3462=EDGE_CURVE('',#2686,#2687,#2197,.T.);
#3463=EDGE_CURVE('',#2688,#2678,#1513,.T.);
#3464=EDGE_CURVE('',#2687,#2688,#1514,.T.);
#3465=EDGE_CURVE('',#2689,#2679,#1515,.T.);
#3466=EDGE_CURVE('',#2688,#2689,#2198,.T.);
#3467=EDGE_CURVE('',#2690,#2681,#1516,.T.);
#3468=EDGE_CURVE('',#2689,#2690,#1517,.T.);
#3469=EDGE_CURVE('',#2691,#2680,#1518,.T.);
#3470=EDGE_CURVE('',#2690,#2691,#2199,.T.);
#3471=EDGE_CURVE('',#2691,#2685,#1519,.T.);
#3472=ORIENTED_EDGE('',*,*,#2692,.T.);
#3473=ORIENTED_EDGE('',*,*,#2693,.F.);
#3474=ORIENTED_EDGE('',*,*,#2694,.F.);
#3475=ORIENTED_EDGE('',*,*,#2695,.T.);
#3476=ORIENTED_EDGE('',*,*,#2696,.T.);
#3477=ORIENTED_EDGE('',*,*,#2697,.F.);
#3478=ORIENTED_EDGE('',*,*,#2698,.F.);
#3479=ORIENTED_EDGE('',*,*,#2693,.T.);
#3480=ORIENTED_EDGE('',*,*,#2699,.T.);
#3481=ORIENTED_EDGE('',*,*,#2700,.F.);
#3482=ORIENTED_EDGE('',*,*,#2701,.F.);
#3483=ORIENTED_EDGE('',*,*,#2697,.T.);
#3484=ORIENTED_EDGE('',*,*,#2702,.T.);
#3485=ORIENTED_EDGE('',*,*,#2695,.F.);
#3486=ORIENTED_EDGE('',*,*,#2703,.F.);
#3487=ORIENTED_EDGE('',*,*,#2700,.T.);
#3488=ORIENTED_EDGE('',*,*,#2692,.F.);
#3489=ORIENTED_EDGE('',*,*,#2702,.F.);
#3490=ORIENTED_EDGE('',*,*,#2699,.F.);
#3491=ORIENTED_EDGE('',*,*,#2696,.F.);
#3492=ORIENTED_EDGE('',*,*,#2703,.T.);
#3493=ORIENTED_EDGE('',*,*,#2694,.T.);
#3494=ORIENTED_EDGE('',*,*,#2698,.T.);
#3495=ORIENTED_EDGE('',*,*,#2701,.T.);
#3496=ORIENTED_EDGE('',*,*,#2704,.F.);
#3497=ORIENTED_EDGE('',*,*,#2705,.F.);
#3498=ORIENTED_EDGE('',*,*,#2706,.F.);
#3499=ORIENTED_EDGE('',*,*,#2707,.F.);
#3500=ORIENTED_EDGE('',*,*,#2708,.T.);
#3501=ORIENTED_EDGE('',*,*,#2705,.T.);
#3502=ORIENTED_EDGE('',*,*,#2704,.T.);
#3503=ORIENTED_EDGE('',*,*,#2708,.F.);
#3504=ORIENTED_EDGE('',*,*,#2709,.F.);
#3505=ORIENTED_EDGE('',*,*,#2710,.F.);
#3506=ORIENTED_EDGE('',*,*,#2711,.T.);
#3507=ORIENTED_EDGE('',*,*,#2707,.T.);
#3508=ORIENTED_EDGE('',*,*,#2706,.T.);
#3509=ORIENTED_EDGE('',*,*,#2711,.F.);
#3510=ORIENTED_EDGE('',*,*,#2712,.F.);
#3511=ORIENTED_EDGE('',*,*,#2713,.F.);
#3512=ORIENTED_EDGE('',*,*,#2714,.T.);
#3513=ORIENTED_EDGE('',*,*,#2710,.T.);
#3514=ORIENTED_EDGE('',*,*,#2709,.T.);
#3515=ORIENTED_EDGE('',*,*,#2714,.F.);
#3516=ORIENTED_EDGE('',*,*,#2715,.F.);
#3517=ORIENTED_EDGE('',*,*,#2712,.T.);
#3518=ORIENTED_EDGE('',*,*,#2716,.T.);
#3519=ORIENTED_EDGE('',*,*,#2717,.F.);
#3520=ORIENTED_EDGE('',*,*,#2718,.F.);
#3521=ORIENTED_EDGE('',*,*,#2719,.F.);
#3522=ORIENTED_EDGE('',*,*,#2716,.F.);
#3523=ORIENTED_EDGE('',*,*,#2715,.T.);
#3524=ORIENTED_EDGE('',*,*,#2713,.T.);
#3525=ORIENTED_EDGE('',*,*,#2720,.F.);
#3526=ORIENTED_EDGE('',*,*,#2721,.F.);
#3527=ORIENTED_EDGE('',*,*,#2722,.T.);
#3528=ORIENTED_EDGE('',*,*,#2718,.T.);
#3529=ORIENTED_EDGE('',*,*,#2717,.T.);
#3530=ORIENTED_EDGE('',*,*,#2719,.T.);
#3531=ORIENTED_EDGE('',*,*,#2722,.F.);
#3532=ORIENTED_EDGE('',*,*,#2723,.F.);
#3533=ORIENTED_EDGE('',*,*,#2720,.T.);
#3534=ORIENTED_EDGE('',*,*,#2724,.T.);
#3535=ORIENTED_EDGE('',*,*,#2725,.F.);
#3536=ORIENTED_EDGE('',*,*,#2726,.F.);
#3537=ORIENTED_EDGE('',*,*,#2724,.F.);
#3538=ORIENTED_EDGE('',*,*,#2723,.T.);
#3539=ORIENTED_EDGE('',*,*,#2721,.T.);
#3540=ORIENTED_EDGE('',*,*,#2727,.F.);
#3541=ORIENTED_EDGE('',*,*,#2728,.F.);
#3542=ORIENTED_EDGE('',*,*,#2725,.T.);
#3543=ORIENTED_EDGE('',*,*,#2726,.T.);
#3544=ORIENTED_EDGE('',*,*,#2729,.F.);
#3545=ORIENTED_EDGE('',*,*,#2730,.F.);
#3546=ORIENTED_EDGE('',*,*,#2731,.T.);
#3547=ORIENTED_EDGE('',*,*,#2728,.T.);
#3548=ORIENTED_EDGE('',*,*,#2727,.T.);
#3549=ORIENTED_EDGE('',*,*,#2731,.F.);
#3550=ORIENTED_EDGE('',*,*,#2732,.F.);
#3551=ORIENTED_EDGE('',*,*,#2733,.T.);
#3552=ORIENTED_EDGE('',*,*,#2734,.T.);
#3553=ORIENTED_EDGE('',*,*,#2733,.F.);
#3554=ORIENTED_EDGE('',*,*,#2734,.F.);
#3555=ORIENTED_EDGE('',*,*,#2735,.F.);
#3556=ORIENTED_EDGE('',*,*,#2736,.T.);
#3557=ORIENTED_EDGE('',*,*,#2737,.T.);
#3558=ORIENTED_EDGE('',*,*,#2738,.F.);
#3559=ORIENTED_EDGE('',*,*,#2739,.F.);
#3560=ORIENTED_EDGE('',*,*,#2740,.T.);
#3561=ORIENTED_EDGE('',*,*,#2741,.T.);
#3562=ORIENTED_EDGE('',*,*,#2736,.F.);
#3563=ORIENTED_EDGE('',*,*,#2742,.F.);
#3564=ORIENTED_EDGE('',*,*,#2743,.T.);
#3565=ORIENTED_EDGE('',*,*,#2744,.T.);
#3566=ORIENTED_EDGE('',*,*,#2740,.F.);
#3567=ORIENTED_EDGE('',*,*,#2745,.F.);
#3568=ORIENTED_EDGE('',*,*,#2746,.T.);
#3569=ORIENTED_EDGE('',*,*,#2747,.T.);
#3570=ORIENTED_EDGE('',*,*,#2743,.F.);
#3571=ORIENTED_EDGE('',*,*,#2748,.F.);
#3572=ORIENTED_EDGE('',*,*,#2749,.T.);
#3573=ORIENTED_EDGE('',*,*,#2750,.T.);
#3574=ORIENTED_EDGE('',*,*,#2746,.F.);
#3575=ORIENTED_EDGE('',*,*,#2751,.F.);
#3576=ORIENTED_EDGE('',*,*,#2752,.T.);
#3577=ORIENTED_EDGE('',*,*,#2753,.T.);
#3578=ORIENTED_EDGE('',*,*,#2749,.F.);
#3579=ORIENTED_EDGE('',*,*,#2754,.F.);
#3580=ORIENTED_EDGE('',*,*,#2755,.T.);
#3581=ORIENTED_EDGE('',*,*,#2756,.T.);
#3582=ORIENTED_EDGE('',*,*,#2752,.F.);
#3583=ORIENTED_EDGE('',*,*,#2757,.F.);
#3584=ORIENTED_EDGE('',*,*,#2758,.T.);
#3585=ORIENTED_EDGE('',*,*,#2759,.T.);
#3586=ORIENTED_EDGE('',*,*,#2755,.F.);
#3587=ORIENTED_EDGE('',*,*,#2760,.F.);
#3588=ORIENTED_EDGE('',*,*,#2761,.T.);
#3589=ORIENTED_EDGE('',*,*,#2762,.T.);
#3590=ORIENTED_EDGE('',*,*,#2758,.F.);
#3591=ORIENTED_EDGE('',*,*,#2763,.F.);
#3592=ORIENTED_EDGE('',*,*,#2738,.T.);
#3593=ORIENTED_EDGE('',*,*,#2764,.T.);
#3594=ORIENTED_EDGE('',*,*,#2761,.F.);
#3595=ORIENTED_EDGE('',*,*,#2764,.F.);
#3596=ORIENTED_EDGE('',*,*,#2737,.F.);
#3597=ORIENTED_EDGE('',*,*,#2741,.F.);
#3598=ORIENTED_EDGE('',*,*,#2744,.F.);
#3599=ORIENTED_EDGE('',*,*,#2747,.F.);
#3600=ORIENTED_EDGE('',*,*,#2750,.F.);
#3601=ORIENTED_EDGE('',*,*,#2753,.F.);
#3602=ORIENTED_EDGE('',*,*,#2756,.F.);
#3603=ORIENTED_EDGE('',*,*,#2759,.F.);
#3604=ORIENTED_EDGE('',*,*,#2762,.F.);
#3605=ORIENTED_EDGE('',*,*,#2765,.F.);
#3606=ORIENTED_EDGE('',*,*,#2766,.T.);
#3607=ORIENTED_EDGE('',*,*,#2767,.T.);
#3608=ORIENTED_EDGE('',*,*,#2768,.F.);
#3609=ORIENTED_EDGE('',*,*,#2769,.F.);
#3610=ORIENTED_EDGE('',*,*,#2768,.T.);
#3611=ORIENTED_EDGE('',*,*,#2770,.T.);
#3612=ORIENTED_EDGE('',*,*,#2771,.F.);
#3613=ORIENTED_EDGE('',*,*,#2772,.F.);
#3614=ORIENTED_EDGE('',*,*,#2771,.T.);
#3615=ORIENTED_EDGE('',*,*,#2773,.T.);
#3616=ORIENTED_EDGE('',*,*,#2774,.F.);
#3617=ORIENTED_EDGE('',*,*,#2775,.F.);
#3618=ORIENTED_EDGE('',*,*,#2774,.T.);
#3619=ORIENTED_EDGE('',*,*,#2776,.T.);
#3620=ORIENTED_EDGE('',*,*,#2766,.F.);
#3621=ORIENTED_EDGE('',*,*,#2777,.F.);
#3622=ORIENTED_EDGE('',*,*,#2778,.T.);
#3623=ORIENTED_EDGE('',*,*,#2779,.T.);
#3624=ORIENTED_EDGE('',*,*,#2780,.F.);
#3625=ORIENTED_EDGE('',*,*,#2781,.F.);
#3626=ORIENTED_EDGE('',*,*,#2782,.T.);
#3627=ORIENTED_EDGE('',*,*,#2783,.T.);
#3628=ORIENTED_EDGE('',*,*,#2778,.F.);
#3629=ORIENTED_EDGE('',*,*,#2784,.F.);
#3630=ORIENTED_EDGE('',*,*,#2785,.T.);
#3631=ORIENTED_EDGE('',*,*,#2786,.T.);
#3632=ORIENTED_EDGE('',*,*,#2782,.F.);
#3633=ORIENTED_EDGE('',*,*,#2787,.F.);
#3634=ORIENTED_EDGE('',*,*,#2788,.T.);
#3635=ORIENTED_EDGE('',*,*,#2789,.T.);
#3636=ORIENTED_EDGE('',*,*,#2785,.F.);
#3637=ORIENTED_EDGE('',*,*,#2790,.F.);
#3638=ORIENTED_EDGE('',*,*,#2791,.T.);
#3639=ORIENTED_EDGE('',*,*,#2792,.T.);
#3640=ORIENTED_EDGE('',*,*,#2788,.F.);
#3641=ORIENTED_EDGE('',*,*,#2793,.F.);
#3642=ORIENTED_EDGE('',*,*,#2794,.T.);
#3643=ORIENTED_EDGE('',*,*,#2795,.T.);
#3644=ORIENTED_EDGE('',*,*,#2791,.F.);
#3645=ORIENTED_EDGE('',*,*,#2796,.F.);
#3646=ORIENTED_EDGE('',*,*,#2797,.T.);
#3647=ORIENTED_EDGE('',*,*,#2798,.T.);
#3648=ORIENTED_EDGE('',*,*,#2794,.F.);
#3649=ORIENTED_EDGE('',*,*,#2799,.F.);
#3650=ORIENTED_EDGE('',*,*,#2780,.T.);
#3651=ORIENTED_EDGE('',*,*,#2800,.T.);
#3652=ORIENTED_EDGE('',*,*,#2797,.F.);
#3653=ORIENTED_EDGE('',*,*,#2800,.F.);
#3654=ORIENTED_EDGE('',*,*,#2779,.F.);
#3655=ORIENTED_EDGE('',*,*,#2783,.F.);
#3656=ORIENTED_EDGE('',*,*,#2786,.F.);
#3657=ORIENTED_EDGE('',*,*,#2789,.F.);
#3658=ORIENTED_EDGE('',*,*,#2792,.F.);
#3659=ORIENTED_EDGE('',*,*,#2795,.F.);
#3660=ORIENTED_EDGE('',*,*,#2798,.F.);
#3661=ORIENTED_EDGE('',*,*,#2767,.F.);
#3662=ORIENTED_EDGE('',*,*,#2776,.F.);
#3663=ORIENTED_EDGE('',*,*,#2773,.F.);
#3664=ORIENTED_EDGE('',*,*,#2770,.F.);
#3665=ORIENTED_EDGE('',*,*,#2801,.F.);
#3666=ORIENTED_EDGE('',*,*,#2802,.T.);
#3667=ORIENTED_EDGE('',*,*,#2803,.T.);
#3668=ORIENTED_EDGE('',*,*,#2804,.F.);
#3669=ORIENTED_EDGE('',*,*,#2805,.F.);
#3670=ORIENTED_EDGE('',*,*,#2806,.T.);
#3671=ORIENTED_EDGE('',*,*,#2807,.T.);
#3672=ORIENTED_EDGE('',*,*,#2802,.F.);
#3673=ORIENTED_EDGE('',*,*,#2808,.F.);
#3674=ORIENTED_EDGE('',*,*,#2809,.T.);
#3675=ORIENTED_EDGE('',*,*,#2810,.T.);
#3676=ORIENTED_EDGE('',*,*,#2806,.F.);
#3677=ORIENTED_EDGE('',*,*,#2811,.F.);
#3678=ORIENTED_EDGE('',*,*,#2812,.T.);
#3679=ORIENTED_EDGE('',*,*,#2813,.T.);
#3680=ORIENTED_EDGE('',*,*,#2809,.F.);
#3681=ORIENTED_EDGE('',*,*,#2814,.F.);
#3682=ORIENTED_EDGE('',*,*,#2815,.T.);
#3683=ORIENTED_EDGE('',*,*,#2816,.T.);
#3684=ORIENTED_EDGE('',*,*,#2812,.F.);
#3685=ORIENTED_EDGE('',*,*,#2817,.F.);
#3686=ORIENTED_EDGE('',*,*,#2818,.T.);
#3687=ORIENTED_EDGE('',*,*,#2819,.T.);
#3688=ORIENTED_EDGE('',*,*,#2815,.F.);
#3689=ORIENTED_EDGE('',*,*,#2820,.F.);
#3690=ORIENTED_EDGE('',*,*,#2821,.T.);
#3691=ORIENTED_EDGE('',*,*,#2822,.T.);
#3692=ORIENTED_EDGE('',*,*,#2818,.F.);
#3693=ORIENTED_EDGE('',*,*,#2823,.F.);
#3694=ORIENTED_EDGE('',*,*,#2824,.T.);
#3695=ORIENTED_EDGE('',*,*,#2825,.T.);
#3696=ORIENTED_EDGE('',*,*,#2821,.F.);
#3697=ORIENTED_EDGE('',*,*,#2826,.F.);
#3698=ORIENTED_EDGE('',*,*,#2827,.T.);
#3699=ORIENTED_EDGE('',*,*,#2828,.T.);
#3700=ORIENTED_EDGE('',*,*,#2824,.F.);
#3701=ORIENTED_EDGE('',*,*,#2829,.F.);
#3702=ORIENTED_EDGE('',*,*,#2830,.T.);
#3703=ORIENTED_EDGE('',*,*,#2831,.T.);
#3704=ORIENTED_EDGE('',*,*,#2827,.F.);
#3705=ORIENTED_EDGE('',*,*,#2832,.F.);
#3706=ORIENTED_EDGE('',*,*,#2833,.T.);
#3707=ORIENTED_EDGE('',*,*,#2834,.T.);
#3708=ORIENTED_EDGE('',*,*,#2830,.F.);
#3709=ORIENTED_EDGE('',*,*,#2835,.F.);
#3710=ORIENTED_EDGE('',*,*,#2804,.T.);
#3711=ORIENTED_EDGE('',*,*,#2836,.T.);
#3712=ORIENTED_EDGE('',*,*,#2833,.F.);
#3713=ORIENTED_EDGE('',*,*,#2836,.F.);
#3714=ORIENTED_EDGE('',*,*,#2803,.F.);
#3715=ORIENTED_EDGE('',*,*,#2807,.F.);
#3716=ORIENTED_EDGE('',*,*,#2810,.F.);
#3717=ORIENTED_EDGE('',*,*,#2813,.F.);
#3718=ORIENTED_EDGE('',*,*,#2816,.F.);
#3719=ORIENTED_EDGE('',*,*,#2819,.F.);
#3720=ORIENTED_EDGE('',*,*,#2822,.F.);
#3721=ORIENTED_EDGE('',*,*,#2825,.F.);
#3722=ORIENTED_EDGE('',*,*,#2828,.F.);
#3723=ORIENTED_EDGE('',*,*,#2831,.F.);
#3724=ORIENTED_EDGE('',*,*,#2834,.F.);
#3725=ORIENTED_EDGE('',*,*,#2837,.F.);
#3726=ORIENTED_EDGE('',*,*,#2838,.T.);
#3727=ORIENTED_EDGE('',*,*,#2839,.T.);
#3728=ORIENTED_EDGE('',*,*,#2840,.F.);
#3729=ORIENTED_EDGE('',*,*,#2841,.F.);
#3730=ORIENTED_EDGE('',*,*,#2842,.T.);
#3731=ORIENTED_EDGE('',*,*,#2843,.T.);
#3732=ORIENTED_EDGE('',*,*,#2838,.F.);
#3733=ORIENTED_EDGE('',*,*,#2844,.F.);
#3734=ORIENTED_EDGE('',*,*,#2845,.T.);
#3735=ORIENTED_EDGE('',*,*,#2846,.T.);
#3736=ORIENTED_EDGE('',*,*,#2842,.F.);
#3737=ORIENTED_EDGE('',*,*,#2847,.F.);
#3738=ORIENTED_EDGE('',*,*,#2848,.T.);
#3739=ORIENTED_EDGE('',*,*,#2849,.T.);
#3740=ORIENTED_EDGE('',*,*,#2845,.F.);
#3741=ORIENTED_EDGE('',*,*,#2850,.F.);
#3742=ORIENTED_EDGE('',*,*,#2851,.T.);
#3743=ORIENTED_EDGE('',*,*,#2852,.T.);
#3744=ORIENTED_EDGE('',*,*,#2848,.F.);
#3745=ORIENTED_EDGE('',*,*,#2853,.F.);
#3746=ORIENTED_EDGE('',*,*,#2854,.T.);
#3747=ORIENTED_EDGE('',*,*,#2855,.T.);
#3748=ORIENTED_EDGE('',*,*,#2851,.F.);
#3749=ORIENTED_EDGE('',*,*,#2856,.F.);
#3750=ORIENTED_EDGE('',*,*,#2857,.T.);
#3751=ORIENTED_EDGE('',*,*,#2858,.T.);
#3752=ORIENTED_EDGE('',*,*,#2854,.F.);
#3753=ORIENTED_EDGE('',*,*,#2859,.F.);
#3754=ORIENTED_EDGE('',*,*,#2860,.T.);
#3755=ORIENTED_EDGE('',*,*,#2861,.T.);
#3756=ORIENTED_EDGE('',*,*,#2857,.F.);
#3757=ORIENTED_EDGE('',*,*,#2862,.F.);
#3758=ORIENTED_EDGE('',*,*,#2863,.T.);
#3759=ORIENTED_EDGE('',*,*,#2864,.T.);
#3760=ORIENTED_EDGE('',*,*,#2860,.F.);
#3761=ORIENTED_EDGE('',*,*,#2865,.F.);
#3762=ORIENTED_EDGE('',*,*,#2866,.T.);
#3763=ORIENTED_EDGE('',*,*,#2867,.T.);
#3764=ORIENTED_EDGE('',*,*,#2863,.F.);
#3765=ORIENTED_EDGE('',*,*,#2868,.F.);
#3766=ORIENTED_EDGE('',*,*,#2869,.T.);
#3767=ORIENTED_EDGE('',*,*,#2870,.T.);
#3768=ORIENTED_EDGE('',*,*,#2866,.F.);
#3769=ORIENTED_EDGE('',*,*,#2871,.F.);
#3770=ORIENTED_EDGE('',*,*,#2840,.T.);
#3771=ORIENTED_EDGE('',*,*,#2872,.T.);
#3772=ORIENTED_EDGE('',*,*,#2869,.F.);
#3773=ORIENTED_EDGE('',*,*,#2872,.F.);
#3774=ORIENTED_EDGE('',*,*,#2839,.F.);
#3775=ORIENTED_EDGE('',*,*,#2843,.F.);
#3776=ORIENTED_EDGE('',*,*,#2846,.F.);
#3777=ORIENTED_EDGE('',*,*,#2849,.F.);
#3778=ORIENTED_EDGE('',*,*,#2852,.F.);
#3779=ORIENTED_EDGE('',*,*,#2855,.F.);
#3780=ORIENTED_EDGE('',*,*,#2858,.F.);
#3781=ORIENTED_EDGE('',*,*,#2861,.F.);
#3782=ORIENTED_EDGE('',*,*,#2864,.F.);
#3783=ORIENTED_EDGE('',*,*,#2867,.F.);
#3784=ORIENTED_EDGE('',*,*,#2870,.F.);
#3785=ORIENTED_EDGE('',*,*,#2873,.F.);
#3786=ORIENTED_EDGE('',*,*,#2874,.T.);
#3787=ORIENTED_EDGE('',*,*,#2875,.T.);
#3788=ORIENTED_EDGE('',*,*,#2876,.F.);
#3789=ORIENTED_EDGE('',*,*,#2877,.F.);
#3790=ORIENTED_EDGE('',*,*,#2876,.T.);
#3791=ORIENTED_EDGE('',*,*,#2878,.T.);
#3792=ORIENTED_EDGE('',*,*,#2879,.F.);
#3793=ORIENTED_EDGE('',*,*,#2880,.F.);
#3794=ORIENTED_EDGE('',*,*,#2879,.T.);
#3795=ORIENTED_EDGE('',*,*,#2881,.T.);
#3796=ORIENTED_EDGE('',*,*,#2882,.F.);
#3797=ORIENTED_EDGE('',*,*,#2883,.F.);
#3798=ORIENTED_EDGE('',*,*,#2882,.T.);
#3799=ORIENTED_EDGE('',*,*,#2884,.T.);
#3800=ORIENTED_EDGE('',*,*,#2885,.F.);
#3801=ORIENTED_EDGE('',*,*,#2886,.F.);
#3802=ORIENTED_EDGE('',*,*,#2885,.T.);
#3803=ORIENTED_EDGE('',*,*,#2887,.T.);
#3804=ORIENTED_EDGE('',*,*,#2874,.F.);
#3805=ORIENTED_EDGE('',*,*,#2888,.F.);
#3806=ORIENTED_EDGE('',*,*,#2889,.T.);
#3807=ORIENTED_EDGE('',*,*,#2890,.T.);
#3808=ORIENTED_EDGE('',*,*,#2891,.F.);
#3809=ORIENTED_EDGE('',*,*,#2892,.F.);
#3810=ORIENTED_EDGE('',*,*,#2891,.T.);
#3811=ORIENTED_EDGE('',*,*,#2893,.T.);
#3812=ORIENTED_EDGE('',*,*,#2894,.F.);
#3813=ORIENTED_EDGE('',*,*,#2895,.F.);
#3814=ORIENTED_EDGE('',*,*,#2894,.T.);
#3815=ORIENTED_EDGE('',*,*,#2896,.T.);
#3816=ORIENTED_EDGE('',*,*,#2897,.F.);
#3817=ORIENTED_EDGE('',*,*,#2898,.F.);
#3818=ORIENTED_EDGE('',*,*,#2897,.T.);
#3819=ORIENTED_EDGE('',*,*,#2899,.T.);
#3820=ORIENTED_EDGE('',*,*,#2900,.F.);
#3821=ORIENTED_EDGE('',*,*,#2901,.F.);
#3822=ORIENTED_EDGE('',*,*,#2900,.T.);
#3823=ORIENTED_EDGE('',*,*,#2902,.T.);
#3824=ORIENTED_EDGE('',*,*,#2889,.F.);
#3825=ORIENTED_EDGE('',*,*,#2903,.F.);
#3826=ORIENTED_EDGE('',*,*,#2904,.T.);
#3827=ORIENTED_EDGE('',*,*,#2905,.T.);
#3828=ORIENTED_EDGE('',*,*,#2906,.F.);
#3829=ORIENTED_EDGE('',*,*,#2907,.F.);
#3830=ORIENTED_EDGE('',*,*,#2908,.T.);
#3831=ORIENTED_EDGE('',*,*,#2909,.T.);
#3832=ORIENTED_EDGE('',*,*,#2904,.F.);
#3833=ORIENTED_EDGE('',*,*,#2910,.F.);
#3834=ORIENTED_EDGE('',*,*,#2911,.T.);
#3835=ORIENTED_EDGE('',*,*,#2912,.T.);
#3836=ORIENTED_EDGE('',*,*,#2908,.F.);
#3837=ORIENTED_EDGE('',*,*,#2913,.F.);
#3838=ORIENTED_EDGE('',*,*,#2914,.T.);
#3839=ORIENTED_EDGE('',*,*,#2915,.T.);
#3840=ORIENTED_EDGE('',*,*,#2911,.F.);
#3841=ORIENTED_EDGE('',*,*,#2916,.F.);
#3842=ORIENTED_EDGE('',*,*,#2917,.T.);
#3843=ORIENTED_EDGE('',*,*,#2918,.T.);
#3844=ORIENTED_EDGE('',*,*,#2914,.F.);
#3845=ORIENTED_EDGE('',*,*,#2919,.F.);
#3846=ORIENTED_EDGE('',*,*,#2920,.T.);
#3847=ORIENTED_EDGE('',*,*,#2921,.T.);
#3848=ORIENTED_EDGE('',*,*,#2917,.F.);
#3849=ORIENTED_EDGE('',*,*,#2922,.F.);
#3850=ORIENTED_EDGE('',*,*,#2906,.T.);
#3851=ORIENTED_EDGE('',*,*,#2923,.T.);
#3852=ORIENTED_EDGE('',*,*,#2920,.F.);
#3853=ORIENTED_EDGE('',*,*,#2923,.F.);
#3854=ORIENTED_EDGE('',*,*,#2905,.F.);
#3855=ORIENTED_EDGE('',*,*,#2909,.F.);
#3856=ORIENTED_EDGE('',*,*,#2912,.F.);
#3857=ORIENTED_EDGE('',*,*,#2915,.F.);
#3858=ORIENTED_EDGE('',*,*,#2918,.F.);
#3859=ORIENTED_EDGE('',*,*,#2921,.F.);
#3860=ORIENTED_EDGE('',*,*,#2875,.F.);
#3861=ORIENTED_EDGE('',*,*,#2887,.F.);
#3862=ORIENTED_EDGE('',*,*,#2884,.F.);
#3863=ORIENTED_EDGE('',*,*,#2881,.F.);
#3864=ORIENTED_EDGE('',*,*,#2878,.F.);
#3865=ORIENTED_EDGE('',*,*,#2890,.F.);
#3866=ORIENTED_EDGE('',*,*,#2902,.F.);
#3867=ORIENTED_EDGE('',*,*,#2899,.F.);
#3868=ORIENTED_EDGE('',*,*,#2896,.F.);
#3869=ORIENTED_EDGE('',*,*,#2893,.F.);
#3870=ORIENTED_EDGE('',*,*,#2924,.F.);
#3871=ORIENTED_EDGE('',*,*,#2925,.T.);
#3872=ORIENTED_EDGE('',*,*,#2926,.T.);
#3873=ORIENTED_EDGE('',*,*,#2927,.F.);
#3874=ORIENTED_EDGE('',*,*,#2928,.F.);
#3875=ORIENTED_EDGE('',*,*,#2929,.T.);
#3876=ORIENTED_EDGE('',*,*,#2930,.T.);
#3877=ORIENTED_EDGE('',*,*,#2925,.F.);
#3878=ORIENTED_EDGE('',*,*,#2931,.F.);
#3879=ORIENTED_EDGE('',*,*,#2932,.T.);
#3880=ORIENTED_EDGE('',*,*,#2933,.T.);
#3881=ORIENTED_EDGE('',*,*,#2929,.F.);
#3882=ORIENTED_EDGE('',*,*,#2934,.F.);
#3883=ORIENTED_EDGE('',*,*,#2935,.T.);
#3884=ORIENTED_EDGE('',*,*,#2936,.T.);
#3885=ORIENTED_EDGE('',*,*,#2932,.F.);
#3886=ORIENTED_EDGE('',*,*,#2937,.F.);
#3887=ORIENTED_EDGE('',*,*,#2938,.T.);
#3888=ORIENTED_EDGE('',*,*,#2939,.T.);
#3889=ORIENTED_EDGE('',*,*,#2935,.F.);
#3890=ORIENTED_EDGE('',*,*,#2940,.F.);
#3891=ORIENTED_EDGE('',*,*,#2941,.T.);
#3892=ORIENTED_EDGE('',*,*,#2942,.T.);
#3893=ORIENTED_EDGE('',*,*,#2938,.F.);
#3894=ORIENTED_EDGE('',*,*,#2943,.F.);
#3895=ORIENTED_EDGE('',*,*,#2944,.T.);
#3896=ORIENTED_EDGE('',*,*,#2945,.T.);
#3897=ORIENTED_EDGE('',*,*,#2941,.F.);
#3898=ORIENTED_EDGE('',*,*,#2946,.F.);
#3899=ORIENTED_EDGE('',*,*,#2947,.T.);
#3900=ORIENTED_EDGE('',*,*,#2948,.T.);
#3901=ORIENTED_EDGE('',*,*,#2944,.F.);
#3902=ORIENTED_EDGE('',*,*,#2949,.F.);
#3903=ORIENTED_EDGE('',*,*,#2950,.T.);
#3904=ORIENTED_EDGE('',*,*,#2951,.T.);
#3905=ORIENTED_EDGE('',*,*,#2947,.F.);
#3906=ORIENTED_EDGE('',*,*,#2952,.F.);
#3907=ORIENTED_EDGE('',*,*,#2953,.T.);
#3908=ORIENTED_EDGE('',*,*,#2954,.T.);
#3909=ORIENTED_EDGE('',*,*,#2950,.F.);
#3910=ORIENTED_EDGE('',*,*,#2955,.F.);
#3911=ORIENTED_EDGE('',*,*,#2956,.T.);
#3912=ORIENTED_EDGE('',*,*,#2957,.T.);
#3913=ORIENTED_EDGE('',*,*,#2953,.F.);
#3914=ORIENTED_EDGE('',*,*,#2958,.F.);
#3915=ORIENTED_EDGE('',*,*,#2959,.T.);
#3916=ORIENTED_EDGE('',*,*,#2960,.T.);
#3917=ORIENTED_EDGE('',*,*,#2956,.F.);
#3918=ORIENTED_EDGE('',*,*,#2961,.F.);
#3919=ORIENTED_EDGE('',*,*,#2962,.T.);
#3920=ORIENTED_EDGE('',*,*,#2963,.T.);
#3921=ORIENTED_EDGE('',*,*,#2959,.F.);
#3922=ORIENTED_EDGE('',*,*,#2964,.F.);
#3923=ORIENTED_EDGE('',*,*,#2965,.T.);
#3924=ORIENTED_EDGE('',*,*,#2966,.T.);
#3925=ORIENTED_EDGE('',*,*,#2962,.F.);
#3926=ORIENTED_EDGE('',*,*,#2967,.F.);
#3927=ORIENTED_EDGE('',*,*,#2927,.T.);
#3928=ORIENTED_EDGE('',*,*,#2968,.T.);
#3929=ORIENTED_EDGE('',*,*,#2965,.F.);
#3930=ORIENTED_EDGE('',*,*,#2968,.F.);
#3931=ORIENTED_EDGE('',*,*,#2926,.F.);
#3932=ORIENTED_EDGE('',*,*,#2930,.F.);
#3933=ORIENTED_EDGE('',*,*,#2933,.F.);
#3934=ORIENTED_EDGE('',*,*,#2936,.F.);
#3935=ORIENTED_EDGE('',*,*,#2939,.F.);
#3936=ORIENTED_EDGE('',*,*,#2942,.F.);
#3937=ORIENTED_EDGE('',*,*,#2945,.F.);
#3938=ORIENTED_EDGE('',*,*,#2948,.F.);
#3939=ORIENTED_EDGE('',*,*,#2951,.F.);
#3940=ORIENTED_EDGE('',*,*,#2954,.F.);
#3941=ORIENTED_EDGE('',*,*,#2957,.F.);
#3942=ORIENTED_EDGE('',*,*,#2960,.F.);
#3943=ORIENTED_EDGE('',*,*,#2963,.F.);
#3944=ORIENTED_EDGE('',*,*,#2966,.F.);
#3945=ORIENTED_EDGE('',*,*,#2969,.F.);
#3946=ORIENTED_EDGE('',*,*,#2970,.T.);
#3947=ORIENTED_EDGE('',*,*,#2971,.T.);
#3948=ORIENTED_EDGE('',*,*,#2972,.F.);
#3949=ORIENTED_EDGE('',*,*,#2973,.F.);
#3950=ORIENTED_EDGE('',*,*,#2974,.T.);
#3951=ORIENTED_EDGE('',*,*,#2975,.T.);
#3952=ORIENTED_EDGE('',*,*,#2970,.F.);
#3953=ORIENTED_EDGE('',*,*,#2976,.F.);
#3954=ORIENTED_EDGE('',*,*,#2977,.T.);
#3955=ORIENTED_EDGE('',*,*,#2978,.T.);
#3956=ORIENTED_EDGE('',*,*,#2974,.F.);
#3957=ORIENTED_EDGE('',*,*,#2979,.F.);
#3958=ORIENTED_EDGE('',*,*,#2980,.T.);
#3959=ORIENTED_EDGE('',*,*,#2981,.T.);
#3960=ORIENTED_EDGE('',*,*,#2977,.F.);
#3961=ORIENTED_EDGE('',*,*,#2982,.F.);
#3962=ORIENTED_EDGE('',*,*,#2983,.T.);
#3963=ORIENTED_EDGE('',*,*,#2984,.T.);
#3964=ORIENTED_EDGE('',*,*,#2980,.F.);
#3965=ORIENTED_EDGE('',*,*,#2985,.F.);
#3966=ORIENTED_EDGE('',*,*,#2986,.T.);
#3967=ORIENTED_EDGE('',*,*,#2987,.T.);
#3968=ORIENTED_EDGE('',*,*,#2983,.F.);
#3969=ORIENTED_EDGE('',*,*,#2988,.F.);
#3970=ORIENTED_EDGE('',*,*,#2989,.T.);
#3971=ORIENTED_EDGE('',*,*,#2990,.T.);
#3972=ORIENTED_EDGE('',*,*,#2986,.F.);
#3973=ORIENTED_EDGE('',*,*,#2991,.F.);
#3974=ORIENTED_EDGE('',*,*,#2992,.T.);
#3975=ORIENTED_EDGE('',*,*,#2993,.T.);
#3976=ORIENTED_EDGE('',*,*,#2989,.F.);
#3977=ORIENTED_EDGE('',*,*,#2994,.F.);
#3978=ORIENTED_EDGE('',*,*,#2995,.T.);
#3979=ORIENTED_EDGE('',*,*,#2996,.T.);
#3980=ORIENTED_EDGE('',*,*,#2992,.F.);
#3981=ORIENTED_EDGE('',*,*,#2997,.F.);
#3982=ORIENTED_EDGE('',*,*,#2998,.T.);
#3983=ORIENTED_EDGE('',*,*,#2999,.T.);
#3984=ORIENTED_EDGE('',*,*,#2995,.F.);
#3985=ORIENTED_EDGE('',*,*,#3000,.F.);
#3986=ORIENTED_EDGE('',*,*,#3001,.T.);
#3987=ORIENTED_EDGE('',*,*,#3002,.T.);
#3988=ORIENTED_EDGE('',*,*,#2998,.F.);
#3989=ORIENTED_EDGE('',*,*,#3003,.F.);
#3990=ORIENTED_EDGE('',*,*,#2972,.T.);
#3991=ORIENTED_EDGE('',*,*,#3004,.T.);
#3992=ORIENTED_EDGE('',*,*,#3001,.F.);
#3993=ORIENTED_EDGE('',*,*,#3004,.F.);
#3994=ORIENTED_EDGE('',*,*,#2971,.F.);
#3995=ORIENTED_EDGE('',*,*,#2975,.F.);
#3996=ORIENTED_EDGE('',*,*,#2978,.F.);
#3997=ORIENTED_EDGE('',*,*,#2981,.F.);
#3998=ORIENTED_EDGE('',*,*,#2984,.F.);
#3999=ORIENTED_EDGE('',*,*,#2987,.F.);
#4000=ORIENTED_EDGE('',*,*,#2990,.F.);
#4001=ORIENTED_EDGE('',*,*,#2993,.F.);
#4002=ORIENTED_EDGE('',*,*,#2996,.F.);
#4003=ORIENTED_EDGE('',*,*,#2999,.F.);
#4004=ORIENTED_EDGE('',*,*,#3002,.F.);
#4005=ORIENTED_EDGE('',*,*,#3005,.F.);
#4006=ORIENTED_EDGE('',*,*,#3006,.T.);
#4007=ORIENTED_EDGE('',*,*,#3007,.T.);
#4008=ORIENTED_EDGE('',*,*,#3008,.F.);
#4009=ORIENTED_EDGE('',*,*,#3009,.F.);
#4010=ORIENTED_EDGE('',*,*,#3010,.T.);
#4011=ORIENTED_EDGE('',*,*,#3011,.T.);
#4012=ORIENTED_EDGE('',*,*,#3006,.F.);
#4013=ORIENTED_EDGE('',*,*,#3012,.F.);
#4014=ORIENTED_EDGE('',*,*,#3013,.T.);
#4015=ORIENTED_EDGE('',*,*,#3014,.T.);
#4016=ORIENTED_EDGE('',*,*,#3010,.F.);
#4017=ORIENTED_EDGE('',*,*,#3015,.F.);
#4018=ORIENTED_EDGE('',*,*,#3016,.T.);
#4019=ORIENTED_EDGE('',*,*,#3017,.T.);
#4020=ORIENTED_EDGE('',*,*,#3013,.F.);
#4021=ORIENTED_EDGE('',*,*,#3018,.F.);
#4022=ORIENTED_EDGE('',*,*,#3019,.T.);
#4023=ORIENTED_EDGE('',*,*,#3020,.T.);
#4024=ORIENTED_EDGE('',*,*,#3016,.F.);
#4025=ORIENTED_EDGE('',*,*,#3021,.F.);
#4026=ORIENTED_EDGE('',*,*,#3022,.T.);
#4027=ORIENTED_EDGE('',*,*,#3023,.T.);
#4028=ORIENTED_EDGE('',*,*,#3019,.F.);
#4029=ORIENTED_EDGE('',*,*,#3024,.F.);
#4030=ORIENTED_EDGE('',*,*,#3025,.T.);
#4031=ORIENTED_EDGE('',*,*,#3026,.T.);
#4032=ORIENTED_EDGE('',*,*,#3022,.F.);
#4033=ORIENTED_EDGE('',*,*,#3027,.F.);
#4034=ORIENTED_EDGE('',*,*,#3028,.T.);
#4035=ORIENTED_EDGE('',*,*,#3029,.T.);
#4036=ORIENTED_EDGE('',*,*,#3025,.F.);
#4037=ORIENTED_EDGE('',*,*,#3030,.F.);
#4038=ORIENTED_EDGE('',*,*,#3031,.T.);
#4039=ORIENTED_EDGE('',*,*,#3032,.T.);
#4040=ORIENTED_EDGE('',*,*,#3028,.F.);
#4041=ORIENTED_EDGE('',*,*,#3033,.F.);
#4042=ORIENTED_EDGE('',*,*,#3008,.T.);
#4043=ORIENTED_EDGE('',*,*,#3034,.T.);
#4044=ORIENTED_EDGE('',*,*,#3031,.F.);
#4045=ORIENTED_EDGE('',*,*,#3034,.F.);
#4046=ORIENTED_EDGE('',*,*,#3007,.F.);
#4047=ORIENTED_EDGE('',*,*,#3011,.F.);
#4048=ORIENTED_EDGE('',*,*,#3014,.F.);
#4049=ORIENTED_EDGE('',*,*,#3017,.F.);
#4050=ORIENTED_EDGE('',*,*,#3020,.F.);
#4051=ORIENTED_EDGE('',*,*,#3023,.F.);
#4052=ORIENTED_EDGE('',*,*,#3026,.F.);
#4053=ORIENTED_EDGE('',*,*,#3029,.F.);
#4054=ORIENTED_EDGE('',*,*,#3032,.F.);
#4055=ORIENTED_EDGE('',*,*,#3035,.F.);
#4056=ORIENTED_EDGE('',*,*,#3036,.F.);
#4057=ORIENTED_EDGE('',*,*,#3037,.T.);
#4058=ORIENTED_EDGE('',*,*,#3038,.T.);
#4059=ORIENTED_EDGE('',*,*,#3005,.T.);
#4060=ORIENTED_EDGE('',*,*,#3033,.T.);
#4061=ORIENTED_EDGE('',*,*,#3030,.T.);
#4062=ORIENTED_EDGE('',*,*,#3027,.T.);
#4063=ORIENTED_EDGE('',*,*,#3024,.T.);
#4064=ORIENTED_EDGE('',*,*,#3021,.T.);
#4065=ORIENTED_EDGE('',*,*,#3018,.T.);
#4066=ORIENTED_EDGE('',*,*,#3015,.T.);
#4067=ORIENTED_EDGE('',*,*,#3012,.T.);
#4068=ORIENTED_EDGE('',*,*,#3009,.T.);
#4069=ORIENTED_EDGE('',*,*,#2969,.T.);
#4070=ORIENTED_EDGE('',*,*,#3003,.T.);
#4071=ORIENTED_EDGE('',*,*,#3000,.T.);
#4072=ORIENTED_EDGE('',*,*,#2997,.T.);
#4073=ORIENTED_EDGE('',*,*,#2994,.T.);
#4074=ORIENTED_EDGE('',*,*,#2991,.T.);
#4075=ORIENTED_EDGE('',*,*,#2988,.T.);
#4076=ORIENTED_EDGE('',*,*,#2985,.T.);
#4077=ORIENTED_EDGE('',*,*,#2982,.T.);
#4078=ORIENTED_EDGE('',*,*,#2979,.T.);
#4079=ORIENTED_EDGE('',*,*,#2976,.T.);
#4080=ORIENTED_EDGE('',*,*,#2973,.T.);
#4081=ORIENTED_EDGE('',*,*,#2924,.T.);
#4082=ORIENTED_EDGE('',*,*,#2967,.T.);
#4083=ORIENTED_EDGE('',*,*,#2964,.T.);
#4084=ORIENTED_EDGE('',*,*,#2961,.T.);
#4085=ORIENTED_EDGE('',*,*,#2958,.T.);
#4086=ORIENTED_EDGE('',*,*,#2955,.T.);
#4087=ORIENTED_EDGE('',*,*,#2952,.T.);
#4088=ORIENTED_EDGE('',*,*,#2949,.T.);
#4089=ORIENTED_EDGE('',*,*,#2946,.T.);
#4090=ORIENTED_EDGE('',*,*,#2943,.T.);
#4091=ORIENTED_EDGE('',*,*,#2940,.T.);
#4092=ORIENTED_EDGE('',*,*,#2937,.T.);
#4093=ORIENTED_EDGE('',*,*,#2934,.T.);
#4094=ORIENTED_EDGE('',*,*,#2931,.T.);
#4095=ORIENTED_EDGE('',*,*,#2928,.T.);
#4096=ORIENTED_EDGE('',*,*,#2903,.T.);
#4097=ORIENTED_EDGE('',*,*,#2922,.T.);
#4098=ORIENTED_EDGE('',*,*,#2919,.T.);
#4099=ORIENTED_EDGE('',*,*,#2916,.T.);
#4100=ORIENTED_EDGE('',*,*,#2913,.T.);
#4101=ORIENTED_EDGE('',*,*,#2910,.T.);
#4102=ORIENTED_EDGE('',*,*,#2907,.T.);
#4103=ORIENTED_EDGE('',*,*,#2837,.T.);
#4104=ORIENTED_EDGE('',*,*,#2871,.T.);
#4105=ORIENTED_EDGE('',*,*,#2868,.T.);
#4106=ORIENTED_EDGE('',*,*,#2865,.T.);
#4107=ORIENTED_EDGE('',*,*,#2862,.T.);
#4108=ORIENTED_EDGE('',*,*,#2859,.T.);
#4109=ORIENTED_EDGE('',*,*,#2856,.T.);
#4110=ORIENTED_EDGE('',*,*,#2853,.T.);
#4111=ORIENTED_EDGE('',*,*,#2850,.T.);
#4112=ORIENTED_EDGE('',*,*,#2847,.T.);
#4113=ORIENTED_EDGE('',*,*,#2844,.T.);
#4114=ORIENTED_EDGE('',*,*,#2841,.T.);
#4115=ORIENTED_EDGE('',*,*,#2801,.T.);
#4116=ORIENTED_EDGE('',*,*,#2835,.T.);
#4117=ORIENTED_EDGE('',*,*,#2832,.T.);
#4118=ORIENTED_EDGE('',*,*,#2829,.T.);
#4119=ORIENTED_EDGE('',*,*,#2826,.T.);
#4120=ORIENTED_EDGE('',*,*,#2823,.T.);
#4121=ORIENTED_EDGE('',*,*,#2820,.T.);
#4122=ORIENTED_EDGE('',*,*,#2817,.T.);
#4123=ORIENTED_EDGE('',*,*,#2814,.T.);
#4124=ORIENTED_EDGE('',*,*,#2811,.T.);
#4125=ORIENTED_EDGE('',*,*,#2808,.T.);
#4126=ORIENTED_EDGE('',*,*,#2805,.T.);
#4127=ORIENTED_EDGE('',*,*,#2777,.T.);
#4128=ORIENTED_EDGE('',*,*,#2799,.T.);
#4129=ORIENTED_EDGE('',*,*,#2796,.T.);
#4130=ORIENTED_EDGE('',*,*,#2793,.T.);
#4131=ORIENTED_EDGE('',*,*,#2790,.T.);
#4132=ORIENTED_EDGE('',*,*,#2787,.T.);
#4133=ORIENTED_EDGE('',*,*,#2784,.T.);
#4134=ORIENTED_EDGE('',*,*,#2781,.T.);
#4135=ORIENTED_EDGE('',*,*,#2735,.T.);
#4136=ORIENTED_EDGE('',*,*,#2763,.T.);
#4137=ORIENTED_EDGE('',*,*,#2760,.T.);
#4138=ORIENTED_EDGE('',*,*,#2757,.T.);
#4139=ORIENTED_EDGE('',*,*,#2754,.T.);
#4140=ORIENTED_EDGE('',*,*,#2751,.T.);
#4141=ORIENTED_EDGE('',*,*,#2748,.T.);
#4142=ORIENTED_EDGE('',*,*,#2745,.T.);
#4143=ORIENTED_EDGE('',*,*,#2742,.T.);
#4144=ORIENTED_EDGE('',*,*,#2739,.T.);
#4145=ORIENTED_EDGE('',*,*,#2888,.T.);
#4146=ORIENTED_EDGE('',*,*,#2892,.T.);
#4147=ORIENTED_EDGE('',*,*,#2895,.T.);
#4148=ORIENTED_EDGE('',*,*,#2898,.T.);
#4149=ORIENTED_EDGE('',*,*,#2901,.T.);
#4150=ORIENTED_EDGE('',*,*,#2873,.T.);
#4151=ORIENTED_EDGE('',*,*,#2877,.T.);
#4152=ORIENTED_EDGE('',*,*,#2880,.T.);
#4153=ORIENTED_EDGE('',*,*,#2883,.T.);
#4154=ORIENTED_EDGE('',*,*,#2886,.T.);
#4155=ORIENTED_EDGE('',*,*,#3039,.T.);
#4156=ORIENTED_EDGE('',*,*,#3040,.F.);
#4157=ORIENTED_EDGE('',*,*,#3035,.T.);
#4158=ORIENTED_EDGE('',*,*,#3041,.T.);
#4159=ORIENTED_EDGE('',*,*,#3042,.T.);
#4160=ORIENTED_EDGE('',*,*,#3039,.F.);
#4161=ORIENTED_EDGE('',*,*,#3043,.F.);
#4162=ORIENTED_EDGE('',*,*,#3044,.F.);
#4163=ORIENTED_EDGE('',*,*,#3045,.F.);
#4164=ORIENTED_EDGE('',*,*,#3042,.F.);
#4165=ORIENTED_EDGE('',*,*,#3046,.F.);
#4166=ORIENTED_EDGE('',*,*,#3047,.T.);
#4167=ORIENTED_EDGE('',*,*,#3048,.T.);
#4168=ORIENTED_EDGE('',*,*,#3049,.F.);
#4169=ORIENTED_EDGE('',*,*,#3050,.T.);
#4170=ORIENTED_EDGE('',*,*,#3051,.T.);
#4171=ORIENTED_EDGE('',*,*,#3052,.F.);
#4172=ORIENTED_EDGE('',*,*,#3053,.F.);
#4173=ORIENTED_EDGE('',*,*,#3054,.T.);
#4174=ORIENTED_EDGE('',*,*,#3055,.F.);
#4175=ORIENTED_EDGE('',*,*,#3056,.F.);
#4176=ORIENTED_EDGE('',*,*,#3043,.T.);
#4177=ORIENTED_EDGE('',*,*,#3041,.F.);
#4178=ORIENTED_EDGE('',*,*,#3038,.F.);
#4179=ORIENTED_EDGE('',*,*,#3057,.F.);
#4180=ORIENTED_EDGE('',*,*,#3058,.F.);
#4181=ORIENTED_EDGE('',*,*,#3046,.T.);
#4182=ORIENTED_EDGE('',*,*,#2765,.T.);
#4183=ORIENTED_EDGE('',*,*,#2769,.T.);
#4184=ORIENTED_EDGE('',*,*,#2772,.T.);
#4185=ORIENTED_EDGE('',*,*,#2775,.T.);
#4186=ORIENTED_EDGE('',*,*,#3058,.T.);
#4187=ORIENTED_EDGE('',*,*,#3059,.T.);
#4188=ORIENTED_EDGE('',*,*,#3060,.F.);
#4189=ORIENTED_EDGE('',*,*,#3061,.F.);
#4190=ORIENTED_EDGE('',*,*,#3062,.F.);
#4191=ORIENTED_EDGE('',*,*,#3047,.F.);
#4192=ORIENTED_EDGE('',*,*,#3036,.T.);
#4193=ORIENTED_EDGE('',*,*,#3040,.T.);
#4194=ORIENTED_EDGE('',*,*,#3063,.F.);
#4195=ORIENTED_EDGE('',*,*,#3064,.F.);
#4196=ORIENTED_EDGE('',*,*,#3065,.T.);
#4197=ORIENTED_EDGE('',*,*,#3066,.F.);
#4198=ORIENTED_EDGE('',*,*,#3067,.T.);
#4199=ORIENTED_EDGE('',*,*,#3061,.T.);
#4200=ORIENTED_EDGE('',*,*,#3068,.F.);
#4201=ORIENTED_EDGE('',*,*,#3069,.F.);
#4202=ORIENTED_EDGE('',*,*,#3070,.F.);
#4203=ORIENTED_EDGE('',*,*,#3048,.F.);
#4204=ORIENTED_EDGE('',*,*,#3062,.T.);
#4205=ORIENTED_EDGE('',*,*,#3067,.F.);
#4206=ORIENTED_EDGE('',*,*,#3071,.F.);
#4207=ORIENTED_EDGE('',*,*,#3065,.F.);
#4208=ORIENTED_EDGE('',*,*,#3072,.F.);
#4209=ORIENTED_EDGE('',*,*,#3073,.T.);
#4210=ORIENTED_EDGE('',*,*,#3059,.F.);
#4211=ORIENTED_EDGE('',*,*,#3057,.T.);
#4212=ORIENTED_EDGE('',*,*,#3037,.F.);
#4213=ORIENTED_EDGE('',*,*,#3074,.F.);
#4214=ORIENTED_EDGE('',*,*,#3068,.T.);
#4215=ORIENTED_EDGE('',*,*,#3060,.T.);
#4216=ORIENTED_EDGE('',*,*,#3073,.F.);
#4217=ORIENTED_EDGE('',*,*,#3069,.T.);
#4218=ORIENTED_EDGE('',*,*,#3075,.T.);
#4219=ORIENTED_EDGE('',*,*,#3076,.T.);
#4220=ORIENTED_EDGE('',*,*,#3077,.T.);
#4221=ORIENTED_EDGE('',*,*,#3063,.T.);
#4222=ORIENTED_EDGE('',*,*,#3045,.T.);
#4223=ORIENTED_EDGE('',*,*,#3078,.T.);
#4224=ORIENTED_EDGE('',*,*,#3079,.F.);
#4225=ORIENTED_EDGE('',*,*,#3080,.T.);
#4226=ORIENTED_EDGE('',*,*,#3070,.T.);
#4227=ORIENTED_EDGE('',*,*,#3077,.F.);
#4228=ORIENTED_EDGE('',*,*,#3081,.F.);
#4229=ORIENTED_EDGE('',*,*,#3049,.T.);
#4230=ORIENTED_EDGE('',*,*,#3044,.T.);
#4231=ORIENTED_EDGE('',*,*,#3056,.T.);
#4232=ORIENTED_EDGE('',*,*,#3082,.F.);
#4233=ORIENTED_EDGE('',*,*,#3083,.F.);
#4234=ORIENTED_EDGE('',*,*,#3084,.F.);
#4235=ORIENTED_EDGE('',*,*,#3078,.F.);
#4236=ORIENTED_EDGE('',*,*,#3085,.T.);
#4237=ORIENTED_EDGE('',*,*,#3086,.T.);
#4238=ORIENTED_EDGE('',*,*,#3079,.T.);
#4239=ORIENTED_EDGE('',*,*,#3087,.T.);
#4240=ORIENTED_EDGE('',*,*,#3088,.T.);
#4241=ORIENTED_EDGE('',*,*,#3085,.F.);
#4242=ORIENTED_EDGE('',*,*,#3084,.T.);
#4243=ORIENTED_EDGE('',*,*,#3055,.T.);
#4244=ORIENTED_EDGE('',*,*,#3089,.T.);
#4245=ORIENTED_EDGE('',*,*,#3090,.T.);
#4246=ORIENTED_EDGE('',*,*,#3082,.T.);
#4247=ORIENTED_EDGE('',*,*,#3090,.F.);
#4248=ORIENTED_EDGE('',*,*,#3091,.T.);
#4249=ORIENTED_EDGE('',*,*,#3087,.F.);
#4250=ORIENTED_EDGE('',*,*,#3083,.T.);
#4251=ORIENTED_EDGE('',*,*,#3086,.F.);
#4252=ORIENTED_EDGE('',*,*,#3092,.T.);
#4253=ORIENTED_EDGE('',*,*,#3093,.F.);
#4254=ORIENTED_EDGE('',*,*,#3094,.T.);
#4255=ORIENTED_EDGE('',*,*,#3088,.F.);
#4256=ORIENTED_EDGE('',*,*,#3095,.F.);
#4257=ORIENTED_EDGE('',*,*,#3096,.F.);
#4258=ORIENTED_EDGE('',*,*,#3097,.F.);
#4259=ORIENTED_EDGE('',*,*,#3098,.F.);
#4260=ORIENTED_EDGE('',*,*,#3099,.F.);
#4261=ORIENTED_EDGE('',*,*,#3100,.T.);
#4262=ORIENTED_EDGE('',*,*,#3092,.F.);
#4263=ORIENTED_EDGE('',*,*,#3091,.F.);
#4264=ORIENTED_EDGE('',*,*,#3101,.F.);
#4265=ORIENTED_EDGE('',*,*,#3102,.T.);
#4266=ORIENTED_EDGE('',*,*,#3103,.T.);
#4267=ORIENTED_EDGE('',*,*,#3095,.T.);
#4268=ORIENTED_EDGE('',*,*,#3089,.F.);
#4269=ORIENTED_EDGE('',*,*,#3054,.F.);
#4270=ORIENTED_EDGE('',*,*,#3104,.T.);
#4271=ORIENTED_EDGE('',*,*,#3101,.T.);
#4272=ORIENTED_EDGE('',*,*,#3096,.T.);
#4273=ORIENTED_EDGE('',*,*,#3103,.F.);
#4274=ORIENTED_EDGE('',*,*,#3105,.T.);
#4275=ORIENTED_EDGE('',*,*,#3106,.T.);
#4276=ORIENTED_EDGE('',*,*,#3097,.T.);
#4277=ORIENTED_EDGE('',*,*,#3107,.T.);
#4278=ORIENTED_EDGE('',*,*,#3108,.T.);
#4279=ORIENTED_EDGE('',*,*,#3098,.T.);
#4280=ORIENTED_EDGE('',*,*,#3106,.F.);
#4281=ORIENTED_EDGE('',*,*,#3108,.F.);
#4282=ORIENTED_EDGE('',*,*,#3109,.T.);
#4283=ORIENTED_EDGE('',*,*,#3110,.T.);
#4284=ORIENTED_EDGE('',*,*,#3111,.F.);
#4285=ORIENTED_EDGE('',*,*,#3099,.T.);
#4286=ORIENTED_EDGE('',*,*,#3107,.F.);
#4287=ORIENTED_EDGE('',*,*,#3105,.F.);
#4288=ORIENTED_EDGE('',*,*,#3112,.T.);
#4289=ORIENTED_EDGE('',*,*,#3113,.F.);
#4290=ORIENTED_EDGE('',*,*,#3114,.T.);
#4291=ORIENTED_EDGE('',*,*,#3102,.F.);
#4292=ORIENTED_EDGE('',*,*,#3115,.F.);
#4293=ORIENTED_EDGE('',*,*,#3116,.F.);
#4294=ORIENTED_EDGE('',*,*,#3117,.F.);
#4295=ORIENTED_EDGE('',*,*,#3118,.F.);
#4296=ORIENTED_EDGE('',*,*,#3119,.F.);
#4297=ORIENTED_EDGE('',*,*,#3112,.F.);
#4298=ORIENTED_EDGE('',*,*,#3104,.F.);
#4299=ORIENTED_EDGE('',*,*,#3053,.T.);
#4300=ORIENTED_EDGE('',*,*,#3120,.T.);
#4301=ORIENTED_EDGE('',*,*,#3115,.T.);
#4302=ORIENTED_EDGE('',*,*,#3121,.T.);
#4303=ORIENTED_EDGE('',*,*,#3122,.T.);
#4304=ORIENTED_EDGE('',*,*,#3123,.T.);
#4305=ORIENTED_EDGE('',*,*,#3124,.T.);
#4306=ORIENTED_EDGE('',*,*,#3125,.T.);
#4307=ORIENTED_EDGE('',*,*,#3126,.T.);
#4308=ORIENTED_EDGE('',*,*,#3127,.T.);
#4309=ORIENTED_EDGE('',*,*,#3128,.T.);
#4310=ORIENTED_EDGE('',*,*,#3129,.T.);
#4311=ORIENTED_EDGE('',*,*,#3125,.F.);
#4312=ORIENTED_EDGE('',*,*,#3130,.T.);
#4313=ORIENTED_EDGE('',*,*,#3131,.T.);
#4314=ORIENTED_EDGE('',*,*,#3132,.T.);
#4315=ORIENTED_EDGE('',*,*,#3133,.T.);
#4316=ORIENTED_EDGE('',*,*,#3134,.T.);
#4317=ORIENTED_EDGE('',*,*,#3135,.T.);
#4318=ORIENTED_EDGE('',*,*,#3131,.F.);
#4319=ORIENTED_EDGE('',*,*,#3136,.T.);
#4320=ORIENTED_EDGE('',*,*,#3127,.F.);
#4321=ORIENTED_EDGE('',*,*,#3137,.T.);
#4322=ORIENTED_EDGE('',*,*,#3138,.F.);
#4323=ORIENTED_EDGE('',*,*,#3123,.F.);
#4324=ORIENTED_EDGE('',*,*,#3134,.F.);
#4325=ORIENTED_EDGE('',*,*,#3139,.T.);
#4326=ORIENTED_EDGE('',*,*,#3140,.T.);
#4327=ORIENTED_EDGE('',*,*,#3141,.F.);
#4328=ORIENTED_EDGE('',*,*,#3142,.T.);
#4329=ORIENTED_EDGE('',*,*,#3133,.F.);
#4330=ORIENTED_EDGE('',*,*,#3130,.F.);
#4331=ORIENTED_EDGE('',*,*,#3143,.T.);
#4332=ORIENTED_EDGE('',*,*,#3144,.F.);
#4333=ORIENTED_EDGE('',*,*,#3145,.T.);
#4334=ORIENTED_EDGE('',*,*,#3128,.F.);
#4335=ORIENTED_EDGE('',*,*,#3146,.F.);
#4336=ORIENTED_EDGE('',*,*,#3147,.F.);
#4337=ORIENTED_EDGE('',*,*,#3148,.F.);
#4338=ORIENTED_EDGE('',*,*,#3149,.F.);
#4339=ORIENTED_EDGE('',*,*,#3150,.F.);
#4340=ORIENTED_EDGE('',*,*,#3151,.F.);
#4341=ORIENTED_EDGE('',*,*,#3143,.F.);
#4342=ORIENTED_EDGE('',*,*,#3152,.T.);
#4343=ORIENTED_EDGE('',*,*,#3116,.T.);
#4344=ORIENTED_EDGE('',*,*,#3120,.F.);
#4345=ORIENTED_EDGE('',*,*,#3153,.T.);
#4346=ORIENTED_EDGE('',*,*,#3154,.T.);
#4347=ORIENTED_EDGE('',*,*,#3117,.T.);
#4348=ORIENTED_EDGE('',*,*,#3152,.F.);
#4349=ORIENTED_EDGE('',*,*,#3155,.T.);
#4350=ORIENTED_EDGE('',*,*,#3156,.T.);
#4351=ORIENTED_EDGE('',*,*,#3118,.T.);
#4352=ORIENTED_EDGE('',*,*,#3154,.F.);
#4353=ORIENTED_EDGE('',*,*,#3157,.T.);
#4354=ORIENTED_EDGE('',*,*,#3113,.T.);
#4355=ORIENTED_EDGE('',*,*,#3119,.T.);
#4356=ORIENTED_EDGE('',*,*,#3156,.F.);
#4357=ORIENTED_EDGE('',*,*,#3158,.T.);
#4358=ORIENTED_EDGE('',*,*,#3114,.F.);
#4359=ORIENTED_EDGE('',*,*,#3159,.T.);
#4360=ORIENTED_EDGE('',*,*,#3160,.T.);
#4361=ORIENTED_EDGE('',*,*,#3109,.F.);
#4362=ORIENTED_EDGE('',*,*,#3158,.F.);
#4363=ORIENTED_EDGE('',*,*,#3161,.T.);
#4364=ORIENTED_EDGE('',*,*,#3162,.T.);
#4365=ORIENTED_EDGE('',*,*,#3159,.F.);
#4366=ORIENTED_EDGE('',*,*,#3157,.F.);
#4367=ORIENTED_EDGE('',*,*,#3163,.T.);
#4368=ORIENTED_EDGE('',*,*,#3164,.T.);
#4369=ORIENTED_EDGE('',*,*,#3161,.F.);
#4370=ORIENTED_EDGE('',*,*,#3155,.F.);
#4371=ORIENTED_EDGE('',*,*,#3165,.T.);
#4372=ORIENTED_EDGE('',*,*,#3166,.T.);
#4373=ORIENTED_EDGE('',*,*,#3163,.F.);
#4374=ORIENTED_EDGE('',*,*,#3153,.F.);
#4375=ORIENTED_EDGE('',*,*,#3052,.T.);
#4376=ORIENTED_EDGE('',*,*,#3167,.T.);
#4377=ORIENTED_EDGE('',*,*,#3165,.F.);
#4378=ORIENTED_EDGE('',*,*,#3122,.F.);
#4379=ORIENTED_EDGE('',*,*,#3168,.T.);
#4380=ORIENTED_EDGE('',*,*,#3169,.T.);
#4381=ORIENTED_EDGE('',*,*,#3146,.T.);
#4382=ORIENTED_EDGE('',*,*,#3136,.F.);
#4383=ORIENTED_EDGE('',*,*,#3170,.T.);
#4384=ORIENTED_EDGE('',*,*,#3147,.T.);
#4385=ORIENTED_EDGE('',*,*,#3169,.F.);
#4386=ORIENTED_EDGE('',*,*,#3171,.T.);
#4387=ORIENTED_EDGE('',*,*,#3172,.T.);
#4388=ORIENTED_EDGE('',*,*,#3148,.T.);
#4389=ORIENTED_EDGE('',*,*,#3170,.F.);
#4390=ORIENTED_EDGE('',*,*,#3173,.T.);
#4391=ORIENTED_EDGE('',*,*,#3174,.T.);
#4392=ORIENTED_EDGE('',*,*,#3149,.T.);
#4393=ORIENTED_EDGE('',*,*,#3172,.F.);
#4394=ORIENTED_EDGE('',*,*,#3175,.T.);
#4395=ORIENTED_EDGE('',*,*,#3176,.T.);
#4396=ORIENTED_EDGE('',*,*,#3150,.T.);
#4397=ORIENTED_EDGE('',*,*,#3174,.F.);
#4398=ORIENTED_EDGE('',*,*,#3177,.T.);
#4399=ORIENTED_EDGE('',*,*,#3144,.T.);
#4400=ORIENTED_EDGE('',*,*,#3151,.T.);
#4401=ORIENTED_EDGE('',*,*,#3176,.F.);
#4402=ORIENTED_EDGE('',*,*,#3178,.T.);
#4403=ORIENTED_EDGE('',*,*,#3145,.F.);
#4404=ORIENTED_EDGE('',*,*,#3179,.T.);
#4405=ORIENTED_EDGE('',*,*,#3180,.T.);
#4406=ORIENTED_EDGE('',*,*,#3139,.F.);
#4407=ORIENTED_EDGE('',*,*,#3178,.F.);
#4408=ORIENTED_EDGE('',*,*,#3181,.T.);
#4409=ORIENTED_EDGE('',*,*,#3182,.T.);
#4410=ORIENTED_EDGE('',*,*,#3179,.F.);
#4411=ORIENTED_EDGE('',*,*,#3177,.F.);
#4412=ORIENTED_EDGE('',*,*,#3183,.T.);
#4413=ORIENTED_EDGE('',*,*,#3184,.T.);
#4414=ORIENTED_EDGE('',*,*,#3181,.F.);
#4415=ORIENTED_EDGE('',*,*,#3175,.F.);
#4416=ORIENTED_EDGE('',*,*,#3185,.T.);
#4417=ORIENTED_EDGE('',*,*,#3186,.T.);
#4418=ORIENTED_EDGE('',*,*,#3183,.F.);
#4419=ORIENTED_EDGE('',*,*,#3173,.F.);
#4420=ORIENTED_EDGE('',*,*,#3187,.T.);
#4421=ORIENTED_EDGE('',*,*,#3188,.T.);
#4422=ORIENTED_EDGE('',*,*,#3185,.F.);
#4423=ORIENTED_EDGE('',*,*,#3171,.F.);
#4424=ORIENTED_EDGE('',*,*,#3189,.T.);
#4425=ORIENTED_EDGE('',*,*,#3190,.T.);
#4426=ORIENTED_EDGE('',*,*,#3187,.F.);
#4427=ORIENTED_EDGE('',*,*,#3168,.F.);
#4428=ORIENTED_EDGE('',*,*,#3191,.T.);
#4429=ORIENTED_EDGE('',*,*,#3192,.T.);
#4430=ORIENTED_EDGE('',*,*,#3189,.F.);
#4431=ORIENTED_EDGE('',*,*,#3193,.T.);
#4432=ORIENTED_EDGE('',*,*,#3194,.T.);
#4433=ORIENTED_EDGE('',*,*,#3076,.F.);
#4434=ORIENTED_EDGE('',*,*,#3195,.T.);
#4435=ORIENTED_EDGE('',*,*,#3196,.T.);
#4436=ORIENTED_EDGE('',*,*,#3197,.T.);
#4437=ORIENTED_EDGE('',*,*,#3193,.F.);
#4438=ORIENTED_EDGE('',*,*,#3198,.T.);
#4439=ORIENTED_EDGE('',*,*,#3199,.T.);
#4440=ORIENTED_EDGE('',*,*,#3200,.T.);
#4441=ORIENTED_EDGE('',*,*,#3196,.F.);
#4442=ORIENTED_EDGE('',*,*,#3201,.T.);
#4443=ORIENTED_EDGE('',*,*,#3202,.T.);
#4444=ORIENTED_EDGE('',*,*,#3203,.T.);
#4445=ORIENTED_EDGE('',*,*,#3199,.F.);
#4446=ORIENTED_EDGE('',*,*,#3204,.T.);
#4447=ORIENTED_EDGE('',*,*,#3093,.T.);
#4448=ORIENTED_EDGE('',*,*,#3205,.T.);
#4449=ORIENTED_EDGE('',*,*,#3202,.F.);
#4450=ORIENTED_EDGE('',*,*,#3206,.T.);
#4451=ORIENTED_EDGE('',*,*,#3203,.F.);
#4452=ORIENTED_EDGE('',*,*,#3207,.F.);
#4453=ORIENTED_EDGE('',*,*,#3208,.T.);
#4454=ORIENTED_EDGE('',*,*,#3209,.T.);
#4455=ORIENTED_EDGE('',*,*,#3205,.F.);
#4456=ORIENTED_EDGE('',*,*,#3100,.F.);
#4457=ORIENTED_EDGE('',*,*,#3210,.T.);
#4458=ORIENTED_EDGE('',*,*,#3207,.T.);
#4459=ORIENTED_EDGE('',*,*,#3064,.T.);
#4460=ORIENTED_EDGE('',*,*,#3080,.F.);
#4461=ORIENTED_EDGE('',*,*,#3094,.F.);
#4462=ORIENTED_EDGE('',*,*,#3206,.F.);
#4463=ORIENTED_EDGE('',*,*,#3204,.F.);
#4464=ORIENTED_EDGE('',*,*,#3201,.F.);
#4465=ORIENTED_EDGE('',*,*,#3198,.F.);
#4466=ORIENTED_EDGE('',*,*,#3195,.F.);
#4467=ORIENTED_EDGE('',*,*,#3075,.F.);
#4468=ORIENTED_EDGE('',*,*,#3071,.T.);
#4469=ORIENTED_EDGE('',*,*,#3066,.T.);
#4470=ORIENTED_EDGE('',*,*,#3074,.T.);
#4471=ORIENTED_EDGE('',*,*,#3072,.T.);
#4472=ORIENTED_EDGE('',*,*,#3194,.F.);
#4473=ORIENTED_EDGE('',*,*,#3211,.F.);
#4474=ORIENTED_EDGE('',*,*,#3212,.T.);
#4475=ORIENTED_EDGE('',*,*,#3081,.T.);
#4476=ORIENTED_EDGE('',*,*,#3129,.F.);
#4477=ORIENTED_EDGE('',*,*,#3132,.F.);
#4478=ORIENTED_EDGE('',*,*,#3135,.F.);
#4479=ORIENTED_EDGE('',*,*,#3142,.F.);
#4480=ORIENTED_EDGE('',*,*,#3211,.T.);
#4481=ORIENTED_EDGE('',*,*,#3197,.F.);
#4482=ORIENTED_EDGE('',*,*,#3213,.F.);
#4483=ORIENTED_EDGE('',*,*,#3214,.F.);
#4484=ORIENTED_EDGE('',*,*,#3124,.F.);
#4485=ORIENTED_EDGE('',*,*,#3138,.T.);
#4486=ORIENTED_EDGE('',*,*,#3137,.F.);
#4487=ORIENTED_EDGE('',*,*,#3126,.F.);
#4488=ORIENTED_EDGE('',*,*,#3200,.F.);
#4489=ORIENTED_EDGE('',*,*,#3209,.F.);
#4490=ORIENTED_EDGE('',*,*,#3215,.T.);
#4491=ORIENTED_EDGE('',*,*,#3213,.T.);
#4492=ORIENTED_EDGE('',*,*,#3212,.F.);
#4493=ORIENTED_EDGE('',*,*,#3141,.T.);
#4494=ORIENTED_EDGE('',*,*,#3216,.T.);
#4495=ORIENTED_EDGE('',*,*,#3050,.F.);
#4496=ORIENTED_EDGE('',*,*,#3210,.F.);
#4497=ORIENTED_EDGE('',*,*,#3111,.T.);
#4498=ORIENTED_EDGE('',*,*,#3217,.T.);
#4499=ORIENTED_EDGE('',*,*,#3218,.F.);
#4500=ORIENTED_EDGE('',*,*,#3208,.F.);
#4501=ORIENTED_EDGE('',*,*,#3218,.T.);
#4502=ORIENTED_EDGE('',*,*,#3219,.T.);
#4503=ORIENTED_EDGE('',*,*,#3220,.F.);
#4504=ORIENTED_EDGE('',*,*,#2732,.T.);
#4505=ORIENTED_EDGE('',*,*,#3215,.F.);
#4506=ORIENTED_EDGE('',*,*,#3220,.T.);
#4507=ORIENTED_EDGE('',*,*,#3221,.T.);
#4508=ORIENTED_EDGE('',*,*,#3222,.F.);
#4509=ORIENTED_EDGE('',*,*,#3121,.F.);
#4510=ORIENTED_EDGE('',*,*,#3214,.T.);
#4511=ORIENTED_EDGE('',*,*,#3222,.T.);
#4512=ORIENTED_EDGE('',*,*,#3223,.T.);
#4513=ORIENTED_EDGE('',*,*,#3191,.F.);
#4514=ORIENTED_EDGE('',*,*,#3224,.F.);
#4515=ORIENTED_EDGE('',*,*,#3225,.F.);
#4516=ORIENTED_EDGE('',*,*,#3226,.T.);
#4517=ORIENTED_EDGE('',*,*,#3227,.T.);
#4518=ORIENTED_EDGE('',*,*,#3228,.T.);
#4519=ORIENTED_EDGE('',*,*,#3229,.T.);
#4520=ORIENTED_EDGE('',*,*,#3230,.T.);
#4521=ORIENTED_EDGE('',*,*,#3231,.T.);
#4522=ORIENTED_EDGE('',*,*,#3192,.F.);
#4523=ORIENTED_EDGE('',*,*,#3232,.T.);
#4524=ORIENTED_EDGE('',*,*,#3226,.F.);
#4525=ORIENTED_EDGE('',*,*,#3233,.F.);
#4526=ORIENTED_EDGE('',*,*,#3223,.F.);
#4527=ORIENTED_EDGE('',*,*,#3234,.F.);
#4528=ORIENTED_EDGE('',*,*,#3227,.F.);
#4529=ORIENTED_EDGE('',*,*,#3232,.F.);
#4530=ORIENTED_EDGE('',*,*,#3221,.F.);
#4531=ORIENTED_EDGE('',*,*,#3235,.T.);
#4532=ORIENTED_EDGE('',*,*,#3228,.F.);
#4533=ORIENTED_EDGE('',*,*,#3234,.T.);
#4534=ORIENTED_EDGE('',*,*,#3219,.F.);
#4535=ORIENTED_EDGE('',*,*,#3236,.F.);
#4536=ORIENTED_EDGE('',*,*,#3229,.F.);
#4537=ORIENTED_EDGE('',*,*,#3235,.F.);
#4538=ORIENTED_EDGE('',*,*,#3217,.F.);
#4539=ORIENTED_EDGE('',*,*,#3237,.F.);
#4540=ORIENTED_EDGE('',*,*,#3230,.F.);
#4541=ORIENTED_EDGE('',*,*,#3236,.T.);
#4542=ORIENTED_EDGE('',*,*,#3237,.T.);
#4543=ORIENTED_EDGE('',*,*,#3110,.F.);
#4544=ORIENTED_EDGE('',*,*,#3238,.F.);
#4545=ORIENTED_EDGE('',*,*,#3239,.F.);
#4546=ORIENTED_EDGE('',*,*,#3231,.F.);
#4547=ORIENTED_EDGE('',*,*,#3240,.F.);
#4548=ORIENTED_EDGE('',*,*,#3241,.T.);
#4549=ORIENTED_EDGE('',*,*,#3184,.F.);
#4550=ORIENTED_EDGE('',*,*,#3242,.T.);
#4551=ORIENTED_EDGE('',*,*,#3243,.F.);
#4552=ORIENTED_EDGE('',*,*,#3244,.T.);
#4553=ORIENTED_EDGE('',*,*,#3182,.F.);
#4554=ORIENTED_EDGE('',*,*,#3241,.F.);
#4555=ORIENTED_EDGE('',*,*,#3245,.F.);
#4556=ORIENTED_EDGE('',*,*,#3246,.T.);
#4557=ORIENTED_EDGE('',*,*,#3180,.F.);
#4558=ORIENTED_EDGE('',*,*,#3244,.F.);
#4559=ORIENTED_EDGE('',*,*,#3247,.F.);
#4560=ORIENTED_EDGE('',*,*,#3248,.F.);
#4561=ORIENTED_EDGE('',*,*,#3140,.F.);
#4562=ORIENTED_EDGE('',*,*,#3246,.F.);
#4563=ORIENTED_EDGE('',*,*,#3249,.F.);
#4564=ORIENTED_EDGE('',*,*,#3250,.F.);
#4565=ORIENTED_EDGE('',*,*,#3216,.F.);
#4566=ORIENTED_EDGE('',*,*,#3248,.T.);
#4567=ORIENTED_EDGE('',*,*,#3250,.T.);
#4568=ORIENTED_EDGE('',*,*,#3251,.F.);
#4569=ORIENTED_EDGE('',*,*,#3252,.T.);
#4570=ORIENTED_EDGE('',*,*,#3051,.F.);
#4571=ORIENTED_EDGE('',*,*,#3253,.F.);
#4572=ORIENTED_EDGE('',*,*,#3254,.T.);
#4573=ORIENTED_EDGE('',*,*,#3164,.F.);
#4574=ORIENTED_EDGE('',*,*,#3255,.T.);
#4575=ORIENTED_EDGE('',*,*,#3256,.F.);
#4576=ORIENTED_EDGE('',*,*,#3257,.T.);
#4577=ORIENTED_EDGE('',*,*,#3162,.F.);
#4578=ORIENTED_EDGE('',*,*,#3254,.F.);
#4579=ORIENTED_EDGE('',*,*,#3258,.F.);
#4580=ORIENTED_EDGE('',*,*,#3238,.T.);
#4581=ORIENTED_EDGE('',*,*,#3160,.F.);
#4582=ORIENTED_EDGE('',*,*,#3257,.F.);
#4583=ORIENTED_EDGE('',*,*,#3259,.F.);
#4584=ORIENTED_EDGE('',*,*,#3260,.T.);
#4585=ORIENTED_EDGE('',*,*,#3188,.F.);
#4586=ORIENTED_EDGE('',*,*,#3261,.F.);
#4587=ORIENTED_EDGE('',*,*,#3262,.F.);
#4588=ORIENTED_EDGE('',*,*,#3261,.T.);
#4589=ORIENTED_EDGE('',*,*,#3190,.F.);
#4590=ORIENTED_EDGE('',*,*,#3233,.T.);
#4591=ORIENTED_EDGE('',*,*,#3255,.F.);
#4592=ORIENTED_EDGE('',*,*,#3166,.F.);
#4593=ORIENTED_EDGE('',*,*,#3263,.F.);
#4594=ORIENTED_EDGE('',*,*,#3264,.F.);
#4595=ORIENTED_EDGE('',*,*,#3265,.F.);
#4596=ORIENTED_EDGE('',*,*,#3263,.T.);
#4597=ORIENTED_EDGE('',*,*,#3167,.F.);
#4598=ORIENTED_EDGE('',*,*,#3252,.F.);
#4599=ORIENTED_EDGE('',*,*,#3242,.F.);
#4600=ORIENTED_EDGE('',*,*,#3186,.F.);
#4601=ORIENTED_EDGE('',*,*,#3260,.F.);
#4602=ORIENTED_EDGE('',*,*,#3266,.F.);
#4603=ORIENTED_EDGE('',*,*,#3251,.T.);
#4604=ORIENTED_EDGE('',*,*,#3267,.T.);
#4605=ORIENTED_EDGE('',*,*,#3268,.F.);
#4606=ORIENTED_EDGE('',*,*,#3269,.F.);
#4607=ORIENTED_EDGE('',*,*,#3265,.T.);
#4608=ORIENTED_EDGE('',*,*,#3269,.T.);
#4609=ORIENTED_EDGE('',*,*,#3270,.F.);
#4610=ORIENTED_EDGE('',*,*,#3271,.F.);
#4611=ORIENTED_EDGE('',*,*,#3264,.T.);
#4612=ORIENTED_EDGE('',*,*,#3271,.T.);
#4613=ORIENTED_EDGE('',*,*,#3272,.F.);
#4614=ORIENTED_EDGE('',*,*,#3273,.F.);
#4615=ORIENTED_EDGE('',*,*,#3253,.T.);
#4616=ORIENTED_EDGE('',*,*,#3273,.T.);
#4617=ORIENTED_EDGE('',*,*,#3274,.F.);
#4618=ORIENTED_EDGE('',*,*,#3275,.F.);
#4619=ORIENTED_EDGE('',*,*,#3256,.T.);
#4620=ORIENTED_EDGE('',*,*,#3275,.T.);
#4621=ORIENTED_EDGE('',*,*,#3276,.F.);
#4622=ORIENTED_EDGE('',*,*,#3277,.F.);
#4623=ORIENTED_EDGE('',*,*,#3258,.T.);
#4624=ORIENTED_EDGE('',*,*,#3277,.T.);
#4625=ORIENTED_EDGE('',*,*,#3278,.F.);
#4626=ORIENTED_EDGE('',*,*,#3279,.F.);
#4627=ORIENTED_EDGE('',*,*,#3239,.T.);
#4628=ORIENTED_EDGE('',*,*,#3279,.T.);
#4629=ORIENTED_EDGE('',*,*,#3280,.F.);
#4630=ORIENTED_EDGE('',*,*,#3281,.F.);
#4631=ORIENTED_EDGE('',*,*,#3224,.T.);
#4632=ORIENTED_EDGE('',*,*,#3281,.T.);
#4633=ORIENTED_EDGE('',*,*,#3282,.F.);
#4634=ORIENTED_EDGE('',*,*,#3283,.F.);
#4635=ORIENTED_EDGE('',*,*,#3262,.T.);
#4636=ORIENTED_EDGE('',*,*,#3225,.T.);
#4637=ORIENTED_EDGE('',*,*,#3283,.T.);
#4638=ORIENTED_EDGE('',*,*,#3284,.F.);
#4639=ORIENTED_EDGE('',*,*,#3285,.F.);
#4640=ORIENTED_EDGE('',*,*,#3259,.T.);
#4641=ORIENTED_EDGE('',*,*,#3285,.T.);
#4642=ORIENTED_EDGE('',*,*,#3286,.F.);
#4643=ORIENTED_EDGE('',*,*,#3287,.F.);
#4644=ORIENTED_EDGE('',*,*,#3266,.T.);
#4645=ORIENTED_EDGE('',*,*,#3287,.T.);
#4646=ORIENTED_EDGE('',*,*,#3288,.F.);
#4647=ORIENTED_EDGE('',*,*,#3289,.F.);
#4648=ORIENTED_EDGE('',*,*,#3240,.T.);
#4649=ORIENTED_EDGE('',*,*,#3289,.T.);
#4650=ORIENTED_EDGE('',*,*,#3290,.F.);
#4651=ORIENTED_EDGE('',*,*,#3291,.F.);
#4652=ORIENTED_EDGE('',*,*,#3243,.T.);
#4653=ORIENTED_EDGE('',*,*,#3291,.T.);
#4654=ORIENTED_EDGE('',*,*,#3292,.F.);
#4655=ORIENTED_EDGE('',*,*,#3293,.F.);
#4656=ORIENTED_EDGE('',*,*,#3245,.T.);
#4657=ORIENTED_EDGE('',*,*,#3293,.T.);
#4658=ORIENTED_EDGE('',*,*,#3294,.F.);
#4659=ORIENTED_EDGE('',*,*,#3295,.F.);
#4660=ORIENTED_EDGE('',*,*,#3247,.T.);
#4661=ORIENTED_EDGE('',*,*,#3295,.T.);
#4662=ORIENTED_EDGE('',*,*,#3296,.F.);
#4663=ORIENTED_EDGE('',*,*,#3297,.F.);
#4664=ORIENTED_EDGE('',*,*,#3249,.T.);
#4665=ORIENTED_EDGE('',*,*,#3297,.T.);
#4666=ORIENTED_EDGE('',*,*,#3298,.F.);
#4667=ORIENTED_EDGE('',*,*,#3267,.F.);
#4668=ORIENTED_EDGE('',*,*,#3290,.T.);
#4669=ORIENTED_EDGE('',*,*,#3299,.F.);
#4670=ORIENTED_EDGE('',*,*,#3300,.F.);
#4671=ORIENTED_EDGE('',*,*,#3301,.F.);
#4672=ORIENTED_EDGE('',*,*,#3298,.T.);
#4673=ORIENTED_EDGE('',*,*,#3296,.T.);
#4674=ORIENTED_EDGE('',*,*,#3294,.T.);
#4675=ORIENTED_EDGE('',*,*,#3292,.T.);
#4676=ORIENTED_EDGE('',*,*,#3302,.T.);
#4677=ORIENTED_EDGE('',*,*,#3282,.T.);
#4678=ORIENTED_EDGE('',*,*,#3280,.T.);
#4679=ORIENTED_EDGE('',*,*,#3278,.T.);
#4680=ORIENTED_EDGE('',*,*,#3276,.T.);
#4681=ORIENTED_EDGE('',*,*,#3274,.T.);
#4682=ORIENTED_EDGE('',*,*,#3303,.F.);
#4683=ORIENTED_EDGE('',*,*,#3304,.F.);
#4684=ORIENTED_EDGE('',*,*,#3305,.F.);
#4685=ORIENTED_EDGE('',*,*,#3306,.T.);
#4686=ORIENTED_EDGE('',*,*,#3306,.F.);
#4687=ORIENTED_EDGE('',*,*,#3307,.T.);
#4688=ORIENTED_EDGE('',*,*,#3308,.F.);
#4689=ORIENTED_EDGE('',*,*,#3307,.F.);
#4690=ORIENTED_EDGE('',*,*,#3302,.F.);
#4691=ORIENTED_EDGE('',*,*,#3309,.T.);
#4692=ORIENTED_EDGE('',*,*,#3310,.F.);
#4693=ORIENTED_EDGE('',*,*,#3309,.F.);
#4694=ORIENTED_EDGE('',*,*,#3311,.T.);
#4695=ORIENTED_EDGE('',*,*,#3312,.T.);
#4696=ORIENTED_EDGE('',*,*,#3313,.F.);
#4697=ORIENTED_EDGE('',*,*,#3314,.F.);
#4698=ORIENTED_EDGE('',*,*,#3315,.F.);
#4699=ORIENTED_EDGE('',*,*,#3312,.F.);
#4700=ORIENTED_EDGE('',*,*,#3316,.T.);
#4701=ORIENTED_EDGE('',*,*,#3317,.F.);
#4702=ORIENTED_EDGE('',*,*,#3318,.F.);
#4703=ORIENTED_EDGE('',*,*,#3319,.T.);
#4704=ORIENTED_EDGE('',*,*,#3314,.T.);
#4705=ORIENTED_EDGE('',*,*,#3313,.T.);
#4706=ORIENTED_EDGE('',*,*,#3315,.T.);
#4707=ORIENTED_EDGE('',*,*,#3319,.F.);
#4708=ORIENTED_EDGE('',*,*,#3320,.F.);
#4709=ORIENTED_EDGE('',*,*,#3321,.F.);
#4710=ORIENTED_EDGE('',*,*,#3322,.T.);
#4711=ORIENTED_EDGE('',*,*,#3318,.T.);
#4712=ORIENTED_EDGE('',*,*,#3317,.T.);
#4713=ORIENTED_EDGE('',*,*,#3322,.F.);
#4714=ORIENTED_EDGE('',*,*,#3320,.T.);
#4715=ORIENTED_EDGE('',*,*,#3321,.T.);
#4716=ORIENTED_EDGE('',*,*,#3323,.F.);
#4717=ORIENTED_EDGE('',*,*,#3324,.F.);
#4718=ORIENTED_EDGE('',*,*,#3323,.T.);
#4719=ORIENTED_EDGE('',*,*,#3325,.T.);
#4720=ORIENTED_EDGE('',*,*,#3326,.F.);
#4721=ORIENTED_EDGE('',*,*,#3327,.F.);
#4722=ORIENTED_EDGE('',*,*,#3325,.F.);
#4723=ORIENTED_EDGE('',*,*,#3324,.T.);
#4724=ORIENTED_EDGE('',*,*,#3326,.T.);
#4725=ORIENTED_EDGE('',*,*,#3327,.T.);
#4726=ORIENTED_EDGE('',*,*,#2729,.T.);
#4727=ORIENTED_EDGE('',*,*,#2730,.T.);
#4728=ORIENTED_EDGE('',*,*,#3328,.T.);
#4729=ORIENTED_EDGE('',*,*,#3329,.T.);
#4730=ORIENTED_EDGE('',*,*,#3330,.T.);
#4731=ORIENTED_EDGE('',*,*,#3331,.T.);
#4732=ORIENTED_EDGE('',*,*,#3332,.T.);
#4733=ORIENTED_EDGE('',*,*,#3333,.T.);
#4734=ORIENTED_EDGE('',*,*,#3334,.T.);
#4735=ORIENTED_EDGE('',*,*,#3335,.T.);
#4736=ORIENTED_EDGE('',*,*,#3308,.T.);
#4737=ORIENTED_EDGE('',*,*,#3310,.T.);
#4738=ORIENTED_EDGE('',*,*,#3311,.F.);
#4739=ORIENTED_EDGE('',*,*,#3316,.F.);
#4740=ORIENTED_EDGE('',*,*,#3270,.T.);
#4741=ORIENTED_EDGE('',*,*,#3336,.T.);
#4742=ORIENTED_EDGE('',*,*,#3335,.F.);
#4743=ORIENTED_EDGE('',*,*,#3337,.F.);
#4744=ORIENTED_EDGE('',*,*,#3303,.T.);
#4745=ORIENTED_EDGE('',*,*,#3272,.T.);
#4746=ORIENTED_EDGE('',*,*,#3337,.T.);
#4747=ORIENTED_EDGE('',*,*,#3334,.F.);
#4748=ORIENTED_EDGE('',*,*,#3338,.F.);
#4749=ORIENTED_EDGE('',*,*,#3304,.T.);
#4750=ORIENTED_EDGE('',*,*,#3338,.T.);
#4751=ORIENTED_EDGE('',*,*,#3333,.F.);
#4752=ORIENTED_EDGE('',*,*,#3339,.F.);
#4753=ORIENTED_EDGE('',*,*,#3284,.T.);
#4754=ORIENTED_EDGE('',*,*,#3305,.T.);
#4755=ORIENTED_EDGE('',*,*,#3339,.T.);
#4756=ORIENTED_EDGE('',*,*,#3332,.F.);
#4757=ORIENTED_EDGE('',*,*,#3340,.F.);
#4758=ORIENTED_EDGE('',*,*,#3286,.T.);
#4759=ORIENTED_EDGE('',*,*,#3340,.T.);
#4760=ORIENTED_EDGE('',*,*,#3331,.F.);
#4761=ORIENTED_EDGE('',*,*,#3341,.F.);
#4762=ORIENTED_EDGE('',*,*,#3299,.T.);
#4763=ORIENTED_EDGE('',*,*,#3288,.T.);
#4764=ORIENTED_EDGE('',*,*,#3341,.T.);
#4765=ORIENTED_EDGE('',*,*,#3330,.F.);
#4766=ORIENTED_EDGE('',*,*,#3342,.F.);
#4767=ORIENTED_EDGE('',*,*,#3300,.T.);
#4768=ORIENTED_EDGE('',*,*,#3342,.T.);
#4769=ORIENTED_EDGE('',*,*,#3329,.F.);
#4770=ORIENTED_EDGE('',*,*,#3343,.F.);
#4771=ORIENTED_EDGE('',*,*,#3268,.T.);
#4772=ORIENTED_EDGE('',*,*,#3301,.T.);
#4773=ORIENTED_EDGE('',*,*,#3343,.T.);
#4774=ORIENTED_EDGE('',*,*,#3328,.F.);
#4775=ORIENTED_EDGE('',*,*,#3336,.F.);
#4776=ORIENTED_EDGE('',*,*,#3344,.F.);
#4777=ORIENTED_EDGE('',*,*,#3345,.F.);
#4778=ORIENTED_EDGE('',*,*,#3346,.F.);
#4779=ORIENTED_EDGE('',*,*,#3347,.T.);
#4780=ORIENTED_EDGE('',*,*,#3348,.T.);
#4781=ORIENTED_EDGE('',*,*,#3345,.T.);
#4782=ORIENTED_EDGE('',*,*,#3349,.T.);
#4783=ORIENTED_EDGE('',*,*,#3350,.T.);
#4784=ORIENTED_EDGE('',*,*,#3351,.T.);
#4785=ORIENTED_EDGE('',*,*,#3347,.F.);
#4786=ORIENTED_EDGE('',*,*,#3352,.T.);
#4787=ORIENTED_EDGE('',*,*,#3353,.T.);
#4788=ORIENTED_EDGE('',*,*,#3354,.T.);
#4789=ORIENTED_EDGE('',*,*,#3350,.F.);
#4790=ORIENTED_EDGE('',*,*,#3355,.T.);
#4791=ORIENTED_EDGE('',*,*,#3356,.T.);
#4792=ORIENTED_EDGE('',*,*,#3357,.T.);
#4793=ORIENTED_EDGE('',*,*,#3346,.T.);
#4794=ORIENTED_EDGE('',*,*,#3358,.T.);
#4795=ORIENTED_EDGE('',*,*,#3359,.T.);
#4796=ORIENTED_EDGE('',*,*,#3360,.T.);
#4797=ORIENTED_EDGE('',*,*,#3344,.T.);
#4798=ORIENTED_EDGE('',*,*,#3361,.T.);
#4799=ORIENTED_EDGE('',*,*,#3362,.T.);
#4800=ORIENTED_EDGE('',*,*,#3356,.F.);
#4801=ORIENTED_EDGE('',*,*,#3363,.T.);
#4802=ORIENTED_EDGE('',*,*,#3364,.T.);
#4803=ORIENTED_EDGE('',*,*,#3365,.F.);
#4804=ORIENTED_EDGE('',*,*,#3366,.F.);
#4805=ORIENTED_EDGE('',*,*,#3364,.F.);
#4806=ORIENTED_EDGE('',*,*,#3367,.T.);
#4807=ORIENTED_EDGE('',*,*,#3368,.T.);
#4808=ORIENTED_EDGE('',*,*,#3368,.F.);
#4809=ORIENTED_EDGE('',*,*,#3369,.T.);
#4810=ORIENTED_EDGE('',*,*,#3370,.F.);
#4811=ORIENTED_EDGE('',*,*,#3371,.F.);
#4812=ORIENTED_EDGE('',*,*,#3372,.F.);
#4813=ORIENTED_EDGE('',*,*,#3373,.F.);
#4814=ORIENTED_EDGE('',*,*,#3374,.F.);
#4815=ORIENTED_EDGE('',*,*,#3375,.F.);
#4816=ORIENTED_EDGE('',*,*,#3376,.F.);
#4817=ORIENTED_EDGE('',*,*,#3377,.F.);
#4818=ORIENTED_EDGE('',*,*,#3378,.F.);
#4819=ORIENTED_EDGE('',*,*,#3379,.F.);
#4820=ORIENTED_EDGE('',*,*,#3380,.F.);
#4821=ORIENTED_EDGE('',*,*,#3381,.F.);
#4822=ORIENTED_EDGE('',*,*,#3382,.F.);
#4823=ORIENTED_EDGE('',*,*,#3367,.F.);
#4824=ORIENTED_EDGE('',*,*,#3383,.T.);
#4825=ORIENTED_EDGE('',*,*,#3384,.F.);
#4826=ORIENTED_EDGE('',*,*,#3369,.F.);
#4827=ORIENTED_EDGE('',*,*,#3363,.F.);
#4828=ORIENTED_EDGE('',*,*,#3358,.F.);
#4829=ORIENTED_EDGE('',*,*,#3348,.F.);
#4830=ORIENTED_EDGE('',*,*,#3385,.F.);
#4831=ORIENTED_EDGE('',*,*,#3383,.F.);
#4832=ORIENTED_EDGE('',*,*,#3351,.F.);
#4833=ORIENTED_EDGE('',*,*,#3386,.T.);
#4834=ORIENTED_EDGE('',*,*,#3387,.T.);
#4835=ORIENTED_EDGE('',*,*,#3385,.T.);
#4836=ORIENTED_EDGE('',*,*,#3354,.F.);
#4837=ORIENTED_EDGE('',*,*,#3388,.T.);
#4838=ORIENTED_EDGE('',*,*,#3389,.F.);
#4839=ORIENTED_EDGE('',*,*,#3390,.F.);
#4840=ORIENTED_EDGE('',*,*,#3391,.F.);
#4841=ORIENTED_EDGE('',*,*,#3392,.F.);
#4842=ORIENTED_EDGE('',*,*,#3393,.F.);
#4843=ORIENTED_EDGE('',*,*,#3386,.F.);
#4844=ORIENTED_EDGE('',*,*,#3394,.F.);
#4845=ORIENTED_EDGE('',*,*,#3395,.F.);
#4846=ORIENTED_EDGE('',*,*,#3396,.F.);
#4847=ORIENTED_EDGE('',*,*,#3397,.T.);
#4848=ORIENTED_EDGE('',*,*,#3398,.T.);
#4849=ORIENTED_EDGE('',*,*,#3395,.T.);
#4850=ORIENTED_EDGE('',*,*,#3399,.T.);
#4851=ORIENTED_EDGE('',*,*,#3400,.T.);
#4852=ORIENTED_EDGE('',*,*,#3401,.T.);
#4853=ORIENTED_EDGE('',*,*,#3397,.F.);
#4854=ORIENTED_EDGE('',*,*,#3402,.T.);
#4855=ORIENTED_EDGE('',*,*,#3403,.T.);
#4856=ORIENTED_EDGE('',*,*,#3404,.T.);
#4857=ORIENTED_EDGE('',*,*,#3400,.F.);
#4858=ORIENTED_EDGE('',*,*,#3389,.T.);
#4859=ORIENTED_EDGE('',*,*,#3405,.T.);
#4860=ORIENTED_EDGE('',*,*,#3406,.T.);
#4861=ORIENTED_EDGE('',*,*,#3396,.T.);
#4862=ORIENTED_EDGE('',*,*,#3407,.T.);
#4863=ORIENTED_EDGE('',*,*,#3408,.T.);
#4864=ORIENTED_EDGE('',*,*,#3409,.T.);
#4865=ORIENTED_EDGE('',*,*,#3394,.T.);
#4866=ORIENTED_EDGE('',*,*,#3410,.T.);
#4867=ORIENTED_EDGE('',*,*,#3411,.T.);
#4868=ORIENTED_EDGE('',*,*,#3412,.T.);
#4869=ORIENTED_EDGE('',*,*,#3413,.T.);
#4870=ORIENTED_EDGE('',*,*,#3408,.F.);
#4871=ORIENTED_EDGE('',*,*,#3414,.F.);
#4872=ORIENTED_EDGE('',*,*,#3372,.T.);
#4873=ORIENTED_EDGE('',*,*,#3415,.T.);
#4874=ORIENTED_EDGE('',*,*,#3412,.F.);
#4875=ORIENTED_EDGE('',*,*,#3416,.T.);
#4876=ORIENTED_EDGE('',*,*,#3357,.F.);
#4877=ORIENTED_EDGE('',*,*,#3417,.F.);
#4878=ORIENTED_EDGE('',*,*,#3418,.F.);
#4879=ORIENTED_EDGE('',*,*,#3419,.F.);
#4880=ORIENTED_EDGE('',*,*,#3420,.F.);
#4881=ORIENTED_EDGE('',*,*,#3421,.F.);
#4882=ORIENTED_EDGE('',*,*,#3410,.F.);
#4883=ORIENTED_EDGE('',*,*,#3406,.F.);
#4884=ORIENTED_EDGE('',*,*,#3422,.T.);
#4885=ORIENTED_EDGE('',*,*,#3361,.F.);
#4886=ORIENTED_EDGE('',*,*,#3423,.F.);
#4887=ORIENTED_EDGE('',*,*,#3424,.T.);
#4888=ORIENTED_EDGE('',*,*,#3425,.F.);
#4889=ORIENTED_EDGE('',*,*,#3424,.F.);
#4890=ORIENTED_EDGE('',*,*,#3425,.T.);
#4891=ORIENTED_EDGE('',*,*,#3426,.T.);
#4892=ORIENTED_EDGE('',*,*,#3384,.T.);
#4893=ORIENTED_EDGE('',*,*,#3387,.F.);
#4894=ORIENTED_EDGE('',*,*,#3393,.T.);
#4895=ORIENTED_EDGE('',*,*,#3427,.T.);
#4896=ORIENTED_EDGE('',*,*,#3370,.T.);
#4897=ORIENTED_EDGE('',*,*,#3426,.F.);
#4898=ORIENTED_EDGE('',*,*,#3392,.T.);
#4899=ORIENTED_EDGE('',*,*,#3428,.T.);
#4900=ORIENTED_EDGE('',*,*,#3429,.T.);
#4901=ORIENTED_EDGE('',*,*,#3427,.F.);
#4902=ORIENTED_EDGE('',*,*,#3391,.T.);
#4903=ORIENTED_EDGE('',*,*,#3402,.F.);
#4904=ORIENTED_EDGE('',*,*,#3430,.T.);
#4905=ORIENTED_EDGE('',*,*,#3428,.F.);
#4906=ORIENTED_EDGE('',*,*,#3390,.T.);
#4907=ORIENTED_EDGE('',*,*,#3415,.F.);
#4908=ORIENTED_EDGE('',*,*,#3371,.T.);
#4909=ORIENTED_EDGE('',*,*,#3429,.F.);
#4910=ORIENTED_EDGE('',*,*,#3431,.F.);
#4911=ORIENTED_EDGE('',*,*,#3413,.F.);
#4912=ORIENTED_EDGE('',*,*,#3431,.T.);
#4913=ORIENTED_EDGE('',*,*,#3430,.F.);
#4914=ORIENTED_EDGE('',*,*,#3399,.F.);
#4915=ORIENTED_EDGE('',*,*,#3409,.F.);
#4916=ORIENTED_EDGE('',*,*,#3404,.F.);
#4917=ORIENTED_EDGE('',*,*,#3432,.T.);
#4918=ORIENTED_EDGE('',*,*,#3407,.F.);
#4919=ORIENTED_EDGE('',*,*,#3398,.F.);
#4920=ORIENTED_EDGE('',*,*,#3401,.F.);
#4921=ORIENTED_EDGE('',*,*,#3433,.T.);
#4922=ORIENTED_EDGE('',*,*,#3434,.T.);
#4923=ORIENTED_EDGE('',*,*,#3435,.F.);
#4924=ORIENTED_EDGE('',*,*,#3434,.F.);
#4925=ORIENTED_EDGE('',*,*,#3436,.T.);
#4926=ORIENTED_EDGE('',*,*,#3437,.T.);
#4927=ORIENTED_EDGE('',*,*,#3438,.F.);
#4928=ORIENTED_EDGE('',*,*,#3437,.F.);
#4929=ORIENTED_EDGE('',*,*,#3359,.F.);
#4930=ORIENTED_EDGE('',*,*,#3422,.F.);
#4931=ORIENTED_EDGE('',*,*,#3405,.F.);
#4932=ORIENTED_EDGE('',*,*,#3432,.F.);
#4933=ORIENTED_EDGE('',*,*,#3403,.F.);
#4934=ORIENTED_EDGE('',*,*,#3388,.F.);
#4935=ORIENTED_EDGE('',*,*,#3353,.F.);
#4936=ORIENTED_EDGE('',*,*,#3439,.F.);
#4937=ORIENTED_EDGE('',*,*,#3433,.F.);
#4938=ORIENTED_EDGE('',*,*,#3436,.F.);
#4939=ORIENTED_EDGE('',*,*,#3438,.T.);
#4940=ORIENTED_EDGE('',*,*,#3435,.T.);
#4941=ORIENTED_EDGE('',*,*,#3360,.F.);
#4942=ORIENTED_EDGE('',*,*,#3439,.T.);
#4943=ORIENTED_EDGE('',*,*,#3355,.F.);
#4944=ORIENTED_EDGE('',*,*,#3352,.F.);
#4945=ORIENTED_EDGE('',*,*,#3349,.F.);
#4946=ORIENTED_EDGE('',*,*,#3380,.T.);
#4947=ORIENTED_EDGE('',*,*,#3440,.T.);
#4948=ORIENTED_EDGE('',*,*,#3441,.T.);
#4949=ORIENTED_EDGE('',*,*,#3442,.T.);
#4950=ORIENTED_EDGE('',*,*,#3441,.F.);
#4951=ORIENTED_EDGE('',*,*,#3443,.T.);
#4952=ORIENTED_EDGE('',*,*,#3381,.T.);
#4953=ORIENTED_EDGE('',*,*,#3443,.F.);
#4954=ORIENTED_EDGE('',*,*,#3440,.F.);
#4955=ORIENTED_EDGE('',*,*,#3379,.T.);
#4956=ORIENTED_EDGE('',*,*,#3444,.F.);
#4957=ORIENTED_EDGE('',*,*,#3445,.F.);
#4958=ORIENTED_EDGE('',*,*,#3365,.T.);
#4959=ORIENTED_EDGE('',*,*,#3366,.T.);
#4960=ORIENTED_EDGE('',*,*,#3382,.T.);
#4961=ORIENTED_EDGE('',*,*,#3444,.T.);
#4962=ORIENTED_EDGE('',*,*,#3378,.T.);
#4963=ORIENTED_EDGE('',*,*,#3446,.F.);
#4964=ORIENTED_EDGE('',*,*,#3447,.F.);
#4965=ORIENTED_EDGE('',*,*,#3448,.F.);
#4966=ORIENTED_EDGE('',*,*,#3449,.F.);
#4967=ORIENTED_EDGE('',*,*,#3450,.F.);
#4968=ORIENTED_EDGE('',*,*,#3377,.T.);
#4969=ORIENTED_EDGE('',*,*,#3451,.T.);
#4970=ORIENTED_EDGE('',*,*,#3373,.T.);
#4971=ORIENTED_EDGE('',*,*,#3416,.F.);
#4972=ORIENTED_EDGE('',*,*,#3411,.F.);
#4973=ORIENTED_EDGE('',*,*,#3442,.F.);
#4974=ORIENTED_EDGE('',*,*,#3375,.T.);
#4975=ORIENTED_EDGE('',*,*,#3452,.T.);
#4976=ORIENTED_EDGE('',*,*,#3453,.T.);
#4977=ORIENTED_EDGE('',*,*,#3454,.T.);
#4978=ORIENTED_EDGE('',*,*,#3453,.F.);
#4979=ORIENTED_EDGE('',*,*,#3455,.T.);
#4980=ORIENTED_EDGE('',*,*,#3374,.T.);
#4981=ORIENTED_EDGE('',*,*,#3451,.F.);
#4982=ORIENTED_EDGE('',*,*,#3376,.T.);
#4983=ORIENTED_EDGE('',*,*,#3455,.F.);
#4984=ORIENTED_EDGE('',*,*,#3452,.F.);
#4985=ORIENTED_EDGE('',*,*,#3454,.F.);
#4986=ORIENTED_EDGE('',*,*,#3420,.T.);
#4987=ORIENTED_EDGE('',*,*,#3456,.F.);
#4988=ORIENTED_EDGE('',*,*,#3457,.F.);
#4989=ORIENTED_EDGE('',*,*,#3458,.T.);
#4990=ORIENTED_EDGE('',*,*,#3419,.T.);
#4991=ORIENTED_EDGE('',*,*,#3459,.F.);
#4992=ORIENTED_EDGE('',*,*,#3460,.F.);
#4993=ORIENTED_EDGE('',*,*,#3456,.T.);
#4994=ORIENTED_EDGE('',*,*,#3418,.T.);
#4995=ORIENTED_EDGE('',*,*,#3461,.F.);
#4996=ORIENTED_EDGE('',*,*,#3462,.F.);
#4997=ORIENTED_EDGE('',*,*,#3459,.T.);
#4998=ORIENTED_EDGE('',*,*,#3445,.T.);
#4999=ORIENTED_EDGE('',*,*,#3463,.F.);
#5000=ORIENTED_EDGE('',*,*,#3464,.F.);
#5001=ORIENTED_EDGE('',*,*,#3461,.T.);
#5002=ORIENTED_EDGE('',*,*,#3417,.T.);
#5003=ORIENTED_EDGE('',*,*,#3362,.F.);
#5004=ORIENTED_EDGE('',*,*,#3447,.T.);
#5005=ORIENTED_EDGE('',*,*,#3465,.F.);
#5006=ORIENTED_EDGE('',*,*,#3466,.F.);
#5007=ORIENTED_EDGE('',*,*,#3463,.T.);
#5008=ORIENTED_EDGE('',*,*,#3446,.T.);
#5009=ORIENTED_EDGE('',*,*,#3450,.T.);
#5010=ORIENTED_EDGE('',*,*,#3467,.F.);
#5011=ORIENTED_EDGE('',*,*,#3468,.F.);
#5012=ORIENTED_EDGE('',*,*,#3465,.T.);
#5013=ORIENTED_EDGE('',*,*,#3449,.T.);
#5014=ORIENTED_EDGE('',*,*,#3469,.F.);
#5015=ORIENTED_EDGE('',*,*,#3470,.F.);
#5016=ORIENTED_EDGE('',*,*,#3467,.T.);
#5017=ORIENTED_EDGE('',*,*,#3421,.T.);
#5018=ORIENTED_EDGE('',*,*,#3458,.F.);
#5019=ORIENTED_EDGE('',*,*,#3471,.F.);
#5020=ORIENTED_EDGE('',*,*,#3469,.T.);
#5021=ORIENTED_EDGE('',*,*,#3448,.T.);
#5022=ORIENTED_EDGE('',*,*,#3414,.T.);
#5023=ORIENTED_EDGE('',*,*,#3471,.T.);
#5024=ORIENTED_EDGE('',*,*,#3457,.T.);
#5025=ORIENTED_EDGE('',*,*,#3460,.T.);
#5026=ORIENTED_EDGE('',*,*,#3462,.T.);
#5027=ORIENTED_EDGE('',*,*,#3464,.T.);
#5028=ORIENTED_EDGE('',*,*,#3466,.T.);
#5029=ORIENTED_EDGE('',*,*,#3468,.T.);
#5030=ORIENTED_EDGE('',*,*,#3470,.T.);
#5031=ORIENTED_EDGE('',*,*,#3423,.T.);
#5032=CYLINDRICAL_SURFACE('',#5745,1.5);
#5033=CYLINDRICAL_SURFACE('',#5749,1.5);
#5034=CYLINDRICAL_SURFACE('',#5762,4.);
#5035=CYLINDRICAL_SURFACE('',#5774,3.8);
#5036=CYLINDRICAL_SURFACE('',#5785,4.5);
#5037=CYLINDRICAL_SURFACE('',#5788,10.);
#5038=CYLINDRICAL_SURFACE('',#5873,0.5);
#5039=CYLINDRICAL_SURFACE('',#5887,10.5);
#5040=CYLINDRICAL_SURFACE('',#5891,8.5);
#5041=CYLINDRICAL_SURFACE('',#5894,0.5);
#5042=CYLINDRICAL_SURFACE('',#5896,0.5);
#5043=CYLINDRICAL_SURFACE('',#5904,0.5);
#5044=CYLINDRICAL_SURFACE('',#5908,0.5);
#5045=CYLINDRICAL_SURFACE('',#5911,0.5);
#5046=CYLINDRICAL_SURFACE('',#5923,0.5);
#5047=CYLINDRICAL_SURFACE('',#5925,0.5);
#5048=CYLINDRICAL_SURFACE('',#5940,0.5);
#5049=CYLINDRICAL_SURFACE('',#5945,0.5);
#5050=CYLINDRICAL_SURFACE('',#5946,2.);
#5051=CYLINDRICAL_SURFACE('',#5949,2.);
#5052=CYLINDRICAL_SURFACE('',#5952,2.);
#5053=CYLINDRICAL_SURFACE('',#5957,0.5);
#5054=CYLINDRICAL_SURFACE('',#5962,0.5);
#5055=CYLINDRICAL_SURFACE('',#5967,0.5);
#5056=CYLINDRICAL_SURFACE('',#5968,2.);
#5057=CYLINDRICAL_SURFACE('',#5971,2.);
#5058=CYLINDRICAL_SURFACE('',#5974,2.);
#5059=CYLINDRICAL_SURFACE('',#5977,2.);
#5060=CYLINDRICAL_SURFACE('',#5983,0.5);
#5061=CYLINDRICAL_SURFACE('',#5989,0.5);
#5062=CYLINDRICAL_SURFACE('',#6003,2.);
#5063=CYLINDRICAL_SURFACE('',#6005,2.);
#5064=CYLINDRICAL_SURFACE('',#6008,2.);
#5065=CYLINDRICAL_SURFACE('',#6028,2.);
#5066=CYLINDRICAL_SURFACE('',#6032,2.);
#5067=CYLINDRICAL_SURFACE('',#6036,2.);
#5068=CYLINDRICAL_SURFACE('',#6039,2.);
#5069=CYLINDRICAL_SURFACE('',#6042,3.75);
#5070=CYLINDRICAL_SURFACE('',#6045,2.);
#5071=CYLINDRICAL_SURFACE('',#6048,2.);
#5072=CYLINDRICAL_SURFACE('',#6051,2.);
#5073=CYLINDRICAL_SURFACE('',#6054,3.75);
#5074=CYLINDRICAL_SURFACE('',#6057,2.);
#5075=CYLINDRICAL_SURFACE('',#6065,2.15);
#5076=CYLINDRICAL_SURFACE('',#6067,2.15);
#5077=CYLINDRICAL_SURFACE('',#6076,15.);
#5078=CYLINDRICAL_SURFACE('',#6085,4.75);
#5079=CYLINDRICAL_SURFACE('',#6094,2.);
#5080=CYLINDRICAL_SURFACE('',#6096,2.);
#5081=CYLINDRICAL_SURFACE('',#6098,2.);
#5082=CYLINDRICAL_SURFACE('',#6100,2.);
#5083=CYLINDRICAL_SURFACE('',#6107,5.);
#5084=CYLINDRICAL_SURFACE('',#6112,5.);
#5085=CYLINDRICAL_SURFACE('',#6114,5.);
#5086=CYLINDRICAL_SURFACE('',#6116,5.);
#5087=CYLINDRICAL_SURFACE('',#6118,5.);
#5088=CYLINDRICAL_SURFACE('',#6124,12.5);
#5089=CYLINDRICAL_SURFACE('',#6130,0.499999999999993);
#5090=CYLINDRICAL_SURFACE('',#6133,8.);
#5091=CYLINDRICAL_SURFACE('',#6143,5.);
#5092=CYLINDRICAL_SURFACE('',#6148,5.);
#5093=CYLINDRICAL_SURFACE('',#6150,5.);
#5094=CYLINDRICAL_SURFACE('',#6152,5.);
#5095=CYLINDRICAL_SURFACE('',#6154,5.);
#5096=CYLINDRICAL_SURFACE('',#6163,10.05);
#5097=CYLINDRICAL_SURFACE('',#6173,8.);
#5098=CYLINDRICAL_SURFACE('',#6174,0.500000000000068);
#5099=CYLINDRICAL_SURFACE('',#6177,9.);
#5100=CYLINDRICAL_SURFACE('',#6180,9.);
#5101=CYLINDRICAL_SURFACE('',#6191,2.25);
#5102=CYLINDRICAL_SURFACE('',#6203,2.25);
#5103=CYLINDRICAL_SURFACE('',#6205,2.);
#5104=CYLINDRICAL_SURFACE('',#6208,2.);
#5105=CYLINDRICAL_SURFACE('',#6211,2.);
#5106=CYLINDRICAL_SURFACE('',#6214,2.);
#5107=STYLED_ITEM('',(#10489),#5369);
#5108=STYLED_ITEM('',(#10489),#5370);
#5109=STYLED_ITEM('',(#10489),#5371);
#5110=STYLED_ITEM('',(#10489),#5372);
#5111=STYLED_ITEM('',(#10489),#5373);
#5112=STYLED_ITEM('',(#10489),#5374);
#5113=STYLED_ITEM('',(#10489),#231);
#5114=STYLED_ITEM('',(#10491),#5375);
#5115=STYLED_ITEM('',(#10491),#5376);
#5116=STYLED_ITEM('',(#10491),#5377);
#5117=STYLED_ITEM('',(#10491),#5378);
#5118=STYLED_ITEM('',(#10491),#5379);
#5119=STYLED_ITEM('',(#10491),#5380);
#5120=STYLED_ITEM('',(#10491),#5381);
#5121=STYLED_ITEM('',(#10491),#5382);
#5122=STYLED_ITEM('',(#10491),#5383);
#5123=STYLED_ITEM('',(#10492),#5384);
#5124=STYLED_ITEM('',(#10492),#5385);
#5125=STYLED_ITEM('',(#10492),#5386);
#5126=STYLED_ITEM('',(#10492),#5387);
#5127=STYLED_ITEM('',(#10492),#5388);
#5128=STYLED_ITEM('',(#10492),#5389);
#5129=STYLED_ITEM('',(#10492),#5390);
#5130=STYLED_ITEM('',(#10492),#5391);
#5131=STYLED_ITEM('',(#10492),#5392);
#5132=STYLED_ITEM('',(#10492),#5393);
#5133=STYLED_ITEM('',(#10492),#5394);
#5134=STYLED_ITEM('',(#10492),#5395);
#5135=STYLED_ITEM('',(#10492),#5396);
#5136=STYLED_ITEM('',(#10492),#5397);
#5137=STYLED_ITEM('',(#10492),#5398);
#5138=STYLED_ITEM('',(#10492),#5399);
#5139=STYLED_ITEM('',(#10492),#5400);
#5140=STYLED_ITEM('',(#10492),#5401);
#5141=STYLED_ITEM('',(#10492),#5402);
#5142=STYLED_ITEM('',(#10492),#5403);
#5143=STYLED_ITEM('',(#10492),#5404);
#5144=STYLED_ITEM('',(#10492),#5405);
#5145=STYLED_ITEM('',(#10492),#5406);
#5146=STYLED_ITEM('',(#10492),#5407);
#5147=STYLED_ITEM('',(#10492),#5408);
#5148=STYLED_ITEM('',(#10492),#5409);
#5149=STYLED_ITEM('',(#10492),#5410);
#5150=STYLED_ITEM('',(#10492),#5411);
#5151=STYLED_ITEM('',(#10492),#5412);
#5152=STYLED_ITEM('',(#10492),#5413);
#5153=STYLED_ITEM('',(#10492),#5414);
#5154=STYLED_ITEM('',(#10492),#5415);
#5155=STYLED_ITEM('',(#10492),#5416);
#5156=STYLED_ITEM('',(#10492),#5417);
#5157=STYLED_ITEM('',(#10492),#5418);
#5158=STYLED_ITEM('',(#10492),#5419);
#5159=STYLED_ITEM('',(#10492),#5420);
#5160=STYLED_ITEM('',(#10492),#5421);
#5161=STYLED_ITEM('',(#10492),#5422);
#5162=STYLED_ITEM('',(#10492),#5423);
#5163=STYLED_ITEM('',(#10492),#5424);
#5164=STYLED_ITEM('',(#10492),#5425);
#5165=STYLED_ITEM('',(#10492),#5426);
#5166=STYLED_ITEM('',(#10492),#5427);
#5167=STYLED_ITEM('',(#10492),#5428);
#5168=STYLED_ITEM('',(#10492),#5429);
#5169=STYLED_ITEM('',(#10492),#5430);
#5170=STYLED_ITEM('',(#10492),#5431);
#5171=STYLED_ITEM('',(#10492),#5432);
#5172=STYLED_ITEM('',(#10492),#5433);
#5173=STYLED_ITEM('',(#10492),#5434);
#5174=STYLED_ITEM('',(#10492),#5435);
#5175=STYLED_ITEM('',(#10492),#5436);
#5176=STYLED_ITEM('',(#10492),#5437);
#5177=STYLED_ITEM('',(#10492),#5438);
#5178=STYLED_ITEM('',(#10492),#5439);
#5179=STYLED_ITEM('',(#10492),#5440);
#5180=STYLED_ITEM('',(#10492),#5441);
#5181=STYLED_ITEM('',(#10492),#5442);
#5182=STYLED_ITEM('',(#10492),#5443);
#5183=STYLED_ITEM('',(#10492),#5444);
#5184=STYLED_ITEM('',(#10492),#5445);
#5185=STYLED_ITEM('',(#10492),#5446);
#5186=STYLED_ITEM('',(#10492),#5447);
#5187=STYLED_ITEM('',(#10492),#5448);
#5188=STYLED_ITEM('',(#10492),#5449);
#5189=STYLED_ITEM('',(#10492),#5450);
#5190=STYLED_ITEM('',(#10492),#5451);
#5191=STYLED_ITEM('',(#10492),#5452);
#5192=STYLED_ITEM('',(#10492),#5453);
#5193=STYLED_ITEM('',(#10492),#5454);
#5194=STYLED_ITEM('',(#10492),#5455);
#5195=STYLED_ITEM('',(#10492),#5456);
#5196=STYLED_ITEM('',(#10492),#5457);
#5197=STYLED_ITEM('',(#10492),#5458);
#5198=STYLED_ITEM('',(#10492),#5459);
#5199=STYLED_ITEM('',(#10492),#5460);
#5200=STYLED_ITEM('',(#10492),#5461);
#5201=STYLED_ITEM('',(#10492),#5462);
#5202=STYLED_ITEM('',(#10492),#5463);
#5203=STYLED_ITEM('',(#10492),#5464);
#5204=STYLED_ITEM('',(#10492),#5465);
#5205=STYLED_ITEM('',(#10492),#5466);
#5206=STYLED_ITEM('',(#10492),#5467);
#5207=STYLED_ITEM('',(#10492),#5468);
#5208=STYLED_ITEM('',(#10492),#5469);
#5209=STYLED_ITEM('',(#10492),#5470);
#5210=STYLED_ITEM('',(#10492),#5471);
#5211=STYLED_ITEM('',(#10492),#5472);
#5212=STYLED_ITEM('',(#10492),#5473);
#5213=STYLED_ITEM('',(#10492),#5474);
#5214=STYLED_ITEM('',(#10492),#5475);
#5215=STYLED_ITEM('',(#10492),#5476);
#5216=STYLED_ITEM('',(#10492),#5477);
#5217=STYLED_ITEM('',(#10492),#5478);
#5218=STYLED_ITEM('',(#10492),#5479);
#5219=STYLED_ITEM('',(#10492),#5480);
#5220=STYLED_ITEM('',(#10492),#5481);
#5221=STYLED_ITEM('',(#10492),#5482);
#5222=STYLED_ITEM('',(#10492),#5483);
#5223=STYLED_ITEM('',(#10492),#5484);
#5224=STYLED_ITEM('',(#10492),#5485);
#5225=STYLED_ITEM('',(#10492),#5486);
#5226=STYLED_ITEM('',(#10492),#5487);
#5227=STYLED_ITEM('',(#10492),#5488);
#5228=STYLED_ITEM('',(#10492),#5489);
#5229=STYLED_ITEM('',(#10492),#5490);
#5230=STYLED_ITEM('',(#10492),#5491);
#5231=STYLED_ITEM('',(#10492),#5492);
#5232=STYLED_ITEM('',(#10492),#5493);
#5233=STYLED_ITEM('',(#10493),#5494);
#5234=STYLED_ITEM('',(#10494),#5495);
#5235=STYLED_ITEM('',(#10494),#5496);
#5236=STYLED_ITEM('',(#10492),#5497);
#5237=STYLED_ITEM('',(#10492),#5498);
#5238=STYLED_ITEM('',(#10492),#5499);
#5239=STYLED_ITEM('',(#10492),#5500);
#5240=STYLED_ITEM('',(#10495),#5501);
#5241=STYLED_ITEM('',(#10492),#5502);
#5242=STYLED_ITEM('',(#10492),#5503);
#5243=STYLED_ITEM('',(#10492),#5504);
#5244=STYLED_ITEM('',(#10492),#5505);
#5245=STYLED_ITEM('',(#10492),#5506);
#5246=STYLED_ITEM('',(#10492),#5507);
#5247=STYLED_ITEM('',(#10492),#5508);
#5248=STYLED_ITEM('',(#10492),#5509);
#5249=STYLED_ITEM('',(#10492),#5510);
#5250=STYLED_ITEM('',(#10492),#5511);
#5251=STYLED_ITEM('',(#10492),#5512);
#5252=STYLED_ITEM('',(#10492),#5513);
#5253=STYLED_ITEM('',(#10492),#5514);
#5254=STYLED_ITEM('',(#10492),#5515);
#5255=STYLED_ITEM('',(#10492),#5516);
#5256=STYLED_ITEM('',(#10492),#5517);
#5257=STYLED_ITEM('',(#10492),#5518);
#5258=STYLED_ITEM('',(#10492),#5519);
#5259=STYLED_ITEM('',(#10492),#5520);
#5260=STYLED_ITEM('',(#10492),#5521);
#5261=STYLED_ITEM('',(#10492),#5522);
#5262=STYLED_ITEM('',(#10492),#5523);
#5263=STYLED_ITEM('',(#10492),#5524);
#5264=STYLED_ITEM('',(#10492),#5525);
#5265=STYLED_ITEM('',(#10492),#5526);
#5266=STYLED_ITEM('',(#10492),#5527);
#5267=STYLED_ITEM('',(#10492),#5528);
#5268=STYLED_ITEM('',(#10492),#5529);
#5269=STYLED_ITEM('',(#10492),#5530);
#5270=STYLED_ITEM('',(#10492),#5531);
#5271=STYLED_ITEM('',(#10492),#5532);
#5272=STYLED_ITEM('',(#10492),#5533);
#5273=STYLED_ITEM('',(#10492),#5534);
#5274=STYLED_ITEM('',(#10492),#5535);
#5275=STYLED_ITEM('',(#10492),#5536);
#5276=STYLED_ITEM('',(#10492),#5537);
#5277=STYLED_ITEM('',(#10492),#5538);
#5278=STYLED_ITEM('',(#10492),#5539);
#5279=STYLED_ITEM('',(#10492),#5540);
#5280=STYLED_ITEM('',(#10492),#5541);
#5281=STYLED_ITEM('',(#10492),#5542);
#5282=STYLED_ITEM('',(#10492),#5543);
#5283=STYLED_ITEM('',(#10492),#5544);
#5284=STYLED_ITEM('',(#10492),#5545);
#5285=STYLED_ITEM('',(#10492),#5546);
#5286=STYLED_ITEM('',(#10492),#5547);
#5287=STYLED_ITEM('',(#10492),#5548);
#5288=STYLED_ITEM('',(#10492),#5549);
#5289=STYLED_ITEM('',(#10492),#5550);
#5290=STYLED_ITEM('',(#10492),#5551);
#5291=STYLED_ITEM('',(#10492),#5552);
#5292=STYLED_ITEM('',(#10492),#5553);
#5293=STYLED_ITEM('',(#10492),#5554);
#5294=STYLED_ITEM('',(#10492),#5555);
#5295=STYLED_ITEM('',(#10492),#5556);
#5296=STYLED_ITEM('',(#10492),#5557);
#5297=STYLED_ITEM('',(#10492),#5558);
#5298=STYLED_ITEM('',(#10492),#5559);
#5299=STYLED_ITEM('',(#10492),#5560);
#5300=STYLED_ITEM('',(#10492),#5561);
#5301=STYLED_ITEM('',(#10492),#5562);
#5302=STYLED_ITEM('',(#10492),#5563);
#5303=STYLED_ITEM('',(#10492),#5564);
#5304=STYLED_ITEM('',(#10492),#5565);
#5305=STYLED_ITEM('',(#10492),#5566);
#5306=STYLED_ITEM('',(#10492),#5567);
#5307=STYLED_ITEM('',(#10492),#5568);
#5308=STYLED_ITEM('',(#10492),#5569);
#5309=STYLED_ITEM('',(#10492),#5570);
#5310=STYLED_ITEM('',(#10492),#5571);
#5311=STYLED_ITEM('',(#10496),#5572);
#5312=STYLED_ITEM('',(#10496),#5573);
#5313=STYLED_ITEM('',(#10496),#5574);
#5314=STYLED_ITEM('',(#10496),#5575);
#5315=STYLED_ITEM('',(#10496),#5576);
#5316=STYLED_ITEM('',(#10496),#5577);
#5317=STYLED_ITEM('',(#10496),#5578);
#5318=STYLED_ITEM('',(#10496),#5579);
#5319=STYLED_ITEM('',(#10496),#5580);
#5320=STYLED_ITEM('',(#10496),#5581);
#5321=STYLED_ITEM('',(#10496),#5582);
#5322=STYLED_ITEM('',(#10496),#5583);
#5323=STYLED_ITEM('',(#10496),#5584);
#5324=STYLED_ITEM('',(#10496),#5585);
#5325=STYLED_ITEM('',(#10496),#5586);
#5326=STYLED_ITEM('',(#10496),#5587);
#5327=STYLED_ITEM('',(#10496),#5588);
#5328=STYLED_ITEM('',(#10496),#5589);
#5329=STYLED_ITEM('',(#10496),#5590);
#5330=STYLED_ITEM('',(#10496),#5591);
#5331=STYLED_ITEM('',(#10496),#5592);
#5332=STYLED_ITEM('',(#10496),#5593);
#5333=STYLED_ITEM('',(#10496),#5594);
#5334=STYLED_ITEM('',(#10496),#5595);
#5335=STYLED_ITEM('',(#10496),#5596);
#5336=STYLED_ITEM('',(#10496),#5597);
#5337=STYLED_ITEM('',(#10496),#5598);
#5338=STYLED_ITEM('',(#10496),#5599);
#5339=STYLED_ITEM('',(#10496),#5600);
#5340=STYLED_ITEM('',(#10496),#5601);
#5341=STYLED_ITEM('',(#10496),#5602);
#5342=STYLED_ITEM('',(#10496),#5603);
#5343=STYLED_ITEM('',(#10496),#5604);
#5344=STYLED_ITEM('',(#10496),#5605);
#5345=STYLED_ITEM('',(#10496),#5606);
#5346=STYLED_ITEM('',(#10496),#5607);
#5347=STYLED_ITEM('',(#10496),#5608);
#5348=STYLED_ITEM('',(#10492),#5609);
#5349=STYLED_ITEM('',(#10492),#5610);
#5350=STYLED_ITEM('',(#10492),#5611);
#5351=STYLED_ITEM('',(#10492),#5612);
#5352=STYLED_ITEM('',(#10497),#5613);
#5353=STYLED_ITEM('',(#10497),#5614);
#5354=STYLED_ITEM('',(#10497),#5615);
#5355=STYLED_ITEM('',(#10497),#5616);
#5356=STYLED_ITEM('',(#10492),#5617);
#5357=STYLED_ITEM('',(#10490),#5618);
#5358=STYLED_ITEM('',(#10497),#5619);
#5359=STYLED_ITEM('',(#10492),#5620);
#5360=STYLED_ITEM('',(#10492),#5621);
#5361=STYLED_ITEM('',(#10492),#5622);
#5362=STYLED_ITEM('',(#10492),#5623);
#5363=STYLED_ITEM('',(#10492),#5624);
#5364=STYLED_ITEM('',(#10492),#5625);
#5365=STYLED_ITEM('',(#10492),#5626);
#5366=STYLED_ITEM('',(#10492),#5627);
#5367=STYLED_ITEM('',(#10490),#232);
#5368=STYLED_ITEM('',(#10498),#233);
#5369=ADVANCED_FACE('',(#393),#5032,.T.);
#5370=ADVANCED_FACE('',(#394),#234,.T.);
#5371=ADVANCED_FACE('',(#395),#5033,.T.);
#5372=ADVANCED_FACE('',(#396),#235,.T.);
#5373=ADVANCED_FACE('',(#397),#236,.T.);
#5374=ADVANCED_FACE('',(#398),#237,.F.);
#5375=ADVANCED_FACE('',(#399),#238,.T.);
#5376=ADVANCED_FACE('',(#400),#219,.T.);
#5377=ADVANCED_FACE('',(#401),#5034,.T.);
#5378=ADVANCED_FACE('',(#402),#220,.T.);
#5379=ADVANCED_FACE('',(#403),#202,.F.);
#5380=ADVANCED_FACE('',(#404),#5035,.T.);
#5381=ADVANCED_FACE('',(#405),#203,.F.);
#5382=ADVANCED_FACE('',(#406,#179),#239,.T.);
#5383=ADVANCED_FACE('',(#407),#5036,.T.);
#5384=ADVANCED_FACE('',(#408),#5037,.F.);
#5385=ADVANCED_FACE('',(#409),#240,.T.);
#5386=ADVANCED_FACE('',(#410),#241,.F.);
#5387=ADVANCED_FACE('',(#411),#242,.F.);
#5388=ADVANCED_FACE('',(#412),#243,.F.);
#5389=ADVANCED_FACE('',(#413),#244,.F.);
#5390=ADVANCED_FACE('',(#414),#245,.F.);
#5391=ADVANCED_FACE('',(#415),#246,.F.);
#5392=ADVANCED_FACE('',(#416),#247,.F.);
#5393=ADVANCED_FACE('',(#417),#248,.F.);
#5394=ADVANCED_FACE('',(#418),#249,.F.);
#5395=ADVANCED_FACE('',(#419),#250,.F.);
#5396=ADVANCED_FACE('',(#420),#251,.F.);
#5397=ADVANCED_FACE('',(#421),#137,.T.);
#5398=ADVANCED_FACE('',(#422),#138,.T.);
#5399=ADVANCED_FACE('',(#423),#139,.T.);
#5400=ADVANCED_FACE('',(#424),#140,.T.);
#5401=ADVANCED_FACE('',(#425),#141,.F.);
#5402=ADVANCED_FACE('',(#426),#142,.F.);
#5403=ADVANCED_FACE('',(#427),#143,.F.);
#5404=ADVANCED_FACE('',(#428),#144,.F.);
#5405=ADVANCED_FACE('',(#429),#145,.F.);
#5406=ADVANCED_FACE('',(#430),#146,.F.);
#5407=ADVANCED_FACE('',(#431),#147,.F.);
#5408=ADVANCED_FACE('',(#432),#148,.F.);
#5409=ADVANCED_FACE('',(#433,#180),#252,.F.);
#5410=ADVANCED_FACE('',(#434),#253,.F.);
#5411=ADVANCED_FACE('',(#435),#254,.F.);
#5412=ADVANCED_FACE('',(#436),#255,.F.);
#5413=ADVANCED_FACE('',(#437),#256,.F.);
#5414=ADVANCED_FACE('',(#438),#257,.F.);
#5415=ADVANCED_FACE('',(#439),#258,.F.);
#5416=ADVANCED_FACE('',(#440),#259,.F.);
#5417=ADVANCED_FACE('',(#441),#260,.F.);
#5418=ADVANCED_FACE('',(#442),#261,.F.);
#5419=ADVANCED_FACE('',(#443),#262,.F.);
#5420=ADVANCED_FACE('',(#444),#263,.F.);
#5421=ADVANCED_FACE('',(#445),#264,.F.);
#5422=ADVANCED_FACE('',(#446),#265,.F.);
#5423=ADVANCED_FACE('',(#447),#266,.F.);
#5424=ADVANCED_FACE('',(#448),#267,.F.);
#5425=ADVANCED_FACE('',(#449),#268,.F.);
#5426=ADVANCED_FACE('',(#450),#269,.F.);
#5427=ADVANCED_FACE('',(#451),#270,.F.);
#5428=ADVANCED_FACE('',(#452),#271,.F.);
#5429=ADVANCED_FACE('',(#453),#272,.F.);
#5430=ADVANCED_FACE('',(#454),#273,.F.);
#5431=ADVANCED_FACE('',(#455),#274,.F.);
#5432=ADVANCED_FACE('',(#456),#275,.F.);
#5433=ADVANCED_FACE('',(#457),#276,.F.);
#5434=ADVANCED_FACE('',(#458),#277,.F.);
#5435=ADVANCED_FACE('',(#459),#278,.F.);
#5436=ADVANCED_FACE('',(#460),#149,.T.);
#5437=ADVANCED_FACE('',(#461),#150,.T.);
#5438=ADVANCED_FACE('',(#462),#279,.T.);
#5439=ADVANCED_FACE('',(#463),#280,.T.);
#5440=ADVANCED_FACE('',(#464),#281,.T.);
#5441=ADVANCED_FACE('',(#465),#151,.T.);
#5442=ADVANCED_FACE('',(#466),#152,.T.);
#5443=ADVANCED_FACE('',(#467),#282,.T.);
#5444=ADVANCED_FACE('',(#468),#283,.T.);
#5445=ADVANCED_FACE('',(#469),#284,.T.);
#5446=ADVANCED_FACE('',(#470),#285,.F.);
#5447=ADVANCED_FACE('',(#471),#153,.F.);
#5448=ADVANCED_FACE('',(#472),#154,.F.);
#5449=ADVANCED_FACE('',(#473),#155,.F.);
#5450=ADVANCED_FACE('',(#474),#156,.F.);
#5451=ADVANCED_FACE('',(#475),#286,.F.);
#5452=ADVANCED_FACE('',(#476),#287,.F.);
#5453=ADVANCED_FACE('',(#477,#181,#182),#288,.F.);
#5454=ADVANCED_FACE('',(#478),#289,.F.);
#5455=ADVANCED_FACE('',(#479),#157,.F.);
#5456=ADVANCED_FACE('',(#480),#158,.F.);
#5457=ADVANCED_FACE('',(#481),#159,.F.);
#5458=ADVANCED_FACE('',(#482),#160,.F.);
#5459=ADVANCED_FACE('',(#483),#290,.F.);
#5460=ADVANCED_FACE('',(#484),#291,.F.);
#5461=ADVANCED_FACE('',(#485),#161,.F.);
#5462=ADVANCED_FACE('',(#486),#162,.F.);
#5463=ADVANCED_FACE('',(#487),#163,.F.);
#5464=ADVANCED_FACE('',(#488),#164,.F.);
#5465=ADVANCED_FACE('',(#489),#165,.F.);
#5466=ADVANCED_FACE('',(#490),#166,.F.);
#5467=ADVANCED_FACE('',(#491),#167,.F.);
#5468=ADVANCED_FACE('',(#492),#292,.F.);
#5469=ADVANCED_FACE('',(#493),#293,.F.);
#5470=ADVANCED_FACE('',(#494),#294,.F.);
#5471=ADVANCED_FACE('',(#495),#295,.F.);
#5472=ADVANCED_FACE('',(#496),#296,.F.);
#5473=ADVANCED_FACE('',(#497),#297,.F.);
#5474=ADVANCED_FACE('',(#498),#298,.F.);
#5475=ADVANCED_FACE('',(#499),#299,.F.);
#5476=ADVANCED_FACE('',(#500),#300,.F.);
#5477=ADVANCED_FACE('',(#501),#301,.F.);
#5478=ADVANCED_FACE('',(#502),#302,.F.);
#5479=ADVANCED_FACE('',(#503),#303,.F.);
#5480=ADVANCED_FACE('',(#504),#304,.F.);
#5481=ADVANCED_FACE('',(#505),#305,.F.);
#5482=ADVANCED_FACE('',(#506),#306,.F.);
#5483=ADVANCED_FACE('',(#507),#307,.F.);
#5484=ADVANCED_FACE('',(#508),#308,.F.);
#5485=ADVANCED_FACE('',(#509),#309,.F.);
#5486=ADVANCED_FACE('',(#510),#310,.F.);
#5487=ADVANCED_FACE('',(#511),#311,.F.);
#5488=ADVANCED_FACE('',(#512),#312,.F.);
#5489=ADVANCED_FACE('',(#513),#313,.F.);
#5490=ADVANCED_FACE('',(#514),#314,.F.);
#5491=ADVANCED_FACE('',(#515),#315,.F.);
#5492=ADVANCED_FACE('',(#516),#316,.F.);
#5493=ADVANCED_FACE('',(#517),#317,.F.);
#5494=ADVANCED_FACE('',(#518,#183,#184,#185,#186,#187,#188,#189,#190),#318,
 .F.);
#5495=ADVANCED_FACE('',(#519),#319,.F.);
#5496=ADVANCED_FACE('',(#520),#320,.F.);
#5497=ADVANCED_FACE('',(#521),#5038,.T.);
#5498=ADVANCED_FACE('',(#522),#321,.T.);
#5499=ADVANCED_FACE('',(#523),#322,.T.);
#5500=ADVANCED_FACE('',(#524),#323,.T.);
#5501=ADVANCED_FACE('',(#525),#324,.F.);
#5502=ADVANCED_FACE('',(#526),#325,.F.);
#5503=ADVANCED_FACE('',(#527),#326,.F.);
#5504=ADVANCED_FACE('',(#528),#5039,.F.);
#5505=ADVANCED_FACE('',(#529),#327,.F.);
#5506=ADVANCED_FACE('',(#530),#5040,.T.);
#5507=ADVANCED_FACE('',(#531),#328,.F.);
#5508=ADVANCED_FACE('',(#532),#5041,.T.);
#5509=ADVANCED_FACE('',(#533),#5042,.T.);
#5510=ADVANCED_FACE('',(#534),#329,.T.);
#5511=ADVANCED_FACE('',(#535),#330,.T.);
#5512=ADVANCED_FACE('',(#536),#34,.T.);
#5513=ADVANCED_FACE('',(#537),#5043,.T.);
#5514=ADVANCED_FACE('',(#538),#168,.F.);
#5515=ADVANCED_FACE('',(#539),#169,.F.);
#5516=ADVANCED_FACE('',(#540),#5044,.T.);
#5517=ADVANCED_FACE('',(#541),#331,.T.);
#5518=ADVANCED_FACE('',(#542),#5045,.F.);
#5519=ADVANCED_FACE('',(#543),#170,.T.);
#5520=ADVANCED_FACE('',(#544),#171,.T.);
#5521=ADVANCED_FACE('',(#545),#172,.T.);
#5522=ADVANCED_FACE('',(#546),#332,.T.);
#5523=ADVANCED_FACE('',(#547),#204,.T.);
#5524=ADVANCED_FACE('',(#548),#333,.F.);
#5525=ADVANCED_FACE('',(#549),#5046,.T.);
#5526=ADVANCED_FACE('',(#550),#173,.T.);
#5527=ADVANCED_FACE('',(#551),#5047,.F.);
#5528=ADVANCED_FACE('',(#552),#174,.T.);
#5529=ADVANCED_FACE('',(#553),#175,.T.);
#5530=ADVANCED_FACE('',(#554),#176,.T.);
#5531=ADVANCED_FACE('',(#555),#334,.T.);
#5532=ADVANCED_FACE('',(#556),#205,.T.);
#5533=ADVANCED_FACE('',(#557),#335,.F.);
#5534=ADVANCED_FACE('',(#558),#206,.T.);
#5535=ADVANCED_FACE('',(#559),#5048,.T.);
#5536=ADVANCED_FACE('',(#560),#207,.T.);
#5537=ADVANCED_FACE('',(#561),#5049,.T.);
#5538=ADVANCED_FACE('',(#562),#5050,.F.);
#5539=ADVANCED_FACE('',(#563),#336,.T.);
#5540=ADVANCED_FACE('',(#564),#5051,.T.);
#5541=ADVANCED_FACE('',(#565),#337,.T.);
#5542=ADVANCED_FACE('',(#566),#5052,.T.);
#5543=ADVANCED_FACE('',(#567),#208,.T.);
#5544=ADVANCED_FACE('',(#568),#5053,.T.);
#5545=ADVANCED_FACE('',(#569),#209,.T.);
#5546=ADVANCED_FACE('',(#570),#5054,.T.);
#5547=ADVANCED_FACE('',(#571),#210,.T.);
#5548=ADVANCED_FACE('',(#572),#5055,.T.);
#5549=ADVANCED_FACE('',(#573),#5056,.F.);
#5550=ADVANCED_FACE('',(#574),#338,.T.);
#5551=ADVANCED_FACE('',(#575),#5057,.T.);
#5552=ADVANCED_FACE('',(#576),#339,.T.);
#5553=ADVANCED_FACE('',(#577),#5058,.T.);
#5554=ADVANCED_FACE('',(#578),#340,.T.);
#5555=ADVANCED_FACE('',(#579),#5059,.F.);
#5556=ADVANCED_FACE('',(#580),#211,.T.);
#5557=ADVANCED_FACE('',(#581),#5060,.T.);
#5558=ADVANCED_FACE('',(#582),#212,.T.);
#5559=ADVANCED_FACE('',(#583),#5061,.T.);
#5560=ADVANCED_FACE('',(#584),#213,.T.);
#5561=ADVANCED_FACE('',(#585),#341,.T.);
#5562=ADVANCED_FACE('',(#586),#221,.T.);
#5563=ADVANCED_FACE('',(#587),#342,.F.);
#5564=ADVANCED_FACE('',(#588),#222,.T.);
#5565=ADVANCED_FACE('',(#589),#343,.T.);
#5566=ADVANCED_FACE('',(#590),#223,.T.);
#5567=ADVANCED_FACE('',(#591),#5062,.T.);
#5568=ADVANCED_FACE('',(#592),#5063,.T.);
#5569=ADVANCED_FACE('',(#593,#191),#344,.T.);
#5570=ADVANCED_FACE('',(#594),#5064,.T.);
#5571=ADVANCED_FACE('',(#595),#345,.T.);
#5572=ADVANCED_FACE('',(#596),#346,.F.);
#5573=ADVANCED_FACE('',(#597),#23,.T.);
#5574=ADVANCED_FACE('',(#598),#347,.T.);
#5575=ADVANCED_FACE('',(#599),#24,.F.);
#5576=ADVANCED_FACE('',(#600),#348,.T.);
#5577=ADVANCED_FACE('',(#601),#25,.F.);
#5578=ADVANCED_FACE('',(#602),#349,.T.);
#5579=ADVANCED_FACE('',(#603),#26,.F.);
#5580=ADVANCED_FACE('',(#604),#350,.T.);
#5581=ADVANCED_FACE('',(#605),#27,.T.);
#5582=ADVANCED_FACE('',(#606),#351,.T.);
#5583=ADVANCED_FACE('',(#607),#28,.F.);
#5584=ADVANCED_FACE('',(#608),#352,.T.);
#5585=ADVANCED_FACE('',(#609),#29,.F.);
#5586=ADVANCED_FACE('',(#610),#353,.T.);
#5587=ADVANCED_FACE('',(#611),#30,.T.);
#5588=ADVANCED_FACE('',(#612),#5065,.T.);
#5589=ADVANCED_FACE('',(#613),#354,.T.);
#5590=ADVANCED_FACE('',(#614),#355,.T.);
#5591=ADVANCED_FACE('',(#615),#5066,.T.);
#5592=ADVANCED_FACE('',(#616),#356,.T.);
#5593=ADVANCED_FACE('',(#617),#357,.T.);
#5594=ADVANCED_FACE('',(#618),#5067,.T.);
#5595=ADVANCED_FACE('',(#619),#358,.T.);
#5596=ADVANCED_FACE('',(#620),#5068,.T.);
#5597=ADVANCED_FACE('',(#621),#359,.T.);
#5598=ADVANCED_FACE('',(#622),#5069,.F.);
#5599=ADVANCED_FACE('',(#623),#360,.T.);
#5600=ADVANCED_FACE('',(#624),#5070,.T.);
#5601=ADVANCED_FACE('',(#625),#361,.T.);
#5602=ADVANCED_FACE('',(#626),#5071,.T.);
#5603=ADVANCED_FACE('',(#627),#362,.T.);
#5604=ADVANCED_FACE('',(#628),#5072,.T.);
#5605=ADVANCED_FACE('',(#629),#363,.T.);
#5606=ADVANCED_FACE('',(#630),#5073,.F.);
#5607=ADVANCED_FACE('',(#631),#364,.T.);
#5608=ADVANCED_FACE('',(#632),#5074,.T.);
#5609=ADVANCED_FACE('',(#633,#192),#365,.F.);
#5610=ADVANCED_FACE('',(#634,#193),#366,.F.);
#5611=ADVANCED_FACE('',(#635),#5075,.F.);
#5612=ADVANCED_FACE('',(#636),#5076,.F.);
#5613=ADVANCED_FACE('',(#637),#214,.F.);
#5614=ADVANCED_FACE('',(#638),#5077,.T.);
#5615=ADVANCED_FACE('',(#639),#224,.T.);
#5616=ADVANCED_FACE('',(#640,#194),#367,.T.);
#5617=ADVANCED_FACE('',(#641),#5078,.F.);
#5618=ADVANCED_FACE('',(#642,#195),#368,.T.);
#5619=ADVANCED_FACE('',(#643,#196,#197,#198),#369,.T.);
#5620=ADVANCED_FACE('',(#644),#5079,.T.);
#5621=ADVANCED_FACE('',(#645),#370,.T.);
#5622=ADVANCED_FACE('',(#646),#5080,.T.);
#5623=ADVANCED_FACE('',(#647),#371,.T.);
#5624=ADVANCED_FACE('',(#648),#5081,.T.);
#5625=ADVANCED_FACE('',(#649),#372,.T.);
#5626=ADVANCED_FACE('',(#650),#5082,.T.);
#5627=ADVANCED_FACE('',(#651),#373,.T.);
#5628=ADVANCED_FACE('',(#652),#35,.T.);
#5629=ADVANCED_FACE('',(#653),#5083,.T.);
#5630=ADVANCED_FACE('',(#654),#177,.F.);
#5631=ADVANCED_FACE('',(#655),#5084,.T.);
#5632=ADVANCED_FACE('',(#656),#5085,.T.);
#5633=ADVANCED_FACE('',(#657),#5086,.T.);
#5634=ADVANCED_FACE('',(#658),#5087,.T.);
#5635=ADVANCED_FACE('',(#659),#215,.T.);
#5636=ADVANCED_FACE('',(#660),#5088,.T.);
#5637=ADVANCED_FACE('',(#661),#5089,.F.);
#5638=ADVANCED_FACE('',(#662),#374,.T.);
#5639=ADVANCED_FACE('',(#663),#5090,.T.);
#5640=ADVANCED_FACE('',(#664),#375,.T.);
#5641=ADVANCED_FACE('',(#665),#36,.T.);
#5642=ADVANCED_FACE('',(#666),#5091,.T.);
#5643=ADVANCED_FACE('',(#667),#178,.F.);
#5644=ADVANCED_FACE('',(#668),#5092,.T.);
#5645=ADVANCED_FACE('',(#669),#5093,.T.);
#5646=ADVANCED_FACE('',(#670),#5094,.T.);
#5647=ADVANCED_FACE('',(#671),#5095,.T.);
#5648=ADVANCED_FACE('',(#672),#216,.T.);
#5649=ADVANCED_FACE('',(#673),#376,.F.);
#5650=ADVANCED_FACE('',(#674),#5096,.F.);
#5651=ADVANCED_FACE('',(#675),#377,.F.);
#5652=ADVANCED_FACE('',(#676),#217,.T.);
#5653=ADVANCED_FACE('',(#677),#31,.F.);
#5654=ADVANCED_FACE('',(#678),#218,.T.);
#5655=ADVANCED_FACE('',(#679),#5097,.T.);
#5656=ADVANCED_FACE('',(#680),#5098,.F.);
#5657=ADVANCED_FACE('',(#681),#378,.T.);
#5658=ADVANCED_FACE('',(#682),#379,.T.);
#5659=ADVANCED_FACE('',(#683),#5099,.T.);
#5660=ADVANCED_FACE('',(#684),#5100,.T.);
#5661=ADVANCED_FACE('',(#685,#199,#200),#380,.T.);
#5662=ADVANCED_FACE('',(#686),#381,.T.);
#5663=ADVANCED_FACE('',(#687),#382,.T.);
#5664=ADVANCED_FACE('',(#688),#383,.T.);
#5665=ADVANCED_FACE('',(#689),#32,.F.);
#5666=ADVANCED_FACE('',(#690),#5101,.T.);
#5667=ADVANCED_FACE('',(#691),#384,.T.);
#5668=ADVANCED_FACE('',(#692),#385,.T.);
#5669=ADVANCED_FACE('',(#693),#386,.F.);
#5670=ADVANCED_FACE('',(#694),#33,.F.);
#5671=ADVANCED_FACE('',(#695),#5102,.T.);
#5672=ADVANCED_FACE('',(#696),#387,.F.);
#5673=ADVANCED_FACE('',(#697),#5103,.T.);
#5674=ADVANCED_FACE('',(#698),#388,.T.);
#5675=ADVANCED_FACE('',(#699),#5104,.T.);
#5676=ADVANCED_FACE('',(#700),#389,.T.);
#5677=ADVANCED_FACE('',(#701),#5105,.T.);
#5678=ADVANCED_FACE('',(#702),#390,.T.);
#5679=ADVANCED_FACE('',(#703),#5106,.T.);
#5680=ADVANCED_FACE('',(#704),#391,.T.);
#5681=ADVANCED_FACE('',(#705,#201),#392,.F.);
#5682=CLOSED_SHELL('',(#5369,#5370,#5371,#5372,#5373,#5374));
#5683=CLOSED_SHELL('',(#5375,#5376,#5377,#5378,#5379,#5380,#5381,#5382,
#5383,#5384,#5385,#5386,#5387,#5388,#5389,#5390,#5391,#5392,#5393,#5394,
#5395,#5396,#5397,#5398,#5399,#5400,#5401,#5402,#5403,#5404,#5405,#5406,
#5407,#5408,#5409,#5410,#5411,#5412,#5413,#5414,#5415,#5416,#5417,#5418,
#5419,#5420,#5421,#5422,#5423,#5424,#5425,#5426,#5427,#5428,#5429,#5430,
#5431,#5432,#5433,#5434,#5435,#5436,#5437,#5438,#5439,#5440,#5441,#5442,
#5443,#5444,#5445,#5446,#5447,#5448,#5449,#5450,#5451,#5452,#5453,#5454,
#5455,#5456,#5457,#5458,#5459,#5460,#5461,#5462,#5463,#5464,#5465,#5466,
#5467,#5468,#5469,#5470,#5471,#5472,#5473,#5474,#5475,#5476,#5477,#5478,
#5479,#5480,#5481,#5482,#5483,#5484,#5485,#5486,#5487,#5488,#5489,#5490,
#5491,#5492,#5493,#5494,#5495,#5496,#5497,#5498,#5499,#5500,#5501,#5502,
#5503,#5504,#5505,#5506,#5507,#5508,#5509,#5510,#5511,#5512,#5513,#5514,
#5515,#5516,#5517,#5518,#5519,#5520,#5521,#5522,#5523,#5524,#5525,#5526,
#5527,#5528,#5529,#5530,#5531,#5532,#5533,#5534,#5535,#5536,#5537,#5538,
#5539,#5540,#5541,#5542,#5543,#5544,#5545,#5546,#5547,#5548,#5549,#5550,
#5551,#5552,#5553,#5554,#5555,#5556,#5557,#5558,#5559,#5560,#5561,#5562,
#5563,#5564,#5565,#5566,#5567,#5568,#5569,#5570,#5571,#5572,#5573,#5574,
#5575,#5576,#5577,#5578,#5579,#5580,#5581,#5582,#5583,#5584,#5585,#5586,
#5587,#5588,#5589,#5590,#5591,#5592,#5593,#5594,#5595,#5596,#5597,#5598,
#5599,#5600,#5601,#5602,#5603,#5604,#5605,#5606,#5607,#5608,#5609,#5610,
#5611,#5612,#5613,#5614,#5615,#5616,#5617,#5618,#5619,#5620,#5621,#5622,
#5623,#5624,#5625,#5626,#5627));
#5684=CLOSED_SHELL('',(#5628,#5629,#5630,#5631,#5632,#5633,#5634,#5635,
#5636,#5637,#5638,#5639,#5640,#5641,#5642,#5643,#5644,#5645,#5646,#5647,
#5648,#5649,#5650,#5651,#5652,#5653,#5654,#5655,#5656,#5657,#5658,#5659,
#5660,#5661,#5662,#5663,#5664,#5665,#5666,#5667,#5668,#5669,#5670,#5671,
#5672,#5673,#5674,#5675,#5676,#5677,#5678,#5679,#5680,#5681));
#5685=DERIVED_UNIT_ELEMENT(#5691,1.);
#5686=DERIVED_UNIT_ELEMENT(#10450,3.);
#5687=DERIVED_UNIT_ELEMENT(#5691,1.);
#5688=DERIVED_UNIT_ELEMENT(#10450,3.);
#5689=DERIVED_UNIT_ELEMENT(#5691,1.);
#5690=DERIVED_UNIT_ELEMENT(#10450,3.);
#5691=(
MASS_UNIT()
NAMED_UNIT(*)
SI_UNIT($,.GRAM.)
);
#5692=DERIVED_UNIT((#5685,#5686));
#5693=DERIVED_UNIT((#5687,#5688));
#5694=DERIVED_UNIT((#5689,#5690));
#5695=MEASURE_REPRESENTATION_ITEM('density measure',
POSITIVE_RATIO_MEASURE(7.85),#5692);
#5696=MEASURE_REPRESENTATION_ITEM('density measure',
POSITIVE_RATIO_MEASURE(2.65),#5693);
#5697=MEASURE_REPRESENTATION_ITEM('density measure',
POSITIVE_RATIO_MEASURE(2.65),#5694);
#5698=PROPERTY_DEFINITION_REPRESENTATION(#5713,#5704);
#5699=PROPERTY_DEFINITION_REPRESENTATION(#5714,#5705);
#5700=PROPERTY_DEFINITION_REPRESENTATION(#5715,#5706);
#5701=PROPERTY_DEFINITION_REPRESENTATION(#5716,#5707);
#5702=PROPERTY_DEFINITION_REPRESENTATION(#5717,#5708);
#5703=PROPERTY_DEFINITION_REPRESENTATION(#5718,#5709);
#5704=REPRESENTATION('material name',(#5710),#10445);
#5705=REPRESENTATION('density',(#5695),#10445);
#5706=REPRESENTATION('material name',(#5711),#10446);
#5707=REPRESENTATION('density',(#5696),#10446);
#5708=REPRESENTATION('material name',(#5712),#10447);
#5709=REPRESENTATION('density',(#5697),#10447);
#5710=DESCRIPTIVE_REPRESENTATION_ITEM('Stahl','Stahl');
#5711=DESCRIPTIVE_REPRESENTATION_ITEM('EN AC-47100','EN AC-47100');
#5712=DESCRIPTIVE_REPRESENTATION_ITEM('EN AC-47100','EN AC-47100');
#5713=PROPERTY_DEFINITION('material property','material name',#10470);
#5714=PROPERTY_DEFINITION('material property','density of part',#10470);
#5715=PROPERTY_DEFINITION('material property','material name',#10471);
#5716=PROPERTY_DEFINITION('material property','density of part',#10471);
#5717=PROPERTY_DEFINITION('material property','material name',#10472);
#5718=PROPERTY_DEFINITION('material property','density of part',#10472);
#5719=DATE_TIME_ROLE('creation_date');
#5720=DATE_TIME_ROLE('creation_date');
#5721=DATE_TIME_ROLE('creation_date');
#5722=DATE_TIME_ROLE('creation_date');
#5723=APPLIED_DATE_AND_TIME_ASSIGNMENT(#5727,#5719,(#10469));
#5724=APPLIED_DATE_AND_TIME_ASSIGNMENT(#5728,#5720,(#10470));
#5725=APPLIED_DATE_AND_TIME_ASSIGNMENT(#5729,#5721,(#10471));
#5726=APPLIED_DATE_AND_TIME_ASSIGNMENT(#5730,#5722,(#10472));
#5727=DATE_AND_TIME(#5731,#5735);
#5728=DATE_AND_TIME(#5732,#5736);
#5729=DATE_AND_TIME(#5733,#5737);
#5730=DATE_AND_TIME(#5734,#5738);
#5731=CALENDAR_DATE(2014,10,3);
#5732=CALENDAR_DATE(2012,19,1);
#5733=CALENDAR_DATE(2014,25,6);
#5734=CALENDAR_DATE(2011,3,12);
#5735=LOCAL_TIME(10,45,36.,#5739);
#5736=LOCAL_TIME(13,6,50.,#5740);
#5737=LOCAL_TIME(7,43,56.,#5741);
#5738=LOCAL_TIME(13,13,23.,#5742);
#5739=COORDINATED_UNIVERSAL_TIME_OFFSET(0,0,.BEHIND.);
#5740=COORDINATED_UNIVERSAL_TIME_OFFSET(0,0,.BEHIND.);
#5741=COORDINATED_UNIVERSAL_TIME_OFFSET(0,0,.BEHIND.);
#5742=COORDINATED_UNIVERSAL_TIME_OFFSET(0,0,.BEHIND.);
#5743=AXIS2_PLACEMENT_3D('placement',#7655,#6221,#6222);
#5744=AXIS2_PLACEMENT_3D('placement',#7656,#6223,#6224);
#5745=AXIS2_PLACEMENT_3D('',#7657,#6225,#6226);
#5746=AXIS2_PLACEMENT_3D('',#7660,#6227,#6228);
#5747=AXIS2_PLACEMENT_3D('',#7664,#6230,#6231);
#5748=AXIS2_PLACEMENT_3D('',#7666,#6233,#6234);
#5749=AXIS2_PLACEMENT_3D('',#7672,#6238,#6239);
#5750=AXIS2_PLACEMENT_3D('',#7674,#6240,#6241);
#5751=AXIS2_PLACEMENT_3D('',#7677,#6243,#6244);
#5752=AXIS2_PLACEMENT_3D('',#7678,#6245,#6246);
#5753=AXIS2_PLACEMENT_3D('',#7681,#6249,#6250);
#5754=AXIS2_PLACEMENT_3D('',#7682,#6251,#6252);
#5755=AXIS2_PLACEMENT_3D('placement',#7683,#6253,#6254);
#5756=AXIS2_PLACEMENT_3D('',#7684,#6255,#6256);
#5757=AXIS2_PLACEMENT_3D('',#7687,#6257,#6258);
#5758=AXIS2_PLACEMENT_3D('',#7688,#6259,#6260);
#5759=AXIS2_PLACEMENT_3D('',#7689,#6261,#6262);
#5760=AXIS2_PLACEMENT_3D('',#7692,#6263,#6264);
#5761=AXIS2_PLACEMENT_3D('',#7693,#6265,#6266);
#5762=AXIS2_PLACEMENT_3D('',#7695,#6268,#6269);
#5763=AXIS2_PLACEMENT_3D('',#7698,#6270,#6271);
#5764=AXIS2_PLACEMENT_3D('',#7699,#6272,#6273);
#5765=AXIS2_PLACEMENT_3D('',#7701,#6275,#6276);
#5766=AXIS2_PLACEMENT_3D('',#7704,#6277,#6278);
#5767=AXIS2_PLACEMENT_3D('',#7706,#6279,#6280);
#5768=AXIS2_PLACEMENT_3D('',#7708,#6282,#6283);
#5769=AXIS2_PLACEMENT_3D('',#7709,#6284,#6285);
#5770=AXIS2_PLACEMENT_3D('',#7711,#6286,#6287);
#5771=AXIS2_PLACEMENT_3D('',#7713,#6288,#6289);
#5772=AXIS2_PLACEMENT_3D('',#7715,#6290,#6291);
#5773=AXIS2_PLACEMENT_3D('',#7716,#6292,#6293);
#5774=AXIS2_PLACEMENT_3D('',#7717,#6294,#6295);
#5775=AXIS2_PLACEMENT_3D('',#7720,#6296,#6297);
#5776=AXIS2_PLACEMENT_3D('',#7722,#6298,#6299);
#5777=AXIS2_PLACEMENT_3D('',#7724,#6301,#6302);
#5778=AXIS2_PLACEMENT_3D('',#7725,#6303,#6304);
#5779=AXIS2_PLACEMENT_3D('',#7727,#6305,#6306);
#5780=AXIS2_PLACEMENT_3D('',#7729,#6307,#6308);
#5781=AXIS2_PLACEMENT_3D('',#7730,#6309,#6310);
#5782=AXIS2_PLACEMENT_3D('',#7731,#6311,#6312);
#5783=AXIS2_PLACEMENT_3D('',#7734,#6313,#6314);
#5784=AXIS2_PLACEMENT_3D('',#7735,#6315,#6316);
#5785=AXIS2_PLACEMENT_3D('',#7736,#6317,#6318);
#5786=AXIS2_PLACEMENT_3D('',#7739,#6319,#6320);
#5787=AXIS2_PLACEMENT_3D('',#7740,#6321,#6322);
#5788=AXIS2_PLACEMENT_3D('',#7742,#6324,#6325);
#5789=AXIS2_PLACEMENT_3D('',#7744,#6326,#6327);
#5790=AXIS2_PLACEMENT_3D('',#7747,#6329,#6330);
#5791=AXIS2_PLACEMENT_3D('',#7748,#6331,#6332);
#5792=AXIS2_PLACEMENT_3D('',#7749,#6333,#6334);
#5793=AXIS2_PLACEMENT_3D('',#7758,#6339,#6340);
#5794=AXIS2_PLACEMENT_3D('',#7764,#6344,#6345);
#5795=AXIS2_PLACEMENT_3D('',#7770,#6349,#6350);
#5796=AXIS2_PLACEMENT_3D('',#7776,#6354,#6355);
#5797=AXIS2_PLACEMENT_3D('',#7782,#6359,#6360);
#5798=AXIS2_PLACEMENT_3D('',#7788,#6364,#6365);
#5799=AXIS2_PLACEMENT_3D('',#7794,#6369,#6370);
#5800=AXIS2_PLACEMENT_3D('',#7800,#6374,#6375);
#5801=AXIS2_PLACEMENT_3D('',#7806,#6379,#6380);
#5802=AXIS2_PLACEMENT_3D('',#7809,#6383,#6384);
#5803=AXIS2_PLACEMENT_3D('',#8038,#6397,#6398);
#5804=AXIS2_PLACEMENT_3D('',#8039,#6399,#6400);
#5805=AXIS2_PLACEMENT_3D('',#8048,#6405,#6406);
#5806=AXIS2_PLACEMENT_3D('',#8054,#6410,#6411);
#5807=AXIS2_PLACEMENT_3D('',#8060,#6415,#6416);
#5808=AXIS2_PLACEMENT_3D('',#8066,#6420,#6421);
#5809=AXIS2_PLACEMENT_3D('',#8072,#6425,#6426);
#5810=AXIS2_PLACEMENT_3D('',#8078,#6430,#6431);
#5811=AXIS2_PLACEMENT_3D('',#8084,#6435,#6436);
#5812=AXIS2_PLACEMENT_3D('',#8090,#6440,#6441);
#5813=AXIS2_PLACEMENT_3D('',#8096,#6445,#6446);
#5814=AXIS2_PLACEMENT_3D('',#8102,#6450,#6451);
#5815=AXIS2_PLACEMENT_3D('',#8108,#6455,#6456);
#5816=AXIS2_PLACEMENT_3D('',#8111,#6459,#6460);
#5817=AXIS2_PLACEMENT_3D('',#8112,#6461,#6462);
#5818=AXIS2_PLACEMENT_3D('',#8121,#6467,#6468);
#5819=AXIS2_PLACEMENT_3D('',#8127,#6472,#6473);
#5820=AXIS2_PLACEMENT_3D('',#8133,#6477,#6478);
#5821=AXIS2_PLACEMENT_3D('',#8139,#6482,#6483);
#5822=AXIS2_PLACEMENT_3D('',#8145,#6487,#6488);
#5823=AXIS2_PLACEMENT_3D('',#8151,#6492,#6493);
#5824=AXIS2_PLACEMENT_3D('',#8157,#6497,#6498);
#5825=AXIS2_PLACEMENT_3D('',#8163,#6502,#6503);
#5826=AXIS2_PLACEMENT_3D('',#8169,#6507,#6508);
#5827=AXIS2_PLACEMENT_3D('',#8175,#6512,#6513);
#5828=AXIS2_PLACEMENT_3D('',#8181,#6517,#6518);
#5829=AXIS2_PLACEMENT_3D('',#8184,#6521,#6522);
#5830=AXIS2_PLACEMENT_3D('',#8226,#6526,#6527);
#5831=AXIS2_PLACEMENT_3D('',#8232,#6531,#6532);
#5832=AXIS2_PLACEMENT_3D('',#8238,#6536,#6537);
#5833=AXIS2_PLACEMENT_3D('',#8282,#6543,#6544);
#5834=AXIS2_PLACEMENT_3D('',#8288,#6548,#6549);
#5835=AXIS2_PLACEMENT_3D('',#8294,#6553,#6554);
#5836=AXIS2_PLACEMENT_3D('',#8297,#6557,#6558);
#5837=AXIS2_PLACEMENT_3D('',#8382,#6567,#6568);
#5838=AXIS2_PLACEMENT_3D('',#8388,#6572,#6573);
#5839=AXIS2_PLACEMENT_3D('',#8391,#6576,#6577);
#5840=AXIS2_PLACEMENT_3D('',#8392,#6578,#6579);
#5841=AXIS2_PLACEMENT_3D('',#8477,#6588,#6589);
#5842=AXIS2_PLACEMENT_3D('',#8483,#6593,#6594);
#5843=AXIS2_PLACEMENT_3D('',#8622,#6605,#6606);
#5844=AXIS2_PLACEMENT_3D('',#8625,#6609,#6610);
#5845=AXIS2_PLACEMENT_3D('',#8626,#6611,#6612);
#5846=AXIS2_PLACEMENT_3D('',#8635,#6617,#6618);
#5847=AXIS2_PLACEMENT_3D('',#8641,#6622,#6623);
#5848=AXIS2_PLACEMENT_3D('',#8647,#6627,#6628);
#5849=AXIS2_PLACEMENT_3D('',#8653,#6632,#6633);
#5850=AXIS2_PLACEMENT_3D('',#8659,#6637,#6638);
#5851=AXIS2_PLACEMENT_3D('',#8665,#6642,#6643);
#5852=AXIS2_PLACEMENT_3D('',#8671,#6647,#6648);
#5853=AXIS2_PLACEMENT_3D('',#8677,#6652,#6653);
#5854=AXIS2_PLACEMENT_3D('',#8683,#6657,#6658);
#5855=AXIS2_PLACEMENT_3D('',#8689,#6662,#6663);
#5856=AXIS2_PLACEMENT_3D('',#8695,#6667,#6668);
#5857=AXIS2_PLACEMENT_3D('',#8698,#6671,#6672);
#5858=AXIS2_PLACEMENT_3D('',#8699,#6673,#6674);
#5859=AXIS2_PLACEMENT_3D('',#8708,#6679,#6680);
#5860=AXIS2_PLACEMENT_3D('',#8714,#6684,#6685);
#5861=AXIS2_PLACEMENT_3D('',#8720,#6689,#6690);
#5862=AXIS2_PLACEMENT_3D('',#8726,#6694,#6695);
#5863=AXIS2_PLACEMENT_3D('',#8732,#6699,#6700);
#5864=AXIS2_PLACEMENT_3D('',#8738,#6704,#6705);
#5865=AXIS2_PLACEMENT_3D('',#8744,#6709,#6710);
#5866=AXIS2_PLACEMENT_3D('',#8750,#6714,#6715);
#5867=AXIS2_PLACEMENT_3D('',#8756,#6719,#6720);
#5868=AXIS2_PLACEMENT_3D('',#8759,#6723,#6724);
#5869=AXIS2_PLACEMENT_3D('',#8760,#6725,#6726);
#5870=AXIS2_PLACEMENT_3D('',#8767,#6729,#6730);
#5871=AXIS2_PLACEMENT_3D('',#8769,#6732,#6733);
#5872=AXIS2_PLACEMENT_3D('',#8770,#6734,#6735);
#5873=AXIS2_PLACEMENT_3D('',#8771,#6736,#6737);
#5874=AXIS2_PLACEMENT_3D('',#8774,#6738,#6739);
#5875=AXIS2_PLACEMENT_3D('',#8775,#6740,#6741);
#5876=AXIS2_PLACEMENT_3D('',#8777,#6742,#6743);
#5877=AXIS2_PLACEMENT_3D('',#8779,#6745,#6746);
#5878=AXIS2_PLACEMENT_3D('',#8784,#6749,#6750);
#5879=AXIS2_PLACEMENT_3D('',#8785,#6751,#6752);
#5880=AXIS2_PLACEMENT_3D('',#8844,#6762,#6763);
#5881=AXIS2_PLACEMENT_3D('',#8848,#6766,#6767);
#5882=AXIS2_PLACEMENT_3D('',#8849,#6768,#6769);
#5883=AXIS2_PLACEMENT_3D('',#8851,#6770,#6771);
#5884=AXIS2_PLACEMENT_3D('',#8855,#6773,#6774);
#5885=AXIS2_PLACEMENT_3D('',#8857,#6776,#6777);
#5886=AXIS2_PLACEMENT_3D('',#8859,#6778,#6779);
#5887=AXIS2_PLACEMENT_3D('',#8863,#6782,#6783);
#5888=AXIS2_PLACEMENT_3D('',#8866,#6784,#6785);
#5889=AXIS2_PLACEMENT_3D('',#8869,#6788,#6789);
#5890=AXIS2_PLACEMENT_3D('',#8872,#6790,#6791);
#5891=AXIS2_PLACEMENT_3D('',#8875,#6794,#6795);
#5892=AXIS2_PLACEMENT_3D('',#8877,#6796,#6797);
#5893=AXIS2_PLACEMENT_3D('',#8879,#6799,#6800);
#5894=AXIS2_PLACEMENT_3D('',#8881,#6802,#6803);
#5895=AXIS2_PLACEMENT_3D('',#8885,#6805,#6806);
#5896=AXIS2_PLACEMENT_3D('',#8887,#6808,#6809);
#5897=AXIS2_PLACEMENT_3D('',#8891,#6811,#6812);
#5898=AXIS2_PLACEMENT_3D('',#8893,#6814,#6815);
#5899=AXIS2_PLACEMENT_3D('',#8895,#6817,#6818);
#5900=AXIS2_PLACEMENT_3D('',#8902,#6819,#6820);
#5901=AXIS2_PLACEMENT_3D('',#8904,#6822,#6823);
#5902=AXIS2_PLACEMENT_3D('',#8906,#6824,#6825);
#5903=AXIS2_PLACEMENT_3D('',#8907,#6826,#6827);
#5904=AXIS2_PLACEMENT_3D('',#8908,#6828,#6829);
#5905=AXIS2_PLACEMENT_3D('',#8910,#6830,#6831);
#5906=AXIS2_PLACEMENT_3D('',#9087,#6833,#6834);
#5907=AXIS2_PLACEMENT_3D('',#9108,#6835,#6836);
#5908=AXIS2_PLACEMENT_3D('',#9109,#6837,#6838);
#5909=AXIS2_PLACEMENT_3D('',#9113,#6840,#6841);
#5910=AXIS2_PLACEMENT_3D('',#9115,#6843,#6844);
#5911=AXIS2_PLACEMENT_3D('',#9143,#6848,#6849);
#5912=AXIS2_PLACEMENT_3D('',#9145,#6850,#6851);
#5913=AXIS2_PLACEMENT_3D('',#9148,#6853,#6854);
#5914=AXIS2_PLACEMENT_3D('',#9174,#6855,#6856);
#5915=AXIS2_PLACEMENT_3D('',#9262,#6857,#6858);
#5916=AXIS2_PLACEMENT_3D('',#9268,#6862,#6863);
#5917=AXIS2_PLACEMENT_3D('',#9270,#6864,#6865);
#5918=AXIS2_PLACEMENT_3D('',#9272,#6866,#6867);
#5919=AXIS2_PLACEMENT_3D('',#9273,#6868,#6869);
#5920=AXIS2_PLACEMENT_3D('',#9274,#6870,#6871);
#5921=AXIS2_PLACEMENT_3D('',#9278,#6873,#6874);
#5922=AXIS2_PLACEMENT_3D('',#9282,#6876,#6877);
#5923=AXIS2_PLACEMENT_3D('',#9284,#6879,#6880);
#5924=AXIS2_PLACEMENT_3D('',#9285,#6881,#6882);
#5925=AXIS2_PLACEMENT_3D('',#9352,#6883,#6884);
#5926=AXIS2_PLACEMENT_3D('',#9355,#6885,#6886);
#5927=AXIS2_PLACEMENT_3D('',#9359,#6888,#6889);
#5928=AXIS2_PLACEMENT_3D('',#9510,#6891,#6892);
#5929=AXIS2_PLACEMENT_3D('',#9518,#6897,#6898);
#5930=AXIS2_PLACEMENT_3D('',#9520,#6899,#6900);
#5931=AXIS2_PLACEMENT_3D('',#9522,#6901,#6902);
#5932=AXIS2_PLACEMENT_3D('',#9523,#6903,#6904);
#5933=AXIS2_PLACEMENT_3D('',#9524,#6905,#6906);
#5934=AXIS2_PLACEMENT_3D('',#9526,#6907,#6908);
#5935=AXIS2_PLACEMENT_3D('',#9530,#6910,#6911);
#5936=AXIS2_PLACEMENT_3D('',#9534,#6913,#6914);
#5937=AXIS2_PLACEMENT_3D('',#9536,#6916,#6917);
#5938=AXIS2_PLACEMENT_3D('',#9538,#6918,#6919);
#5939=AXIS2_PLACEMENT_3D('',#9539,#6920,#6921);
#5940=AXIS2_PLACEMENT_3D('',#9540,#6922,#6923);
#5941=AXIS2_PLACEMENT_3D('',#9542,#6924,#6925);
#5942=AXIS2_PLACEMENT_3D('',#9544,#6927,#6928);
#5943=AXIS2_PLACEMENT_3D('',#9546,#6929,#6930);
#5944=AXIS2_PLACEMENT_3D('',#9547,#6931,#6932);
#5945=AXIS2_PLACEMENT_3D('',#9548,#6933,#6934);
#5946=AXIS2_PLACEMENT_3D('',#9550,#6936,#6937);
#5947=AXIS2_PLACEMENT_3D('',#9553,#6939,#6940);
#5948=AXIS2_PLACEMENT_3D('',#9554,#6941,#6942);
#5949=AXIS2_PLACEMENT_3D('',#9558,#6945,#6946);
#5950=AXIS2_PLACEMENT_3D('',#9561,#6948,#6949);
#5951=AXIS2_PLACEMENT_3D('',#9562,#6950,#6951);
#5952=AXIS2_PLACEMENT_3D('',#9566,#6954,#6955);
#5953=AXIS2_PLACEMENT_3D('',#9567,#6956,#6957);
#5954=AXIS2_PLACEMENT_3D('',#9568,#6958,#6959);
#5955=AXIS2_PLACEMENT_3D('',#9570,#6960,#6961);
#5956=AXIS2_PLACEMENT_3D('',#9571,#6962,#6963);
#5957=AXIS2_PLACEMENT_3D('',#9572,#6964,#6965);
#5958=AXIS2_PLACEMENT_3D('',#9574,#6966,#6967);
#5959=AXIS2_PLACEMENT_3D('',#9576,#6969,#6970);
#5960=AXIS2_PLACEMENT_3D('',#9578,#6971,#6972);
#5961=AXIS2_PLACEMENT_3D('',#9579,#6973,#6974);
#5962=AXIS2_PLACEMENT_3D('',#9580,#6975,#6976);
#5963=AXIS2_PLACEMENT_3D('',#9582,#6977,#6978);
#5964=AXIS2_PLACEMENT_3D('',#9584,#6980,#6981);
#5965=AXIS2_PLACEMENT_3D('',#9586,#6982,#6983);
#5966=AXIS2_PLACEMENT_3D('',#9587,#6984,#6985);
#5967=AXIS2_PLACEMENT_3D('',#9588,#6986,#6987);
#5968=AXIS2_PLACEMENT_3D('',#9590,#6989,#6990);
#5969=AXIS2_PLACEMENT_3D('',#9593,#6992,#6993);
#5970=AXIS2_PLACEMENT_3D('',#9594,#6994,#6995);
#5971=AXIS2_PLACEMENT_3D('',#9598,#6998,#6999);
#5972=AXIS2_PLACEMENT_3D('',#9601,#7001,#7002);
#5973=AXIS2_PLACEMENT_3D('',#9602,#7003,#7004);
#5974=AXIS2_PLACEMENT_3D('',#9606,#7007,#7008);
#5975=AXIS2_PLACEMENT_3D('',#9609,#7010,#7011);
#5976=AXIS2_PLACEMENT_3D('',#9610,#7012,#7013);
#5977=AXIS2_PLACEMENT_3D('',#9614,#7016,#7017);
#5978=AXIS2_PLACEMENT_3D('',#9617,#7019,#7020);
#5979=AXIS2_PLACEMENT_3D('',#9618,#7021,#7022);
#5980=AXIS2_PLACEMENT_3D('',#9621,#7023,#7024);
#5981=AXIS2_PLACEMENT_3D('',#9622,#7025,#7026);
#5982=AXIS2_PLACEMENT_3D('',#9623,#7027,#7028);
#5983=AXIS2_PLACEMENT_3D('',#9624,#7029,#7030);
#5984=AXIS2_PLACEMENT_3D('',#9627,#7031,#7032);
#5985=AXIS2_PLACEMENT_3D('',#9630,#7035,#7036);
#5986=AXIS2_PLACEMENT_3D('',#9633,#7037,#7038);
#5987=AXIS2_PLACEMENT_3D('',#9634,#7039,#7040);
#5988=AXIS2_PLACEMENT_3D('',#9635,#7041,#7042);
#5989=AXIS2_PLACEMENT_3D('',#9636,#7043,#7044);
#5990=AXIS2_PLACEMENT_3D('',#9639,#7045,#7046);
#5991=AXIS2_PLACEMENT_3D('',#9642,#7049,#7050);
#5992=AXIS2_PLACEMENT_3D('',#9643,#7051,#7052);
#5993=AXIS2_PLACEMENT_3D('',#9644,#7053,#7054);
#5994=AXIS2_PLACEMENT_3D('',#9645,#7055,#7056);
#5995=AXIS2_PLACEMENT_3D('',#9651,#7060,#7061);
#5996=AXIS2_PLACEMENT_3D('',#9652,#7062,#7063);
#5997=AXIS2_PLACEMENT_3D('',#9653,#7064,#7065);
#5998=AXIS2_PLACEMENT_3D('',#9654,#7066,#7067);
#5999=AXIS2_PLACEMENT_3D('',#9656,#7069,#7070);
#6000=AXIS2_PLACEMENT_3D('',#9657,#7071,#7072);
#6001=AXIS2_PLACEMENT_3D('',#9661,#7075,#7076);
#6002=AXIS2_PLACEMENT_3D('',#9662,#7077,#7078);
#6003=AXIS2_PLACEMENT_3D('',#9663,#7079,#7080);
#6004=AXIS2_PLACEMENT_3D('',#9664,#7081,#7082);
#6005=AXIS2_PLACEMENT_3D('',#9665,#7083,#7084);
#6006=AXIS2_PLACEMENT_3D('',#9667,#7085,#7086);
#6007=AXIS2_PLACEMENT_3D('',#9669,#7088,#7089);
#6008=AXIS2_PLACEMENT_3D('',#9673,#7092,#7093);
#6009=AXIS2_PLACEMENT_3D('',#9675,#7094,#7095);
#6010=AXIS2_PLACEMENT_3D('',#9677,#7097,#7098);
#6011=AXIS2_PLACEMENT_3D('',#9679,#7100,#7101);
#6012=AXIS2_PLACEMENT_3D('',#9682,#7102,#7103);
#6013=AXIS2_PLACEMENT_3D('',#9686,#7105,#7106);
#6014=AXIS2_PLACEMENT_3D('',#9690,#7108,#7109);
#6015=AXIS2_PLACEMENT_3D('',#9694,#7111,#7112);
#6016=AXIS2_PLACEMENT_3D('',#9708,#7116,#7117);
#6017=AXIS2_PLACEMENT_3D('',#9717,#7120,#7121);
#6018=AXIS2_PLACEMENT_3D('',#9726,#7124,#7125);
#6019=AXIS2_PLACEMENT_3D('',#9738,#7128,#7129);
#6020=AXIS2_PLACEMENT_3D('',#9741,#7132,#7133);
#6021=AXIS2_PLACEMENT_3D('',#9752,#7136,#7137);
#6022=AXIS2_PLACEMENT_3D('',#9754,#7139,#7140);
#6023=AXIS2_PLACEMENT_3D('',#9765,#7143,#7144);
#6024=AXIS2_PLACEMENT_3D('',#9767,#7146,#7147);
#6025=AXIS2_PLACEMENT_3D('',#9779,#7150,#7151);
#6026=AXIS2_PLACEMENT_3D('',#9782,#7154,#7155);
#6027=AXIS2_PLACEMENT_3D('',#9792,#7158,#7159);
#6028=AXIS2_PLACEMENT_3D('',#9793,#7160,#7161);
#6029=AXIS2_PLACEMENT_3D('',#9796,#7162,#7163);
#6030=AXIS2_PLACEMENT_3D('',#9799,#7166,#7167);
#6031=AXIS2_PLACEMENT_3D('',#9801,#7169,#7170);
#6032=AXIS2_PLACEMENT_3D('',#9805,#7173,#7174);
#6033=AXIS2_PLACEMENT_3D('',#9806,#7175,#7176);
#6034=AXIS2_PLACEMENT_3D('',#9807,#7177,#7178);
#6035=AXIS2_PLACEMENT_3D('',#9809,#7180,#7181);
#6036=AXIS2_PLACEMENT_3D('',#9815,#7185,#7186);
#6037=AXIS2_PLACEMENT_3D('',#9817,#7187,#7188);
#6038=AXIS2_PLACEMENT_3D('',#9819,#7190,#7191);
#6039=AXIS2_PLACEMENT_3D('',#9823,#7194,#7195);
#6040=AXIS2_PLACEMENT_3D('',#9825,#7196,#7197);
#6041=AXIS2_PLACEMENT_3D('',#9827,#7199,#7200);
#6042=AXIS2_PLACEMENT_3D('',#9831,#7203,#7204);
#6043=AXIS2_PLACEMENT_3D('',#9833,#7205,#7206);
#6044=AXIS2_PLACEMENT_3D('',#9835,#7208,#7209);
#6045=AXIS2_PLACEMENT_3D('',#9839,#7212,#7213);
#6046=AXIS2_PLACEMENT_3D('',#9841,#7214,#7215);
#6047=AXIS2_PLACEMENT_3D('',#9843,#7217,#7218);
#6048=AXIS2_PLACEMENT_3D('',#9847,#7221,#7222);
#6049=AXIS2_PLACEMENT_3D('',#9849,#7223,#7224);
#6050=AXIS2_PLACEMENT_3D('',#9851,#7226,#7227);
#6051=AXIS2_PLACEMENT_3D('',#9855,#7230,#7231);
#6052=AXIS2_PLACEMENT_3D('',#9857,#7232,#7233);
#6053=AXIS2_PLACEMENT_3D('',#9859,#7235,#7236);
#6054=AXIS2_PLACEMENT_3D('',#9863,#7239,#7240);
#6055=AXIS2_PLACEMENT_3D('',#9865,#7241,#7242);
#6056=AXIS2_PLACEMENT_3D('',#9867,#7244,#7245);
#6057=AXIS2_PLACEMENT_3D('',#9871,#7248,#7249);
#6058=AXIS2_PLACEMENT_3D('',#9872,#7250,#7251);
#6059=AXIS2_PLACEMENT_3D('',#9873,#7252,#7253);
#6060=AXIS2_PLACEMENT_3D('',#9877,#7255,#7256);
#6061=AXIS2_PLACEMENT_3D('',#9880,#7258,#7259);
#6062=AXIS2_PLACEMENT_3D('',#9881,#7260,#7261);
#6063=AXIS2_PLACEMENT_3D('',#9885,#7263,#7264);
#6064=AXIS2_PLACEMENT_3D('',#9888,#7266,#7267);
#6065=AXIS2_PLACEMENT_3D('',#9889,#7268,#7269);
#6066=AXIS2_PLACEMENT_3D('',#9892,#7271,#7272);
#6067=AXIS2_PLACEMENT_3D('',#9893,#7273,#7274);
#6068=AXIS2_PLACEMENT_3D('',#9896,#7276,#7277);
#6069=AXIS2_PLACEMENT_3D('',#9897,#7278,#7279);
#6070=AXIS2_PLACEMENT_3D('',#9900,#7280,#7281);
#6071=AXIS2_PLACEMENT_3D('',#9902,#7282,#7283);
#6072=AXIS2_PLACEMENT_3D('',#9904,#7284,#7285);
#6073=AXIS2_PLACEMENT_3D('',#9906,#7286,#7287);
#6074=AXIS2_PLACEMENT_3D('',#9907,#7288,#7289);
#6075=AXIS2_PLACEMENT_3D('',#9908,#7290,#7291);
#6076=AXIS2_PLACEMENT_3D('',#9909,#7292,#7293);
#6077=AXIS2_PLACEMENT_3D('',#9912,#7294,#7295);
#6078=AXIS2_PLACEMENT_3D('',#9913,#7296,#7297);
#6079=AXIS2_PLACEMENT_3D('',#9915,#7299,#7300);
#6080=AXIS2_PLACEMENT_3D('',#9918,#7301,#7302);
#6081=AXIS2_PLACEMENT_3D('',#9919,#7303,#7304);
#6082=AXIS2_PLACEMENT_3D('',#9921,#7306,#7307);
#6083=AXIS2_PLACEMENT_3D('',#9924,#7308,#7309);
#6084=AXIS2_PLACEMENT_3D('',#9925,#7310,#7311);
#6085=AXIS2_PLACEMENT_3D('',#9926,#7312,#7313);
#6086=AXIS2_PLACEMENT_3D('',#9930,#7315,#7316);
#6087=AXIS2_PLACEMENT_3D('',#9931,#7317,#7318);
#6088=AXIS2_PLACEMENT_3D('',#9932,#7319,#7320);
#6089=AXIS2_PLACEMENT_3D('',#9933,#7321,#7322);
#6090=AXIS2_PLACEMENT_3D('',#9938,#7324,#7325);
#6091=AXIS2_PLACEMENT_3D('',#9942,#7327,#7328);
#6092=AXIS2_PLACEMENT_3D('',#9946,#7330,#7331);
#6093=AXIS2_PLACEMENT_3D('',#9949,#7333,#7334);
#6094=AXIS2_PLACEMENT_3D('',#9950,#7335,#7336);
#6095=AXIS2_PLACEMENT_3D('',#9953,#7339,#7340);
#6096=AXIS2_PLACEMENT_3D('',#9955,#7342,#7343);
#6097=AXIS2_PLACEMENT_3D('',#9957,#7345,#7346);
#6098=AXIS2_PLACEMENT_3D('',#9959,#7348,#7349);
#6099=AXIS2_PLACEMENT_3D('',#9961,#7351,#7352);
#6100=AXIS2_PLACEMENT_3D('',#9963,#7354,#7355);
#6101=AXIS2_PLACEMENT_3D('',#9965,#7357,#7358);
#6102=AXIS2_PLACEMENT_3D('placement',#9966,#7359,#7360);
#6103=AXIS2_PLACEMENT_3D('',#9967,#7361,#7362);
#6104=AXIS2_PLACEMENT_3D('',#9970,#7363,#7364);
#6105=AXIS2_PLACEMENT_3D('',#9972,#7365,#7366);
#6106=AXIS2_PLACEMENT_3D('',#9973,#7367,#7368);
#6107=AXIS2_PLACEMENT_3D('',#9974,#7369,#7370);
#6108=AXIS2_PLACEMENT_3D('',#9977,#7371,#7372);
#6109=AXIS2_PLACEMENT_3D('',#10018,#7375,#7376);
#6110=AXIS2_PLACEMENT_3D('',#10019,#7377,#7378);
#6111=AXIS2_PLACEMENT_3D('',#10020,#7379,#7380);
#6112=AXIS2_PLACEMENT_3D('',#10021,#7381,#7382);
#6113=AXIS2_PLACEMENT_3D('',#10024,#7383,#7384);
#6114=AXIS2_PLACEMENT_3D('',#10027,#7387,#7388);
#6115=AXIS2_PLACEMENT_3D('',#10030,#7389,#7390);
#6116=AXIS2_PLACEMENT_3D('',#10033,#7393,#7394);
#6117=AXIS2_PLACEMENT_3D('',#10036,#7395,#7396);
#6118=AXIS2_PLACEMENT_3D('',#10039,#7399,#7400);
#6119=AXIS2_PLACEMENT_3D('',#10041,#7401,#7402);
#6120=AXIS2_PLACEMENT_3D('',#10045,#7404,#7405);
#6121=AXIS2_PLACEMENT_3D('',#10047,#7407,#7408);
#6122=AXIS2_PLACEMENT_3D('',#10049,#7409,#7410);
#6123=AXIS2_PLACEMENT_3D('',#10051,#7411,#7412);
#6124=AXIS2_PLACEMENT_3D('',#10062,#7413,#7414);
#6125=AXIS2_PLACEMENT_3D('',#10066,#7416,#7417);
#6126=AXIS2_PLACEMENT_3D('',#10081,#7419,#7420);
#6127=AXIS2_PLACEMENT_3D('',#10116,#7423,#7424);
#6128=AXIS2_PLACEMENT_3D('',#10118,#7425,#7426);
#6129=AXIS2_PLACEMENT_3D('',#10152,#7429,#7430);
#6130=AXIS2_PLACEMENT_3D('',#10153,#7431,#7432);
#6131=AXIS2_PLACEMENT_3D('',#10156,#7434,#7435);
#6132=AXIS2_PLACEMENT_3D('',#10157,#7436,#7437);
#6133=AXIS2_PLACEMENT_3D('',#10159,#7439,#7440);
#6134=AXIS2_PLACEMENT_3D('',#10162,#7442,#7443);
#6135=AXIS2_PLACEMENT_3D('',#10163,#7444,#7445);
#6136=AXIS2_PLACEMENT_3D('',#10171,#7449,#7450);
#6137=AXIS2_PLACEMENT_3D('',#10173,#7451,#7452);
#6138=AXIS2_PLACEMENT_3D('',#10174,#7453,#7454);
#6139=AXIS2_PLACEMENT_3D('',#10175,#7455,#7456);
#6140=AXIS2_PLACEMENT_3D('',#10178,#7457,#7458);
#6141=AXIS2_PLACEMENT_3D('',#10180,#7459,#7460);
#6142=AXIS2_PLACEMENT_3D('',#10181,#7461,#7462);
#6143=AXIS2_PLACEMENT_3D('',#10182,#7463,#7464);
#6144=AXIS2_PLACEMENT_3D('',#10185,#7465,#7466);
#6145=AXIS2_PLACEMENT_3D('',#10225,#7469,#7470);
#6146=AXIS2_PLACEMENT_3D('',#10226,#7471,#7472);
#6147=AXIS2_PLACEMENT_3D('',#10227,#7473,#7474);
#6148=AXIS2_PLACEMENT_3D('',#10228,#7475,#7476);
#6149=AXIS2_PLACEMENT_3D('',#10230,#7477,#7478);
#6150=AXIS2_PLACEMENT_3D('',#10232,#7480,#7481);
#6151=AXIS2_PLACEMENT_3D('',#10235,#7482,#7483);
#6152=AXIS2_PLACEMENT_3D('',#10238,#7486,#7487);
#6153=AXIS2_PLACEMENT_3D('',#10241,#7488,#7489);
#6154=AXIS2_PLACEMENT_3D('',#10244,#7492,#7493);
#6155=AXIS2_PLACEMENT_3D('',#10249,#7495,#7496);
#6156=AXIS2_PLACEMENT_3D('',#10251,#7498,#7499);
#6157=AXIS2_PLACEMENT_3D('',#10252,#7500,#7501);
#6158=AXIS2_PLACEMENT_3D('',#10253,#7502,#7503);
#6159=AXIS2_PLACEMENT_3D('',#10254,#7504,#7505);
#6160=AXIS2_PLACEMENT_3D('',#10255,#7506,#7507);
#6161=AXIS2_PLACEMENT_3D('',#10259,#7509,#7510);
#6162=AXIS2_PLACEMENT_3D('',#10263,#7512,#7513);
#6163=AXIS2_PLACEMENT_3D('',#10266,#7516,#7517);
#6164=AXIS2_PLACEMENT_3D('',#10268,#7518,#7519);
#6165=AXIS2_PLACEMENT_3D('',#10271,#7521,#7522);
#6166=AXIS2_PLACEMENT_3D('',#10272,#7523,#7524);
#6167=AXIS2_PLACEMENT_3D('',#10273,#7525,#7526);
#6168=AXIS2_PLACEMENT_3D('',#10274,#7527,#7528);
#6169=AXIS2_PLACEMENT_3D('',#10290,#7529,#7530);
#6170=AXIS2_PLACEMENT_3D('',#10291,#7531,#7532);
#6171=AXIS2_PLACEMENT_3D('',#10293,#7533,#7534);
#6172=AXIS2_PLACEMENT_3D('',#10294,#7535,#7536);
#6173=AXIS2_PLACEMENT_3D('',#10295,#7537,#7538);
#6174=AXIS2_PLACEMENT_3D('',#10297,#7540,#7541);
#6175=AXIS2_PLACEMENT_3D('',#10299,#7543,#7544);
#6176=AXIS2_PLACEMENT_3D('',#10300,#7545,#7546);
#6177=AXIS2_PLACEMENT_3D('',#10302,#7548,#7549);
#6178=AXIS2_PLACEMENT_3D('',#10304,#7550,#7551);
#6179=AXIS2_PLACEMENT_3D('',#10307,#7553,#7554);
#6180=AXIS2_PLACEMENT_3D('',#10308,#7555,#7556);
#6181=AXIS2_PLACEMENT_3D('',#10310,#7557,#7558);
#6182=AXIS2_PLACEMENT_3D('',#10313,#7560,#7561);
#6183=AXIS2_PLACEMENT_3D('',#10314,#7562,#7563);
#6184=AXIS2_PLACEMENT_3D('',#10316,#7565,#7566);
#6185=AXIS2_PLACEMENT_3D('',#10317,#7567,#7568);
#6186=AXIS2_PLACEMENT_3D('',#10318,#7569,#7570);
#6187=AXIS2_PLACEMENT_3D('',#10347,#7571,#7572);
#6188=AXIS2_PLACEMENT_3D('',#10349,#7573,#7574);
#6189=AXIS2_PLACEMENT_3D('',#10350,#7575,#7576);
#6190=AXIS2_PLACEMENT_3D('',#10351,#7577,#7578);
#6191=AXIS2_PLACEMENT_3D('',#10352,#7579,#7580);
#6192=AXIS2_PLACEMENT_3D('',#10353,#7581,#7582);
#6193=AXIS2_PLACEMENT_3D('',#10354,#7583,#7584);
#6194=AXIS2_PLACEMENT_3D('',#10359,#7587,#7588);
#6195=AXIS2_PLACEMENT_3D('',#10360,#7589,#7590);
#6196=AXIS2_PLACEMENT_3D('',#10364,#7592,#7593);
#6197=AXIS2_PLACEMENT_3D('',#10366,#7595,#7596);
#6198=AXIS2_PLACEMENT_3D('',#10367,#7597,#7598);
#6199=AXIS2_PLACEMENT_3D('',#10396,#7599,#7600);
#6200=AXIS2_PLACEMENT_3D('',#10398,#7601,#7602);
#6201=AXIS2_PLACEMENT_3D('',#10399,#7603,#7604);
#6202=AXIS2_PLACEMENT_3D('',#10400,#7605,#7606);
#6203=AXIS2_PLACEMENT_3D('',#10401,#7607,#7608);
#6204=AXIS2_PLACEMENT_3D('',#10402,#7609,#7610);
#6205=AXIS2_PLACEMENT_3D('',#10403,#7611,#7612);
#6206=AXIS2_PLACEMENT_3D('',#10407,#7614,#7615);
#6207=AXIS2_PLACEMENT_3D('',#10409,#7617,#7618);
#6208=AXIS2_PLACEMENT_3D('',#10413,#7621,#7622);
#6209=AXIS2_PLACEMENT_3D('',#10416,#7624,#7625);
#6210=AXIS2_PLACEMENT_3D('',#10417,#7626,#7627);
#6211=AXIS2_PLACEMENT_3D('',#10421,#7630,#7631);
#6212=AXIS2_PLACEMENT_3D('',#10424,#7633,#7634);
#6213=AXIS2_PLACEMENT_3D('',#10425,#7635,#7636);
#6214=AXIS2_PLACEMENT_3D('',#10429,#7639,#7640);
#6215=AXIS2_PLACEMENT_3D('',#10432,#7642,#7643);
#6216=AXIS2_PLACEMENT_3D('',#10433,#7644,#7645);
#6217=AXIS2_PLACEMENT_3D('',#10435,#7647,#7648);
#6218=AXIS2_PLACEMENT_3D('',#10436,#7649,#7650);
#6219=AXIS2_PLACEMENT_3D('',#10437,#7651,#7652);
#6220=AXIS2_PLACEMENT_3D('',#10438,#7653,#7654);
#6221=DIRECTION('axis',(0.,0.,1.));
#6222=DIRECTION('refdir',(1.,0.,0.));
#6223=DIRECTION('axis',(0.,0.,1.));
#6224=DIRECTION('refdir',(1.,0.,0.));
#6225=DIRECTION('center_axis',(0.,0.,1.));
#6226=DIRECTION('ref_axis',(0.,1.,0.));
#6227=DIRECTION('center_axis',(0.,0.,-1.));
#6228=DIRECTION('ref_axis',(0.,1.,0.));
#6229=DIRECTION('',(0.,0.,1.));
#6230=DIRECTION('center_axis',(0.,0.,-1.));
#6231=DIRECTION('ref_axis',(-1.,-1.83697019872103E-16,0.));
#6232=DIRECTION('',(0.,0.,1.));
#6233=DIRECTION('center_axis',(0.,-1.,0.));
#6234=DIRECTION('ref_axis',(0.,0.,-1.));
#6235=DIRECTION('',(-1.,0.,0.));
#6236=DIRECTION('',(0.,0.,1.));
#6237=DIRECTION('',(-1.,0.,0.));
#6238=DIRECTION('center_axis',(0.,0.,1.));
#6239=DIRECTION('ref_axis',(0.,-1.,0.));
#6240=DIRECTION('center_axis',(0.,0.,-1.));
#6241=DIRECTION('ref_axis',(0.,-1.,0.));
#6242=DIRECTION('',(0.,0.,1.));
#6243=DIRECTION('center_axis',(0.,0.,-1.));
#6244=DIRECTION('ref_axis',(1.,1.83697019872103E-16,0.));
#6245=DIRECTION('center_axis',(0.,1.,0.));
#6246=DIRECTION('ref_axis',(0.,0.,1.));
#6247=DIRECTION('',(1.,0.,0.));
#6248=DIRECTION('',(1.,0.,0.));
#6249=DIRECTION('center_axis',(0.,0.,1.));
#6250=DIRECTION('ref_axis',(1.,0.,0.));
#6251=DIRECTION('center_axis',(0.,0.,1.));
#6252=DIRECTION('ref_axis',(1.,0.,0.));
#6253=DIRECTION('axis',(0.,0.,1.));
#6254=DIRECTION('refdir',(1.,0.,0.));
#6255=DIRECTION('center_axis',(0.,0.,1.));
#6256=DIRECTION('ref_axis',(1.,0.,0.));
#6257=DIRECTION('center_axis',(0.,0.,-1.));
#6258=DIRECTION('ref_axis',(0.,1.,0.));
#6259=DIRECTION('center_axis',(0.,0.,-1.));
#6260=DIRECTION('ref_axis',(0.,1.,0.));
#6261=DIRECTION('center_axis',(0.,0.,-1.));
#6262=DIRECTION('ref_axis',(0.,1.,0.));
#6263=DIRECTION('center_axis',(0.,0.,-1.));
#6264=DIRECTION('ref_axis',(0.,1.,0.));
#6265=DIRECTION('center_axis',(0.,0.,-1.));
#6266=DIRECTION('ref_axis',(0.,1.,0.));
#6267=DIRECTION('',(3.16961915143177E-17,0.258819045102521,0.965925826289068));
#6268=DIRECTION('center_axis',(0.,0.,-1.));
#6269=DIRECTION('ref_axis',(0.,1.,0.));
#6270=DIRECTION('center_axis',(0.,0.,-1.));
#6271=DIRECTION('ref_axis',(0.,1.,0.));
#6272=DIRECTION('center_axis',(0.,0.,-1.));
#6273=DIRECTION('ref_axis',(0.,1.,0.));
#6274=DIRECTION('',(0.,0.,1.));
#6275=DIRECTION('center_axis',(0.,0.,1.));
#6276=DIRECTION('ref_axis',(0.,1.,0.));
#6277=DIRECTION('center_axis',(0.,0.,-1.));
#6278=DIRECTION('ref_axis',(0.,1.,0.));
#6279=DIRECTION('center_axis',(0.,0.,-1.));
#6280=DIRECTION('ref_axis',(0.,1.,0.));
#6281=DIRECTION('',(-3.16961915143177E-17,-0.258819045102521,0.965925826289068));
#6282=DIRECTION('center_axis',(0.,0.,-1.));
#6283=DIRECTION('ref_axis',(0.,1.,0.));
#6284=DIRECTION('center_axis',(0.,0.,-1.));
#6285=DIRECTION('ref_axis',(-1.,0.,0.));
#6286=DIRECTION('center_axis',(-1.22464679914735E-16,-1.,0.));
#6287=DIRECTION('ref_axis',(1.,-1.22464679914735E-16,0.));
#6288=DIRECTION('center_axis',(0.,0.,-1.));
#6289=DIRECTION('ref_axis',(0.,1.,0.));
#6290=DIRECTION('center_axis',(0.,0.,-1.));
#6291=DIRECTION('ref_axis',(0.,1.,0.));
#6292=DIRECTION('center_axis',(0.,0.,-1.));
#6293=DIRECTION('ref_axis',(0.,1.,0.));
#6294=DIRECTION('center_axis',(0.,0.,-1.));
#6295=DIRECTION('ref_axis',(0.,1.,0.));
#6296=DIRECTION('center_axis',(0.,0.,-1.));
#6297=DIRECTION('ref_axis',(0.,1.,0.));
#6298=DIRECTION('center_axis',(0.,0.,-1.));
#6299=DIRECTION('ref_axis',(0.,1.,0.));
#6300=DIRECTION('',(0.,0.,1.));
#6301=DIRECTION('center_axis',(0.,0.,-1.));
#6302=DIRECTION('ref_axis',(0.,1.,0.));
#6303=DIRECTION('center_axis',(0.,0.,-1.));
#6304=DIRECTION('ref_axis',(-1.,0.,0.));
#6305=DIRECTION('center_axis',(-1.22464679914735E-16,-1.,0.));
#6306=DIRECTION('ref_axis',(1.,-1.22464679914735E-16,0.));
#6307=DIRECTION('center_axis',(0.,0.,-1.));
#6308=DIRECTION('ref_axis',(0.,1.,0.));
#6309=DIRECTION('center_axis',(0.,0.,-1.));
#6310=DIRECTION('ref_axis',(0.,1.,0.));
#6311=DIRECTION('center_axis',(0.,0.,1.));
#6312=DIRECTION('ref_axis',(1.,0.,0.));
#6313=DIRECTION('center_axis',(0.,0.,-1.));
#6314=DIRECTION('ref_axis',(0.,1.,0.));
#6315=DIRECTION('center_axis',(0.,0.,-1.));
#6316=DIRECTION('ref_axis',(0.,1.,0.));
#6317=DIRECTION('center_axis',(0.,0.,-1.));
#6318=DIRECTION('ref_axis',(0.,1.,0.));
#6319=DIRECTION('center_axis',(0.,0.,-1.));
#6320=DIRECTION('ref_axis',(0.,1.,0.));
#6321=DIRECTION('center_axis',(0.,0.,-1.));
#6322=DIRECTION('ref_axis',(0.,1.,0.));
#6323=DIRECTION('',(0.,0.,1.));
#6324=DIRECTION('center_axis',(-1.,-1.80447222917585E-15,-7.36416191719191E-16));
#6325=DIRECTION('ref_axis',(-1.80447222917585E-15,1.,4.62148418104013E-16));
#6326=DIRECTION('center_axis',(-1.,-1.80447222917585E-15,-7.36416191719191E-16));
#6327=DIRECTION('ref_axis',(-1.80447222917585E-15,1.,4.62148418104013E-16));
#6328=DIRECTION('',(-1.,-1.80447222917585E-15,-7.36416191719191E-16));
#6329=DIRECTION('center_axis',(-1.,-1.80447222917585E-15,-7.36416191719191E-16));
#6330=DIRECTION('ref_axis',(-1.80447222917585E-15,1.,4.62148418104013E-16));
#6331=DIRECTION('center_axis',(1.,1.80447222917585E-15,7.36416191719191E-16));
#6332=DIRECTION('ref_axis',(-7.3641619171919E-16,-4.62148418104014E-16,
1.));
#6333=DIRECTION('center_axis',(-1.80447222917585E-15,1.,4.62148418104013E-16));
#6334=DIRECTION('ref_axis',(-1.,-1.80447222917585E-15,-7.36416191719191E-16));
#6335=DIRECTION('',(-1.,-1.80447222917585E-15,-7.36416191719191E-16));
#6336=DIRECTION('',(-7.3641619171919E-16,-4.62148418104014E-16,1.));
#6337=DIRECTION('',(-1.,-1.80447222917585E-15,-7.36416191719191E-16));
#6338=DIRECTION('',(-7.3641619171919E-16,-4.62148418104014E-16,1.));
#6339=DIRECTION('center_axis',(1.,1.80447222917585E-15,7.36416191719191E-16));
#6340=DIRECTION('ref_axis',(-1.80447222917585E-15,1.,4.62148418104013E-16));
#6341=DIRECTION('',(-1.80447222917585E-15,1.,4.62148418104013E-16));
#6342=DIRECTION('',(-7.3641619171919E-16,-4.62148418104014E-16,1.));
#6343=DIRECTION('',(-1.80447222917585E-15,1.,4.62148418104013E-16));
#6344=DIRECTION('center_axis',(-1.80447222917585E-15,1.,4.62148418104013E-16));
#6345=DIRECTION('ref_axis',(-1.,-1.80447222917585E-15,-7.36416191719191E-16));
#6346=DIRECTION('',(-1.,-1.80447222917585E-15,-7.36416191719191E-16));
#6347=DIRECTION('',(-7.3641619171919E-16,-4.62148418104014E-16,1.));
#6348=DIRECTION('',(-1.,-1.80447222917585E-15,-7.36416191719191E-16));
#6349=DIRECTION('center_axis',(1.,1.80447222917585E-15,7.36416191719191E-16));
#6350=DIRECTION('ref_axis',(-1.80447222917585E-15,1.,4.62148418104013E-16));
#6351=DIRECTION('',(-1.80447222917585E-15,1.,4.62148418104013E-16));
#6352=DIRECTION('',(-7.3641619171919E-16,-4.62148418104014E-16,1.));
#6353=DIRECTION('',(-1.80447222917585E-15,1.,4.62148418104013E-16));
#6354=DIRECTION('center_axis',(1.80447222917585E-15,-1.,-4.62148418104013E-16));
#6355=DIRECTION('ref_axis',(1.,1.80447222917585E-15,7.36416191719191E-16));
#6356=DIRECTION('',(1.,1.80447222917585E-15,7.36416191719191E-16));
#6357=DIRECTION('',(-7.3641619171919E-16,-4.62148418104014E-16,1.));
#6358=DIRECTION('',(1.,1.80447222917585E-15,7.36416191719191E-16));
#6359=DIRECTION('center_axis',(1.,1.80447222917585E-15,7.36416191719191E-16));
#6360=DIRECTION('ref_axis',(-1.80447222917585E-15,1.,4.62148418104013E-16));
#6361=DIRECTION('',(-1.80447222917585E-15,1.,4.62148418104013E-16));
#6362=DIRECTION('',(-7.3641619171919E-16,-4.62148418104014E-16,1.));
#6363=DIRECTION('',(-1.80447222917585E-15,1.,4.62148418104013E-16));
#6364=DIRECTION('center_axis',(-1.80447222917585E-15,1.,4.62148418104013E-16));
#6365=DIRECTION('ref_axis',(-1.,-1.80447222917585E-15,-7.36416191719191E-16));
#6366=DIRECTION('',(-1.,-1.80447222917585E-15,-7.36416191719191E-16));
#6367=DIRECTION('',(-7.3641619171919E-16,-4.62148418104014E-16,1.));
#6368=DIRECTION('',(-1.,-1.80447222917585E-15,-7.36416191719191E-16));
#6369=DIRECTION('center_axis',(1.,1.80447222917585E-15,7.36416191719191E-16));
#6370=DIRECTION('ref_axis',(-1.80447222917585E-15,1.,4.62148418104013E-16));
#6371=DIRECTION('',(-1.80447222917585E-15,1.,4.62148418104013E-16));
#6372=DIRECTION('',(-7.3641619171919E-16,-4.62148418104014E-16,1.));
#6373=DIRECTION('',(-1.80447222917585E-15,1.,4.62148418104013E-16));
#6374=DIRECTION('center_axis',(1.80447222917585E-15,-1.,-4.62148418104013E-16));
#6375=DIRECTION('ref_axis',(1.,1.80447222917585E-15,7.36416191719191E-16));
#6376=DIRECTION('',(1.,1.80447222917585E-15,7.36416191719191E-16));
#6377=DIRECTION('',(-7.3641619171919E-16,-4.62148418104014E-16,1.));
#6378=DIRECTION('',(1.,1.80447222917585E-15,7.36416191719191E-16));
#6379=DIRECTION('center_axis',(-1.,-1.80447222917585E-15,-7.36416191719191E-16));
#6380=DIRECTION('ref_axis',(1.80447222917585E-15,-1.,-4.62148418104013E-16));
#6381=DIRECTION('',(1.80447222917585E-15,-1.,-4.62148418104013E-16));
#6382=DIRECTION('',(1.80447222917585E-15,-1.,-4.62148418104013E-16));
#6383=DIRECTION('center_axis',(-7.3641619171919E-16,-4.62148418104014E-16,
1.));
#6384=DIRECTION('ref_axis',(1.80447222917585E-15,-1.,-4.62148418104013E-16));
#6385=DIRECTION('',(-7.3641619171919E-16,-4.62148418104014E-16,1.));
#6386=DIRECTION('',(-7.3641619171919E-16,-4.62148418104014E-16,1.));
#6387=DIRECTION('',(-7.3641619171919E-16,-4.62148418104014E-16,1.));
#6388=DIRECTION('',(-7.3641619171919E-16,-4.62148418104014E-16,1.));
#6389=DIRECTION('',(-7.3641619171919E-16,-4.62148418104014E-16,1.));
#6390=DIRECTION('',(-7.3641619171919E-16,-4.62148418104014E-16,1.));
#6391=DIRECTION('',(-7.3641619171919E-16,-4.62148418104014E-16,1.));
#6392=DIRECTION('',(-7.3641619171919E-16,-4.62148418104014E-16,1.));
#6393=DIRECTION('',(-7.3641619171919E-16,-4.62148418104014E-16,1.));
#6394=DIRECTION('',(-7.3641619171919E-16,-4.62148418104014E-16,1.));
#6395=DIRECTION('',(-7.3641619171919E-16,-4.62148418104014E-16,1.));
#6396=DIRECTION('',(-7.3641619171919E-16,-4.62148418104014E-16,1.));
#6397=DIRECTION('center_axis',(-7.3641619171919E-16,-4.62148418104014E-16,
1.));
#6398=DIRECTION('ref_axis',(1.80447222917585E-15,-1.,-4.62148418104013E-16));
#6399=DIRECTION('center_axis',(-1.80447222917585E-15,1.,4.62148418104013E-16));
#6400=DIRECTION('ref_axis',(-1.,-1.80447222917585E-15,-7.36416191719191E-16));
#6401=DIRECTION('',(-1.,-1.80447222917585E-15,-7.36416191719191E-16));
#6402=DIRECTION('',(-7.3641619171919E-16,-4.62148418104014E-16,1.));
#6403=DIRECTION('',(-1.,-1.80447222917585E-15,-7.36416191719191E-16));
#6404=DIRECTION('',(-7.3641619171919E-16,-4.62148418104014E-16,1.));
#6405=DIRECTION('center_axis',(1.,1.80447222917585E-15,7.36416191719191E-16));
#6406=DIRECTION('ref_axis',(-1.80447222917585E-15,1.,4.62148418104013E-16));
#6407=DIRECTION('',(-1.80447222917585E-15,1.,4.62148418104013E-16));
#6408=DIRECTION('',(-7.3641619171919E-16,-4.62148418104014E-16,1.));
#6409=DIRECTION('',(-1.80447222917585E-15,1.,4.62148418104013E-16));
#6410=DIRECTION('center_axis',(0.858025621238642,0.513606885952712,8.69226570260428E-16));
#6411=DIRECTION('ref_axis',(-0.513606885952712,0.858025621238642,1.83067565541035E-17));
#6412=DIRECTION('',(-0.513606885952712,0.858025621238642,1.83067565541035E-17));
#6413=DIRECTION('',(-7.3641619171919E-16,-4.62148418104014E-16,1.));
#6414=DIRECTION('',(-0.513606885952712,0.858025621238642,1.83067565541035E-17));
#6415=DIRECTION('center_axis',(-0.916987672278442,0.398915541047683,-4.90926383220441E-16));
#6416=DIRECTION('ref_axis',(-0.398915541047683,-0.916987672278442,-7.17552265720299E-16));
#6417=DIRECTION('',(-0.398915541047683,-0.916987672278442,-7.17552265720299E-16));
#6418=DIRECTION('',(-7.3641619171919E-16,-4.62148418104014E-16,1.));
#6419=DIRECTION('',(-0.398915541047683,-0.916987672278442,-7.17552265720299E-16));
#6420=DIRECTION('center_axis',(-1.80447222917585E-15,1.,4.62148418104013E-16));
#6421=DIRECTION('ref_axis',(-1.,-1.80447222917585E-15,-7.36416191719191E-16));
#6422=DIRECTION('',(-1.,-1.80447222917585E-15,-7.36416191719191E-16));
#6423=DIRECTION('',(-7.3641619171919E-16,-4.62148418104014E-16,1.));
#6424=DIRECTION('',(-1.,-1.80447222917585E-15,-7.36416191719191E-16));
#6425=DIRECTION('center_axis',(0.908701655158407,-0.41744616648422,4.76260526816412E-16));
#6426=DIRECTION('ref_axis',(0.41744616648422,0.908701655158407,7.27369148630042E-16));
#6427=DIRECTION('',(0.41744616648422,0.908701655158407,7.27369148630042E-16));
#6428=DIRECTION('',(-7.3641619171919E-16,-4.62148418104014E-16,1.));
#6429=DIRECTION('',(0.41744616648422,0.908701655158407,7.27369148630042E-16));
#6430=DIRECTION('center_axis',(0.85450798851313,0.519438251929183,8.69331085126251E-16));
#6431=DIRECTION('ref_axis',(-0.519438251929183,0.854507988513129,1.23867758296235E-17));
#6432=DIRECTION('',(-0.519438251929183,0.854507988513129,1.23867758296235E-17));
#6433=DIRECTION('',(-7.3641619171919E-16,-4.62148418104014E-16,1.));
#6434=DIRECTION('',(-0.519438251929183,0.854507988513129,1.23867758296235E-17));
#6435=DIRECTION('center_axis',(1.80447222917585E-15,-1.,-4.62148418104013E-16));
#6436=DIRECTION('ref_axis',(1.,1.80447222917585E-15,7.36416191719191E-16));
#6437=DIRECTION('',(1.,1.80447222917585E-15,7.36416191719191E-16));
#6438=DIRECTION('',(-7.3641619171919E-16,-4.62148418104014E-16,1.));
#6439=DIRECTION('',(1.,1.80447222917585E-15,7.36416191719191E-16));
#6440=DIRECTION('center_axis',(-0.878145898484485,-0.478392914846026,-8.6776938716403E-16));
#6441=DIRECTION('ref_axis',(0.478392914846026,-0.878145898484485,-5.35374493527794E-17));
#6442=DIRECTION('',(0.478392914846026,-0.878145898484485,-5.35374493527794E-17));
#6443=DIRECTION('',(-7.3641619171919E-16,-4.62148418104014E-16,1.));
#6444=DIRECTION('',(0.478392914846026,-0.878145898484485,-5.35374493527794E-17));
#6445=DIRECTION('center_axis',(1.,1.80447222917585E-15,7.36416191719191E-16));
#6446=DIRECTION('ref_axis',(-1.80447222917585E-15,1.,4.62148418104013E-16));
#6447=DIRECTION('',(-1.80447222917585E-15,1.,4.62148418104013E-16));
#6448=DIRECTION('',(-7.3641619171919E-16,-4.62148418104014E-16,1.));
#6449=DIRECTION('',(-1.80447222917585E-15,1.,4.62148418104013E-16));
#6450=DIRECTION('center_axis',(1.80447222917585E-15,-1.,-4.62148418104013E-16));
#6451=DIRECTION('ref_axis',(1.,1.80447222917585E-15,7.36416191719191E-16));
#6452=DIRECTION('',(1.,1.80447222917585E-15,7.36416191719191E-16));
#6453=DIRECTION('',(-7.3641619171919E-16,-4.62148418104014E-16,1.));
#6454=DIRECTION('',(1.,1.80447222917585E-15,7.36416191719191E-16));
#6455=DIRECTION('center_axis',(-1.,-1.80447222917585E-15,-7.36416191719191E-16));
#6456=DIRECTION('ref_axis',(1.80447222917585E-15,-1.,-4.62148418104013E-16));
#6457=DIRECTION('',(1.80447222917585E-15,-1.,-4.62148418104013E-16));
#6458=DIRECTION('',(1.80447222917585E-15,-1.,-4.62148418104013E-16));
#6459=DIRECTION('center_axis',(-7.3641619171919E-16,-4.62148418104014E-16,
1.));
#6460=DIRECTION('ref_axis',(1.80447222917585E-15,-1.,-4.62148418104013E-16));
#6461=DIRECTION('center_axis',(-1.80447222917585E-15,1.,4.62148418104013E-16));
#6462=DIRECTION('ref_axis',(-1.,-1.80447222917585E-15,-7.36416191719191E-16));
#6463=DIRECTION('',(-1.,-1.80447222917585E-15,-7.36416191719191E-16));
#6464=DIRECTION('',(-7.3641619171919E-16,-4.62148418104014E-16,1.));
#6465=DIRECTION('',(-1.,-1.80447222917585E-15,-7.36416191719191E-16));
#6466=DIRECTION('',(-7.3641619171919E-16,-4.62148418104014E-16,1.));
#6467=DIRECTION('center_axis',(1.,1.80447222917585E-15,7.36416191719191E-16));
#6468=DIRECTION('ref_axis',(-1.80447222917585E-15,1.,4.62148418104013E-16));
#6469=DIRECTION('',(-1.80447222917585E-15,1.,4.62148418104013E-16));
#6470=DIRECTION('',(-7.3641619171919E-16,-4.62148418104014E-16,1.));
#6471=DIRECTION('',(-1.80447222917585E-15,1.,4.62148418104013E-16));
#6472=DIRECTION('center_axis',(1.80447222917585E-15,-1.,-4.62148418104013E-16));
#6473=DIRECTION('ref_axis',(1.,1.80447222917585E-15,7.36416191719191E-16));
#6474=DIRECTION('',(1.,1.80447222917585E-15,7.36416191719191E-16));
#6475=DIRECTION('',(-7.3641619171919E-16,-4.62148418104014E-16,1.));
#6476=DIRECTION('',(1.,1.80447222917585E-15,7.36416191719191E-16));
#6477=DIRECTION('center_axis',(1.,1.80447222917585E-15,7.36416191719191E-16));
#6478=DIRECTION('ref_axis',(-1.80447222917585E-15,1.,4.62148418104013E-16));
#6479=DIRECTION('',(-1.80447222917585E-15,1.,4.62148418104013E-16));
#6480=DIRECTION('',(-7.3641619171919E-16,-4.62148418104014E-16,1.));
#6481=DIRECTION('',(-1.80447222917585E-15,1.,4.62148418104013E-16));
#6482=DIRECTION('center_axis',(-1.80447222917585E-15,1.,4.62148418104013E-16));
#6483=DIRECTION('ref_axis',(-1.,-1.80447222917585E-15,-7.36416191719191E-16));
#6484=DIRECTION('',(-1.,-1.80447222917585E-15,-7.36416191719191E-16));
#6485=DIRECTION('',(-7.3641619171919E-16,-4.62148418104014E-16,1.));
#6486=DIRECTION('',(-1.,-1.80447222917585E-15,-7.36416191719191E-16));
#6487=DIRECTION('center_axis',(1.,1.80447222917585E-15,7.36416191719191E-16));
#6488=DIRECTION('ref_axis',(-1.80447222917585E-15,1.,4.62148418104013E-16));
#6489=DIRECTION('',(-1.80447222917585E-15,1.,4.62148418104013E-16));
#6490=DIRECTION('',(-7.3641619171919E-16,-4.62148418104014E-16,1.));
#6491=DIRECTION('',(-1.80447222917585E-15,1.,4.62148418104013E-16));
#6492=DIRECTION('center_axis',(1.80447222917585E-15,-1.,-4.62148418104013E-16));
#6493=DIRECTION('ref_axis',(1.,1.80447222917585E-15,7.36416191719191E-16));
#6494=DIRECTION('',(1.,1.80447222917585E-15,7.36416191719191E-16));
#6495=DIRECTION('',(-7.3641619171919E-16,-4.62148418104014E-16,1.));
#6496=DIRECTION('',(1.,1.80447222917585E-15,7.36416191719191E-16));
#6497=DIRECTION('center_axis',(1.,1.80447222917585E-15,7.36416191719191E-16));
#6498=DIRECTION('ref_axis',(-1.80447222917585E-15,1.,4.62148418104013E-16));
#6499=DIRECTION('',(-1.80447222917585E-15,1.,4.62148418104013E-16));
#6500=DIRECTION('',(-7.3641619171919E-16,-4.62148418104014E-16,1.));
#6501=DIRECTION('',(-1.80447222917585E-15,1.,4.62148418104013E-16));
#6502=DIRECTION('center_axis',(-1.80447222917585E-15,1.,4.62148418104013E-16));
#6503=DIRECTION('ref_axis',(-1.,-1.80447222917585E-15,-7.36416191719191E-16));
#6504=DIRECTION('',(-1.,-1.80447222917585E-15,-7.36416191719191E-16));
#6505=DIRECTION('',(-7.3641619171919E-16,-4.62148418104014E-16,1.));
#6506=DIRECTION('',(-1.,-1.80447222917585E-15,-7.36416191719191E-16));
#6507=DIRECTION('center_axis',(1.,1.80447222917585E-15,7.36416191719191E-16));
#6508=DIRECTION('ref_axis',(-1.80447222917585E-15,1.,4.62148418104013E-16));
#6509=DIRECTION('',(-1.80447222917585E-15,1.,4.62148418104013E-16));
#6510=DIRECTION('',(-7.3641619171919E-16,-4.62148418104014E-16,1.));
#6511=DIRECTION('',(-1.80447222917585E-15,1.,4.62148418104013E-16));
#6512=DIRECTION('center_axis',(1.80447222917585E-15,-1.,-4.62148418104013E-16));
#6513=DIRECTION('ref_axis',(1.,1.80447222917585E-15,7.36416191719191E-16));
#6514=DIRECTION('',(1.,1.80447222917585E-15,7.36416191719191E-16));
#6515=DIRECTION('',(-7.3641619171919E-16,-4.62148418104014E-16,1.));
#6516=DIRECTION('',(1.,1.80447222917585E-15,7.36416191719191E-16));
#6517=DIRECTION('center_axis',(-1.,-1.80447222917585E-15,-7.36416191719191E-16));
#6518=DIRECTION('ref_axis',(1.80447222917585E-15,-1.,-4.62148418104013E-16));
#6519=DIRECTION('',(1.80447222917585E-15,-1.,-4.62148418104013E-16));
#6520=DIRECTION('',(1.80447222917585E-15,-1.,-4.62148418104013E-16));
#6521=DIRECTION('center_axis',(-7.3641619171919E-16,-4.62148418104014E-16,
1.));
#6522=DIRECTION('ref_axis',(1.80447222917585E-15,-1.,-4.62148418104013E-16));
#6523=DIRECTION('',(-7.3641619171919E-16,-4.62148418104014E-16,1.));
#6524=DIRECTION('',(-7.3641619171919E-16,-4.62148418104014E-16,1.));
#6525=DIRECTION('',(-7.3641619171919E-16,-4.62148418104014E-16,1.));
#6526=DIRECTION('center_axis',(1.80447222917585E-15,-1.,-4.62148418104013E-16));
#6527=DIRECTION('ref_axis',(1.,1.80447222917585E-15,7.36416191719191E-16));
#6528=DIRECTION('',(-1.,-1.80447222917585E-15,-7.36416191719191E-16));
#6529=DIRECTION('',(-1.,-1.80447222917585E-15,-7.36416191719191E-16));
#6530=DIRECTION('',(-7.3641619171919E-16,-4.62148418104014E-16,1.));
#6531=DIRECTION('center_axis',(-1.,-1.80447222917585E-15,-7.36416191719191E-16));
#6532=DIRECTION('ref_axis',(1.80447222917585E-15,-1.,-4.62148418104013E-16));
#6533=DIRECTION('',(-1.80447222917585E-15,1.,4.62148418104013E-16));
#6534=DIRECTION('',(-1.80447222917585E-15,1.,4.62148418104013E-16));
#6535=DIRECTION('',(-7.3641619171919E-16,-4.62148418104014E-16,1.));
#6536=DIRECTION('center_axis',(-1.80447222917585E-15,1.,4.62148418104013E-16));
#6537=DIRECTION('ref_axis',(-1.,-1.80447222917585E-15,-7.36416191719191E-16));
#6538=DIRECTION('',(1.,1.80447222917585E-15,7.36416191719191E-16));
#6539=DIRECTION('',(1.,1.80447222917585E-15,7.36416191719191E-16));
#6540=DIRECTION('',(-7.3641619171919E-16,-4.62148418104014E-16,1.));
#6541=DIRECTION('',(-7.3641619171919E-16,-4.62148418104014E-16,1.));
#6542=DIRECTION('',(-7.3641619171919E-16,-4.62148418104014E-16,1.));
#6543=DIRECTION('center_axis',(1.80447222917585E-15,-1.,-4.62148418104013E-16));
#6544=DIRECTION('ref_axis',(1.,1.80447222917585E-15,7.36416191719191E-16));
#6545=DIRECTION('',(-1.,-1.80447222917585E-15,-7.36416191719191E-16));
#6546=DIRECTION('',(-1.,-1.80447222917585E-15,-7.36416191719191E-16));
#6547=DIRECTION('',(-7.3641619171919E-16,-4.62148418104014E-16,1.));
#6548=DIRECTION('center_axis',(-1.,-1.80447222917585E-15,-7.36416191719191E-16));
#6549=DIRECTION('ref_axis',(1.80447222917585E-15,-1.,-4.62148418104013E-16));
#6550=DIRECTION('',(-1.80447222917585E-15,1.,4.62148418104013E-16));
#6551=DIRECTION('',(-1.80447222917585E-15,1.,4.62148418104013E-16));
#6552=DIRECTION('',(-7.3641619171919E-16,-4.62148418104014E-16,1.));
#6553=DIRECTION('center_axis',(-1.80447222917585E-15,1.,4.62148418104013E-16));
#6554=DIRECTION('ref_axis',(-1.,-1.80447222917585E-15,-7.36416191719191E-16));
#6555=DIRECTION('',(1.,1.80447222917585E-15,7.36416191719191E-16));
#6556=DIRECTION('',(1.,1.80447222917585E-15,7.36416191719191E-16));
#6557=DIRECTION('center_axis',(-1.80447222917585E-15,1.,4.62148418104013E-16));
#6558=DIRECTION('ref_axis',(-1.,-1.80447222917585E-15,-7.36416191719191E-16));
#6559=DIRECTION('',(-1.,-1.80447222917585E-15,-7.36416191719191E-16));
#6560=DIRECTION('',(-7.3641619171919E-16,-4.62148418104014E-16,1.));
#6561=DIRECTION('',(-1.,-1.80447222917585E-15,-7.36416191719191E-16));
#6562=DIRECTION('',(-7.3641619171919E-16,-4.62148418104014E-16,1.));
#6563=DIRECTION('',(-7.3641619171919E-16,-4.62148418104014E-16,1.));
#6564=DIRECTION('',(-7.3641619171919E-16,-4.62148418104014E-16,1.));
#6565=DIRECTION('',(-7.3641619171919E-16,-4.62148418104014E-16,1.));
#6566=DIRECTION('',(-7.3641619171919E-16,-4.62148418104014E-16,1.));
#6567=DIRECTION('center_axis',(1.80447222917585E-15,-1.,-4.62148418104013E-16));
#6568=DIRECTION('ref_axis',(1.,1.80447222917585E-15,7.36416191719191E-16));
#6569=DIRECTION('',(1.,1.80447222917585E-15,7.36416191719191E-16));
#6570=DIRECTION('',(-7.3641619171919E-16,-4.62148418104014E-16,1.));
#6571=DIRECTION('',(1.,1.80447222917585E-15,7.36416191719191E-16));
#6572=DIRECTION('center_axis',(-1.,-1.80447222917585E-15,-7.36416191719191E-16));
#6573=DIRECTION('ref_axis',(1.80447222917585E-15,-1.,-4.62148418104013E-16));
#6574=DIRECTION('',(1.80447222917585E-15,-1.,-4.62148418104013E-16));
#6575=DIRECTION('',(1.80447222917585E-15,-1.,-4.62148418104013E-16));
#6576=DIRECTION('center_axis',(-7.3641619171919E-16,-4.62148418104014E-16,
1.));
#6577=DIRECTION('ref_axis',(1.80447222917585E-15,-1.,-4.62148418104013E-16));
#6578=DIRECTION('center_axis',(-1.,-1.80447222917585E-15,-7.36416191719191E-16));
#6579=DIRECTION('ref_axis',(1.80447222917585E-15,-1.,-4.62148418104013E-16));
#6580=DIRECTION('',(1.80447222917585E-15,-1.,-4.62148418104013E-16));
#6581=DIRECTION('',(-7.3641619171919E-16,-4.62148418104014E-16,1.));
#6582=DIRECTION('',(1.80447222917585E-15,-1.,-4.62148418104013E-16));
#6583=DIRECTION('',(-7.3641619171919E-16,-4.62148418104014E-16,1.));
#6584=DIRECTION('',(-7.3641619171919E-16,-4.62148418104014E-16,1.));
#6585=DIRECTION('',(-7.3641619171919E-16,-4.62148418104014E-16,1.));
#6586=DIRECTION('',(-7.3641619171919E-16,-4.62148418104014E-16,1.));
#6587=DIRECTION('',(-7.3641619171919E-16,-4.62148418104014E-16,1.));
#6588=DIRECTION('center_axis',(-1.,-1.80447222917585E-15,-7.36416191719191E-16));
#6589=DIRECTION('ref_axis',(1.80447222917585E-15,-1.,-4.62148418104013E-16));
#6590=DIRECTION('',(1.80447222917585E-15,-1.,-4.62148418104013E-16));
#6591=DIRECTION('',(-7.3641619171919E-16,-4.62148418104014E-16,1.));
#6592=DIRECTION('',(1.80447222917585E-15,-1.,-4.62148418104013E-16));
#6593=DIRECTION('center_axis',(-1.80447222917585E-15,1.,4.62148418104013E-16));
#6594=DIRECTION('ref_axis',(-1.,-1.80447222917585E-15,-7.36416191719191E-16));
#6595=DIRECTION('',(-1.,-1.80447222917585E-15,-7.36416191719191E-16));
#6596=DIRECTION('',(-7.3641619171919E-16,-4.62148418104014E-16,1.));
#6597=DIRECTION('',(-1.,-1.80447222917585E-15,-7.36416191719191E-16));
#6598=DIRECTION('',(-7.3641619171919E-16,-4.62148418104014E-16,1.));
#6599=DIRECTION('',(-7.3641619171919E-16,-4.62148418104014E-16,1.));
#6600=DIRECTION('',(-7.3641619171919E-16,-4.62148418104014E-16,1.));
#6601=DIRECTION('',(-7.3641619171919E-16,-4.62148418104014E-16,1.));
#6602=DIRECTION('',(-7.3641619171919E-16,-4.62148418104014E-16,1.));
#6603=DIRECTION('',(-7.3641619171919E-16,-4.62148418104014E-16,1.));
#6604=DIRECTION('',(-7.3641619171919E-16,-4.62148418104014E-16,1.));
#6605=DIRECTION('center_axis',(1.80447222917585E-15,-1.,-4.62148418104013E-16));
#6606=DIRECTION('ref_axis',(1.,1.80447222917585E-15,7.36416191719191E-16));
#6607=DIRECTION('',(1.,1.80447222917585E-15,7.36416191719191E-16));
#6608=DIRECTION('',(1.,1.80447222917585E-15,7.36416191719191E-16));
#6609=DIRECTION('center_axis',(-7.3641619171919E-16,-4.62148418104014E-16,
1.));
#6610=DIRECTION('ref_axis',(1.80447222917585E-15,-1.,-4.62148418104013E-16));
#6611=DIRECTION('center_axis',(-1.80447222917585E-15,1.,4.62148418104013E-16));
#6612=DIRECTION('ref_axis',(-1.,-1.80447222917585E-15,-7.36416191719191E-16));
#6613=DIRECTION('',(-1.,-1.80447222917585E-15,-7.36416191719191E-16));
#6614=DIRECTION('',(-7.3641619171919E-16,-4.62148418104014E-16,1.));
#6615=DIRECTION('',(-1.,-1.80447222917585E-15,-7.36416191719191E-16));
#6616=DIRECTION('',(-7.3641619171919E-16,-4.62148418104014E-16,1.));
#6617=DIRECTION('center_axis',(1.,1.08407282113848E-15,7.36416191719191E-16));
#6618=DIRECTION('ref_axis',(-1.08407282113848E-15,1.,4.62148418104013E-16));
#6619=DIRECTION('',(-1.08407282113848E-15,1.,4.62148418104013E-16));
#6620=DIRECTION('',(-7.3641619171919E-16,-4.62148418104014E-16,1.));
#6621=DIRECTION('',(-1.08407282113848E-15,1.,4.62148418104013E-16));
#6622=DIRECTION('center_axis',(-1.80447222917585E-15,1.,4.62148418104013E-16));
#6623=DIRECTION('ref_axis',(-1.,-1.80447222917585E-15,-7.36416191719191E-16));
#6624=DIRECTION('',(-1.,-1.80447222917585E-15,-7.36416191719191E-16));
#6625=DIRECTION('',(-7.3641619171919E-16,-4.62148418104014E-16,1.));
#6626=DIRECTION('',(-1.,-1.80447222917585E-15,-7.36416191719191E-16));
#6627=DIRECTION('center_axis',(-1.,-1.08407282113848E-15,-7.36416191719191E-16));
#6628=DIRECTION('ref_axis',(1.08407282113848E-15,-1.,-4.62148418104013E-16));
#6629=DIRECTION('',(1.08407282113848E-15,-1.,-4.62148418104013E-16));
#6630=DIRECTION('',(-7.3641619171919E-16,-4.62148418104014E-16,1.));
#6631=DIRECTION('',(1.08407282113848E-15,-1.,-4.62148418104013E-16));
#6632=DIRECTION('center_axis',(-1.80447222917585E-15,1.,4.62148418104013E-16));
#6633=DIRECTION('ref_axis',(-1.,-1.80447222917585E-15,-7.36416191719191E-16));
#6634=DIRECTION('',(-1.,-1.80447222917585E-15,-7.36416191719191E-16));
#6635=DIRECTION('',(-7.3641619171919E-16,-4.62148418104014E-16,1.));
#6636=DIRECTION('',(-1.,-1.80447222917585E-15,-7.36416191719191E-16));
#6637=DIRECTION('center_axis',(1.,1.47793604889723E-15,7.36416191719191E-16));
#6638=DIRECTION('ref_axis',(-1.47793604889723E-15,1.,4.62148418104013E-16));
#6639=DIRECTION('',(-1.47793604889723E-15,1.,4.62148418104013E-16));
#6640=DIRECTION('',(-7.3641619171919E-16,-4.62148418104014E-16,1.));
#6641=DIRECTION('',(-1.47793604889723E-15,1.,4.62148418104013E-16));
#6642=DIRECTION('center_axis',(1.80447222917585E-15,-1.,-4.62148418104013E-16));
#6643=DIRECTION('ref_axis',(1.,1.80447222917585E-15,7.36416191719191E-16));
#6644=DIRECTION('',(1.,1.80447222917585E-15,7.36416191719191E-16));
#6645=DIRECTION('',(-7.3641619171919E-16,-4.62148418104014E-16,1.));
#6646=DIRECTION('',(1.,1.80447222917585E-15,7.36416191719191E-16));
#6647=DIRECTION('center_axis',(-1.,-1.80447222917585E-15,-7.36416191719191E-16));
#6648=DIRECTION('ref_axis',(1.80447222917585E-15,-1.,-4.62148418104013E-16));
#6649=DIRECTION('',(1.80447222917585E-15,-1.,-4.62148418104013E-16));
#6650=DIRECTION('',(-7.3641619171919E-16,-4.62148418104014E-16,1.));
#6651=DIRECTION('',(1.80447222917585E-15,-1.,-4.62148418104013E-16));
#6652=DIRECTION('center_axis',(1.80447222917585E-15,-1.,-4.62148418104013E-16));
#6653=DIRECTION('ref_axis',(1.,1.80447222917585E-15,7.36416191719191E-16));
#6654=DIRECTION('',(1.,1.80447222917585E-15,7.36416191719191E-16));
#6655=DIRECTION('',(-7.3641619171919E-16,-4.62148418104014E-16,1.));
#6656=DIRECTION('',(1.,1.80447222917585E-15,7.36416191719191E-16));
#6657=DIRECTION('center_axis',(1.,1.80447222917585E-15,7.36416191719191E-16));
#6658=DIRECTION('ref_axis',(-1.80447222917585E-15,1.,4.62148418104013E-16));
#6659=DIRECTION('',(-1.80447222917585E-15,1.,4.62148418104013E-16));
#6660=DIRECTION('',(-7.3641619171919E-16,-4.62148418104014E-16,1.));
#6661=DIRECTION('',(-1.80447222917585E-15,1.,4.62148418104013E-16));
#6662=DIRECTION('center_axis',(1.80447222917585E-15,-1.,-4.62148418104013E-16));
#6663=DIRECTION('ref_axis',(1.,1.80447222917585E-15,7.36416191719191E-16));
#6664=DIRECTION('',(1.,1.80447222917585E-15,7.36416191719191E-16));
#6665=DIRECTION('',(-7.3641619171919E-16,-4.62148418104014E-16,1.));
#6666=DIRECTION('',(1.,1.80447222917585E-15,7.36416191719191E-16));
#6667=DIRECTION('center_axis',(-1.,-1.47793604889723E-15,-7.36416191719191E-16));
#6668=DIRECTION('ref_axis',(1.47793604889723E-15,-1.,-4.62148418104013E-16));
#6669=DIRECTION('',(1.47793604889723E-15,-1.,-4.62148418104013E-16));
#6670=DIRECTION('',(1.47793604889723E-15,-1.,-4.62148418104013E-16));
#6671=DIRECTION('center_axis',(-7.3641619171919E-16,-4.62148418104014E-16,
1.));
#6672=DIRECTION('ref_axis',(1.80447222917585E-15,-1.,-4.62148418104013E-16));
#6673=DIRECTION('center_axis',(-1.80447222917585E-15,1.,4.62148418104013E-16));
#6674=DIRECTION('ref_axis',(-1.,-1.80447222917585E-15,-7.36416191719191E-16));
#6675=DIRECTION('',(-1.,-1.80447222917585E-15,-7.36416191719191E-16));
#6676=DIRECTION('',(-7.3641619171919E-16,-4.62148418104014E-16,1.));
#6677=DIRECTION('',(-1.,-1.80447222917585E-15,-7.36416191719191E-16));
#6678=DIRECTION('',(-7.3641619171919E-16,-4.62148418104014E-16,1.));
#6679=DIRECTION('center_axis',(1.,1.80447222917585E-15,7.36416191719191E-16));
#6680=DIRECTION('ref_axis',(-1.80447222917585E-15,1.,4.62148418104013E-16));
#6681=DIRECTION('',(-1.80447222917585E-15,1.,4.62148418104013E-16));
#6682=DIRECTION('',(-7.3641619171919E-16,-4.62148418104014E-16,1.));
#6683=DIRECTION('',(-1.80447222917585E-15,1.,4.62148418104013E-16));
#6684=DIRECTION('center_axis',(2.50784905519E-16,1.,4.62148418104014E-16));
#6685=DIRECTION('ref_axis',(-1.,2.50784905519E-16,-7.3641619171919E-16));
#6686=DIRECTION('',(-1.,2.50784905519E-16,-7.3641619171919E-16));
#6687=DIRECTION('',(-7.3641619171919E-16,-4.62148418104014E-16,1.));
#6688=DIRECTION('',(-1.,2.50784905519E-16,-7.3641619171919E-16));
#6689=DIRECTION('center_axis',(1.,1.80447222917585E-15,7.36416191719191E-16));
#6690=DIRECTION('ref_axis',(-1.80447222917585E-15,1.,4.62148418104013E-16));
#6691=DIRECTION('',(-1.80447222917585E-15,1.,4.62148418104013E-16));
#6692=DIRECTION('',(-7.3641619171919E-16,-4.62148418104014E-16,1.));
#6693=DIRECTION('',(-1.80447222917585E-15,1.,4.62148418104013E-16));
#6694=DIRECTION('center_axis',(-2.50784905519E-16,-1.,-4.62148418104014E-16));
#6695=DIRECTION('ref_axis',(1.,-2.50784905519E-16,7.3641619171919E-16));
#6696=DIRECTION('',(1.,-2.50784905519E-16,7.3641619171919E-16));
#6697=DIRECTION('',(-7.3641619171919E-16,-4.62148418104014E-16,1.));
#6698=DIRECTION('',(1.,-2.50784905519E-16,7.3641619171919E-16));
#6699=DIRECTION('center_axis',(1.,1.80447222917585E-15,7.36416191719191E-16));
#6700=DIRECTION('ref_axis',(-1.80447222917585E-15,1.,4.62148418104013E-16));
#6701=DIRECTION('',(-1.80447222917585E-15,1.,4.62148418104013E-16));
#6702=DIRECTION('',(-7.3641619171919E-16,-4.62148418104014E-16,1.));
#6703=DIRECTION('',(-1.80447222917585E-15,1.,4.62148418104013E-16));
#6704=DIRECTION('center_axis',(1.36603953591507E-16,1.,4.62148418104014E-16));
#6705=DIRECTION('ref_axis',(-1.,1.36603953591508E-16,-7.3641619171919E-16));
#6706=DIRECTION('',(-1.,1.36603953591508E-16,-7.3641619171919E-16));
#6707=DIRECTION('',(-7.3641619171919E-16,-4.62148418104014E-16,1.));
#6708=DIRECTION('',(-1.,1.36603953591508E-16,-7.3641619171919E-16));
#6709=DIRECTION('center_axis',(1.,1.80447222917585E-15,7.36416191719191E-16));
#6710=DIRECTION('ref_axis',(-1.80447222917585E-15,1.,4.62148418104013E-16));
#6711=DIRECTION('',(-1.80447222917585E-15,1.,4.62148418104013E-16));
#6712=DIRECTION('',(-7.3641619171919E-16,-4.62148418104014E-16,1.));
#6713=DIRECTION('',(-1.80447222917585E-15,1.,4.62148418104013E-16));
#6714=DIRECTION('center_axis',(5.54777876037998E-16,-1.,-4.62148418104014E-16));
#6715=DIRECTION('ref_axis',(1.,5.54777876037998E-16,7.3641619171919E-16));
#6716=DIRECTION('',(1.,5.54777876037998E-16,7.3641619171919E-16));
#6717=DIRECTION('',(-7.3641619171919E-16,-4.62148418104014E-16,1.));
#6718=DIRECTION('',(1.,5.54777876037998E-16,7.3641619171919E-16));
#6719=DIRECTION('center_axis',(-1.,-1.80447222917585E-15,-7.36416191719191E-16));
#6720=DIRECTION('ref_axis',(1.80447222917585E-15,-1.,-4.62148418104013E-16));
#6721=DIRECTION('',(1.80447222917585E-15,-1.,-4.62148418104013E-16));
#6722=DIRECTION('',(1.80447222917585E-15,-1.,-4.62148418104013E-16));
#6723=DIRECTION('center_axis',(-7.3641619171919E-16,-4.62148418104014E-16,
1.));
#6724=DIRECTION('ref_axis',(1.80447222917585E-15,-1.,-4.62148418104013E-16));
#6725=DIRECTION('center_axis',(-7.3641619171919E-16,-4.62148418104014E-16,
1.));
#6726=DIRECTION('ref_axis',(1.80447222917585E-15,-1.,-4.62148418104013E-16));
#6727=DIRECTION('',(1.87727373898734E-15,-1.,-4.62148418104013E-16));
#6728=DIRECTION('',(-1.,-1.5607761660043E-15,-7.36416191719191E-16));
#6729=DIRECTION('center_axis',(7.3641619171919E-16,4.62148418104014E-16,
-1.));
#6730=DIRECTION('ref_axis',(0.955769224074819,-0.294117647058822,5.67917926830874E-16));
#6731=DIRECTION('',(-1.,-1.76565918975192E-15,-7.36416191719191E-16));
#6732=DIRECTION('center_axis',(-7.3641619171919E-16,-4.62148418104014E-16,
1.));
#6733=DIRECTION('ref_axis',(1.80447222917585E-15,-1.,-4.62148418104013E-16));
#6734=DIRECTION('center_axis',(-7.3641619171919E-16,-4.62148418104014E-16,
1.));
#6735=DIRECTION('ref_axis',(1.80447222917585E-15,-1.,-4.62148418104013E-16));
#6736=DIRECTION('center_axis',(-1.87727373898734E-15,1.,4.62148418104013E-16));
#6737=DIRECTION('ref_axis',(-0.707106781186549,-9.49166269357071E-16,-0.707106781186546));
#6738=DIRECTION('center_axis',(1.56264903109798E-15,-1.,-4.62148418104013E-16));
#6739=DIRECTION('ref_axis',(-0.707106781186549,-9.49166269357071E-16,-0.707106781186546));
#6740=DIRECTION('center_axis',(-1.5607761660043E-15,1.,4.62148418104013E-16));
#6741=DIRECTION('ref_axis',(-0.707106781186549,-9.49166269357071E-16,-0.707106781186546));
#6742=DIRECTION('center_axis',(-1.76565918975192E-15,1.,4.62148418104013E-16));
#6743=DIRECTION('ref_axis',(-0.707106781186549,-9.49166269357071E-16,-0.707106781186546));
#6744=DIRECTION('',(-1.87727373898734E-15,1.,4.62148418104013E-16));
#6745=DIRECTION('center_axis',(-1.56264903109798E-15,1.,4.62148418104013E-16));
#6746=DIRECTION('ref_axis',(1.,1.56264903109798E-15,7.36416191719191E-16));
#6747=DIRECTION('',(7.3641619171919E-16,4.62148418104014E-16,-1.));
#6748=DIRECTION('',(-0.00872653549837403,-4.75750989526006E-16,0.999961923064171));
#6749=DIRECTION('center_axis',(-1.5607761660043E-15,1.,4.62148418104013E-16));
#6750=DIRECTION('ref_axis',(-0.704014724455971,-9.42163971306785E-16,-0.710185375623283));
#6751=DIRECTION('center_axis',(-1.,-1.87727373898734E-15,-7.36416191719191E-16));
#6752=DIRECTION('ref_axis',(1.87727373898734E-15,-1.,-4.62148418104013E-16));
#6753=DIRECTION('',(7.3641619171919E-16,4.62148418104014E-16,-1.));
#6754=DIRECTION('',(1.87727373898734E-15,-1.,-4.62148418104013E-16));
#6755=DIRECTION('',(7.3641619171919E-16,4.62148418104014E-16,-1.));
#6756=DIRECTION('',(-1.87727373898734E-15,1.,4.62148418104013E-16));
#6757=DIRECTION('',(-7.3641619171919E-16,-4.62148418104014E-16,1.));
#6758=DIRECTION('',(-2.60645168290283E-16,1.,4.62148418104014E-16));
#6759=DIRECTION('',(-7.3641619171919E-16,-4.62148418104014E-16,1.));
#6760=DIRECTION('',(-1.87727373898734E-15,1.,4.62148418104013E-16));
#6761=DIRECTION('',(-1.87727373898734E-15,1.,4.62148418104013E-16));
#6762=DIRECTION('center_axis',(1.76565918975192E-15,-1.,-4.62148418104013E-16));
#6763=DIRECTION('ref_axis',(-1.,-1.76565918975192E-15,-7.36416191719191E-16));
#6764=DIRECTION('',(7.3641619171919E-16,4.62148418104014E-16,-1.));
#6765=DIRECTION('',(1.,1.76565918975192E-15,7.36416191719191E-16));
#6766=DIRECTION('center_axis',(-7.3641619171919E-16,-4.62148418104014E-16,
1.));
#6767=DIRECTION('ref_axis',(1.80447222917585E-15,-1.,-4.62148418104013E-16));
#6768=DIRECTION('center_axis',(-7.3641619171919E-16,-4.62148418104014E-16,
1.));
#6769=DIRECTION('ref_axis',(1.80447222917585E-15,-1.,-4.62148418104013E-16));
#6770=DIRECTION('center_axis',(-7.3641619171919E-16,-4.62148418104014E-16,
1.));
#6771=DIRECTION('ref_axis',(0.955769224074819,-0.294117647058822,5.67917926830874E-16));
#6772=DIRECTION('',(1.,1.42336796477334E-15,7.36416191719191E-16));
#6773=DIRECTION('center_axis',(-7.3641619171919E-16,-4.62148418104014E-16,
1.));
#6774=DIRECTION('ref_axis',(0.998865569685858,0.0476190476190492,7.57587846396242E-16));
#6775=DIRECTION('',(1.,1.58678144003366E-15,7.36416191719191E-16));
#6776=DIRECTION('center_axis',(-1.5607761660043E-15,1.,4.62148418104013E-16));
#6777=DIRECTION('ref_axis',(-1.,-1.5607761660043E-15,-7.36416191719191E-16));
#6778=DIRECTION('center_axis',(-1.5607761660043E-15,1.,4.62148418104013E-16));
#6779=DIRECTION('ref_axis',(-0.704014724455971,-9.42163971306785E-16,-0.710185375623283));
#6780=DIRECTION('',(-1.,-1.5607761660043E-15,-7.36416191719191E-16));
#6781=DIRECTION('',(-7.3641619171919E-16,-4.62148418104014E-16,1.));
#6782=DIRECTION('center_axis',(-7.3641619171919E-16,-4.62148418104014E-16,
1.));
#6783=DIRECTION('ref_axis',(0.998865569685858,0.0476190476190492,7.57587846396242E-16));
#6784=DIRECTION('center_axis',(-7.3641619171919E-16,-4.62148418104014E-16,
1.));
#6785=DIRECTION('ref_axis',(0.998865569685858,0.0476190476190492,7.57587846396242E-16));
#6786=DIRECTION('',(-7.3641619171919E-16,-4.62148418104014E-16,1.));
#6787=DIRECTION('',(-7.3641619171919E-16,-4.62148418104014E-16,1.));
#6788=DIRECTION('center_axis',(1.58678144003366E-15,-1.,-4.62148418104013E-16));
#6789=DIRECTION('ref_axis',(1.,1.58678144003366E-15,7.36416191719191E-16));
#6790=DIRECTION('center_axis',(1.58678144003366E-15,-1.,-4.62148418104013E-16));
#6791=DIRECTION('ref_axis',(-0.704014724455971,-9.42163971306785E-16,-0.710185375623283));
#6792=DIRECTION('',(0.00872653549837403,4.75977925472968E-16,-0.999961923064171));
#6793=DIRECTION('',(1.,1.58678144003366E-15,7.36416191719191E-16));
#6794=DIRECTION('center_axis',(-7.3641619171919E-16,-4.62148418104014E-16,
1.));
#6795=DIRECTION('ref_axis',(0.685994340570034,0.727606875109,8.41439706156731E-16));
#6796=DIRECTION('center_axis',(7.3641619171919E-16,4.62148418104014E-16,
-1.));
#6797=DIRECTION('ref_axis',(-0.998268396969244,-0.0588235294117663,-7.62326212274654E-16));
#6798=DIRECTION('',(-7.3641619171919E-16,-4.62148418104014E-16,1.));
#6799=DIRECTION('center_axis',(1.42336796477334E-15,-1.,-4.62148418104013E-16));
#6800=DIRECTION('ref_axis',(1.,1.42336796477334E-15,7.36416191719191E-16));
#6801=DIRECTION('',(1.,1.42336796477334E-15,7.36416191719191E-16));
#6802=DIRECTION('center_axis',(1.87727373898734E-15,-1.,-4.62148418104013E-16));
#6803=DIRECTION('ref_axis',(-0.704014724455971,-9.42163971306785E-16,-0.710185375623283));
#6804=DIRECTION('',(1.87727373898734E-15,-1.,-4.62148418104013E-16));
#6805=DIRECTION('center_axis',(-6.24553342967879E-15,1.,4.6214841810401E-16));
#6806=DIRECTION('ref_axis',(7.3641619171919E-16,4.62148418104014E-16,-1.));
#6807=DIRECTION('',(-1.87727373898734E-15,1.,4.62148418104013E-16));
#6808=DIRECTION('center_axis',(1.87727373898734E-15,-1.,-4.62148418104013E-16));
#6809=DIRECTION('ref_axis',(-0.704014724455971,-9.42163971306785E-16,-0.710185375623283));
#6810=DIRECTION('',(-1.87727373898734E-15,1.,4.62148418104013E-16));
#6811=DIRECTION('center_axis',(-1.87727373898734E-15,1.,4.62148418104013E-16));
#6812=DIRECTION('ref_axis',(-0.704014724455971,-9.42163971306786E-16,-0.710185375623283));
#6813=DIRECTION('',(1.87727373898734E-15,-1.,-4.62148418104013E-16));
#6814=DIRECTION('center_axis',(-0.999961923064171,-1.87316930357954E-15,
-0.00872653549837403));
#6815=DIRECTION('ref_axis',(-1.87727373898734E-15,1.,4.62148418104013E-16));
#6816=DIRECTION('',(0.00872653549837181,4.77877611872082E-16,-0.999961923064171));
#6817=DIRECTION('center_axis',(-0.999961923064171,-1.87316930357954E-15,
-0.00872653549837403));
#6818=DIRECTION('ref_axis',(-1.87727373898734E-15,1.,4.62148418104013E-16));
#6819=DIRECTION('center_axis',(-0.999961923064171,-1.87316930357954E-15,
-0.00872653549837403));
#6820=DIRECTION('ref_axis',(-0.00872653549837403,-4.04930602363759E-13,
0.999961923064171));
#6821=DIRECTION('',(-0.00872620324394433,0.0087262032439431,0.99992385047757));
#6822=DIRECTION('center_axis',(-0.818866377609545,-0.402334086035353,0.409371639020975));
#6823=DIRECTION('ref_axis',(-0.573984194573876,0.573984194573873,-0.584024219325501));
#6824=DIRECTION('center_axis',(0.00872620324394434,-0.00872620324394315,
-0.99992385047757));
#6825=DIRECTION('ref_axis',(-0.999961923064171,-1.80037056582648E-15,-0.00872653549837404));
#6826=DIRECTION('center_axis',(-1.,-1.85493691211336E-15,-7.36416191719191E-16));
#6827=DIRECTION('ref_axis',(-7.47383009480512E-16,0.704014724455965,-0.710185375623289));
#6828=DIRECTION('center_axis',(0.00872620324394433,-0.0087262032439431,
-0.99992385047757));
#6829=DIRECTION('ref_axis',(-0.707052935342858,0.707052935342849,-0.0123407149756093));
#6830=DIRECTION('center_axis',(0.00872620324394416,-0.00872620324394311,
-0.99992385047757));
#6831=DIRECTION('ref_axis',(-0.999961923064171,-1.80037056582648E-15,-0.00872653549837387));
#6832=DIRECTION('',(0.00872620324394433,-0.0087262032439431,-0.99992385047757));
#6833=DIRECTION('center_axis',(-0.00754645000683606,0.502167375854031,0.864737519551552));
#6834=DIRECTION('ref_axis',(-1.89541929498943E-14,0.864762143531884,-0.502181675406562));
#6835=DIRECTION('center_axis',(0.999847718348741,3.61937034204409E-15,0.0174510776978465));
#6836=DIRECTION('ref_axis',(-0.0174510776978465,-4.04553208749266E-13,0.999847718348741));
#6837=DIRECTION('center_axis',(-1.,-1.85493691211336E-15,-7.36416191719191E-16));
#6838=DIRECTION('ref_axis',(-7.47383009480514E-16,0.704014724455965,-0.710185375623289));
#6839=DIRECTION('',(1.,1.85493691211336E-15,7.36416191719191E-16));
#6840=DIRECTION('center_axis',(1.,1.80447222917585E-15,7.36416191719191E-16));
#6841=DIRECTION('ref_axis',(7.3641619171919E-16,4.62148418104014E-16,-1.));
#6842=DIRECTION('',(-1.,-1.85493691211336E-15,-7.36416191719191E-16));
#6843=DIRECTION('center_axis',(-1.84843991976098E-15,0.999961923064171,
-0.00872653549837284));
#6844=DIRECTION('ref_axis',(1.,1.85493691211336E-15,7.36416191719191E-16));
#6845=DIRECTION('',(-1.,-1.85493691211336E-15,-7.36416191719191E-16));
#6846=DIRECTION('',(-1.,-1.85493691211336E-15,-7.36416191719191E-16));
#6847=DIRECTION('',(7.52134942210847E-16,-0.00872653549837283,-0.999961923064171));
#6848=DIRECTION('center_axis',(-1.,-1.85493691211336E-15,-7.36416191719191E-16));
#6849=DIRECTION('ref_axis',(7.4738300948053E-16,-0.704014724455971,0.710185375623282));
#6850=DIRECTION('center_axis',(1.,1.76571715095922E-15,-3.70447590678144E-15));
#6851=DIRECTION('ref_axis',(3.70447590678144E-15,-4.62148418104006E-16,
1.));
#6852=DIRECTION('',(1.,1.85493691211336E-15,7.36416191719191E-16));
#6853=DIRECTION('center_axis',(1.,1.80447222917585E-15,7.36416191719191E-16));
#6854=DIRECTION('ref_axis',(-7.3641619171919E-16,-4.62148418104014E-16,
1.));
#6855=DIRECTION('center_axis',(1.83736083211409E-15,-0.999847718348741,
0.0174510776978409));
#6856=DIRECTION('ref_axis',(7.67794034120446E-16,-0.0174510776978409,-0.999847718348741));
#6857=DIRECTION('center_axis',(-1.80447222917585E-15,1.,4.62148418104013E-16));
#6858=DIRECTION('ref_axis',(-1.,-1.80447222917585E-15,-7.36416191719191E-16));
#6859=DIRECTION('',(-7.3641619171919E-16,-4.62148418104014E-16,1.));
#6860=DIRECTION('',(1.,2.60645168290282E-16,7.4940054162198E-16));
#6861=DIRECTION('',(-7.3641619171919E-16,-4.62148418104014E-16,1.));
#6862=DIRECTION('center_axis',(-7.3641619171919E-16,-4.62148418104014E-16,
1.));
#6863=DIRECTION('ref_axis',(1.1842378929335E-15,-1.,0.));
#6864=DIRECTION('center_axis',(7.3641619171919E-16,4.62148418104014E-16,
-1.));
#6865=DIRECTION('ref_axis',(-0.707106781186546,-0.707106781186549,-8.47513163296196E-16));
#6866=DIRECTION('center_axis',(2.63641986932475E-15,1.,4.62148418104016E-16));
#6867=DIRECTION('ref_axis',(1.,-2.63641986932475E-15,7.36416191719189E-16));
#6868=DIRECTION('center_axis',(-7.3641619171919E-16,-4.62148418104014E-16,
1.));
#6869=DIRECTION('ref_axis',(-0.707106781186546,-0.707106781186549,-8.47513163296196E-16));
#6870=DIRECTION('center_axis',(-7.3641619171919E-16,-4.62148418104014E-16,
1.));
#6871=DIRECTION('ref_axis',(1.80447222917585E-15,-1.,-4.62148418104013E-16));
#6872=DIRECTION('',(1.87727373898734E-15,-1.,-4.62148418104013E-16));
#6873=DIRECTION('center_axis',(-7.3641619171919E-16,-4.62148418104014E-16,
1.));
#6874=DIRECTION('ref_axis',(-0.707106781186549,0.707106781186546,-1.93936602584229E-16));
#6875=DIRECTION('',(-1.,-1.80447222917585E-15,-7.36416191719191E-16));
#6876=DIRECTION('center_axis',(-7.3641619171919E-16,-4.62148418104014E-16,
1.));
#6877=DIRECTION('ref_axis',(0.707106695930576,0.707106866442509,8.47513139913226E-16));
#6878=DIRECTION('',(-3.24174863008976E-16,1.,4.62148418104014E-16));
#6879=DIRECTION('center_axis',(-1.87727373898734E-15,1.,4.62148418104013E-16));
#6880=DIRECTION('ref_axis',(-0.707106781186549,-9.49166269357071E-16,-0.707106781186546));
#6881=DIRECTION('center_axis',(1.80447222917585E-15,-1.,-4.62148418104013E-16));
#6882=DIRECTION('ref_axis',(-1.,-1.80447222917585E-15,-7.36416191719191E-16));
#6883=DIRECTION('center_axis',(1.,1.69873670302108E-15,7.36416191719191E-16));
#6884=DIRECTION('ref_axis',(-1.79336702894285E-15,0.704014724455971,0.710185375623283));
#6885=DIRECTION('center_axis',(-1.,-1.80447222917585E-15,-7.36416191719191E-16));
#6886=DIRECTION('ref_axis',(-7.3641619171919E-16,-4.62148418104014E-16,
1.));
#6887=DIRECTION('',(1.,1.69873670302108E-15,7.36416191719191E-16));
#6888=DIRECTION('center_axis',(1.,1.80447222917585E-15,7.36416191719191E-16));
#6889=DIRECTION('ref_axis',(-1.81082988244119E-15,0.999961923064171,0.00872653549837373));
#6890=DIRECTION('',(-1.,-1.69873670302108E-15,-7.36416191719191E-16));
#6891=DIRECTION('center_axis',(1.80447222917585E-15,-1.,-4.62148418104013E-16));
#6892=DIRECTION('ref_axis',(1.,1.80447222917585E-15,7.36416191719191E-16));
#6893=DIRECTION('',(-7.3641619171919E-16,-4.62148418104014E-16,1.));
#6894=DIRECTION('',(-1.,-2.60645168290282E-16,-7.4940054162198E-16));
#6895=DIRECTION('',(-7.3641619171919E-16,-4.62148418104014E-16,1.));
#6896=DIRECTION('',(1.,1.69873670302108E-15,7.36416191719191E-16));
#6897=DIRECTION('center_axis',(-7.3641619171919E-16,-4.62148418104014E-16,
1.));
#6898=DIRECTION('ref_axis',(1.1842378929335E-15,-1.,0.));
#6899=DIRECTION('center_axis',(7.3641619171919E-16,4.62148418104014E-16,
-1.));
#6900=DIRECTION('ref_axis',(0.707106781186546,0.707106781186549,8.47513163296196E-16));
#6901=DIRECTION('center_axis',(1.80447222917585E-15,-1.,-4.62148418104013E-16));
#6902=DIRECTION('ref_axis',(-1.,-1.80447222917585E-15,-7.36416191719191E-16));
#6903=DIRECTION('center_axis',(-7.3641619171919E-16,-4.62148418104014E-16,
1.));
#6904=DIRECTION('ref_axis',(0.707106781186546,0.707106781186549,8.47513163296196E-16));
#6905=DIRECTION('center_axis',(-7.3641619171919E-16,-4.62148418104014E-16,
1.));
#6906=DIRECTION('ref_axis',(1.80447222917585E-15,-1.,-4.62148418104013E-16));
#6907=DIRECTION('center_axis',(7.3641619171919E-16,4.62148418104014E-16,
-1.));
#6908=DIRECTION('ref_axis',(-0.707106781186549,0.707106781186546,-1.9393660258423E-16));
#6909=DIRECTION('',(-3.28476959534273E-15,1.,4.62148418104012E-16));
#6910=DIRECTION('center_axis',(-7.3641619171919E-16,-4.62148418104014E-16,
1.));
#6911=DIRECTION('ref_axis',(0.707106781186549,-0.707106781186546,1.93936602584229E-16));
#6912=DIRECTION('',(1.,1.80447222917585E-15,7.36416191719191E-16));
#6913=DIRECTION('center_axis',(-7.3641619171919E-16,-4.62148418104014E-16,
1.));
#6914=DIRECTION('ref_axis',(-0.707106781186546,-0.707106781186549,-8.47513163296196E-16));
#6915=DIRECTION('',(1.80447222917585E-15,-1.,-4.62148418104013E-16));
#6916=DIRECTION('center_axis',(7.3641619171919E-16,4.62148418104014E-16,
-1.));
#6917=DIRECTION('ref_axis',(-1.77635683940025E-15,1.,0.));
#6918=DIRECTION('center_axis',(-1.,-1.80447222917585E-15,-7.36416191719191E-16));
#6919=DIRECTION('ref_axis',(-1.80447222917585E-15,1.,4.62148418104013E-16));
#6920=DIRECTION('center_axis',(7.3641619171919E-16,4.62148418104014E-16,
-1.));
#6921=DIRECTION('ref_axis',(-0.707106781186549,0.707106781186546,-1.93936602584229E-16));
#6922=DIRECTION('center_axis',(1.,1.80447222917585E-15,7.36416191719191E-16));
#6923=DIRECTION('ref_axis',(-7.55229666772844E-16,0.70710678118655,-0.707106781186545));
#6924=DIRECTION('center_axis',(-1.,-1.80447222917585E-15,-7.36416191719191E-16));
#6925=DIRECTION('ref_axis',(-1.80447222917585E-15,1.,4.62148418104013E-16));
#6926=DIRECTION('',(1.,1.80447222917585E-15,7.36416191719191E-16));
#6927=DIRECTION('center_axis',(7.3641619171919E-16,4.62148418104014E-16,
-1.));
#6928=DIRECTION('ref_axis',(-2.66453525910038E-15,1.,0.));
#6929=DIRECTION('center_axis',(-1.80447222917585E-15,1.,4.62148418104013E-16));
#6930=DIRECTION('ref_axis',(1.,1.80447222917585E-15,7.36416191719191E-16));
#6931=DIRECTION('center_axis',(7.3641619171919E-16,4.62148418104014E-16,
-1.));
#6932=DIRECTION('ref_axis',(0.707106695930576,0.707106866442509,8.47513139913226E-16));
#6933=DIRECTION('center_axis',(3.24174863008976E-16,-1.,-4.62148418104014E-16));
#6934=DIRECTION('ref_axis',(0.70710678118655,-1.5374420872985E-15,-0.707106781186545));
#6935=DIRECTION('',(3.24174863008976E-16,-1.,-4.62148418104014E-16));
#6936=DIRECTION('center_axis',(-7.3641619171919E-16,-4.62148418104014E-16,
1.));
#6937=DIRECTION('ref_axis',(-1.,-1.80447222917585E-15,-7.36416191719191E-16));
#6938=DIRECTION('',(-7.3641619171919E-16,-4.62148418104014E-16,1.));
#6939=DIRECTION('center_axis',(-7.4940054162198E-16,-4.62148418104014E-16,
1.));
#6940=DIRECTION('ref_axis',(2.60645168290283E-16,-1.,-4.62148418104014E-16));
#6941=DIRECTION('center_axis',(1.,3.24174863008976E-16,7.3641619171919E-16));
#6942=DIRECTION('ref_axis',(-3.24174863008976E-16,1.,4.62148418104014E-16));
#6943=DIRECTION('',(-7.3641619171919E-16,-4.62148418104014E-16,1.));
#6944=DIRECTION('',(2.60645168290283E-16,-1.,-4.62148418104014E-16));
#6945=DIRECTION('center_axis',(-7.3641619171919E-16,-4.62148418104014E-16,
1.));
#6946=DIRECTION('ref_axis',(-1.,-1.80447222917585E-15,-7.36416191719191E-16));
#6947=DIRECTION('',(-7.3641619171919E-16,-4.62148418104014E-16,1.));
#6948=DIRECTION('center_axis',(7.4940054162198E-16,4.62148418104014E-16,
-1.));
#6949=DIRECTION('ref_axis',(2.60645168290283E-16,-1.,-4.62148418104014E-16));
#6950=DIRECTION('center_axis',(-1.80447222917585E-15,1.,4.62148418104013E-16));
#6951=DIRECTION('ref_axis',(-1.,-1.80447222917585E-15,-7.36416191719191E-16));
#6952=DIRECTION('',(-7.3641619171919E-16,-4.62148418104014E-16,1.));
#6953=DIRECTION('',(1.,-3.05608709556603E-17,7.4940054162198E-16));
#6954=DIRECTION('center_axis',(-7.3641619171919E-16,-4.62148418104014E-16,
1.));
#6955=DIRECTION('ref_axis',(1.80447222917585E-15,-1.,-4.62148418104013E-16));
#6956=DIRECTION('center_axis',(7.4940054162198E-16,4.62148418104014E-16,
-1.));
#6957=DIRECTION('ref_axis',(1.,2.60645168290282E-16,7.4940054162198E-16));
#6958=DIRECTION('center_axis',(-7.3641619171919E-16,-4.62148418104014E-16,
1.));
#6959=DIRECTION('ref_axis',(1.1842378929335E-15,-1.,0.));
#6960=DIRECTION('center_axis',(-7.3641619171919E-16,-4.62148418104014E-16,
1.));
#6961=DIRECTION('ref_axis',(-0.707106781186549,0.707106781186546,-1.9393660258423E-16));
#6962=DIRECTION('center_axis',(-1.80447222917585E-15,1.,4.62148418104013E-16));
#6963=DIRECTION('ref_axis',(1.,1.80447222917585E-15,7.36416191719191E-16));
#6964=DIRECTION('center_axis',(3.28476959534273E-15,-1.,-4.62148418104012E-16));
#6965=DIRECTION('ref_axis',(0.70710678118655,1.60274283006904E-15,-0.707106781186545));
#6966=DIRECTION('center_axis',(-6.24536432767648E-15,1.,4.6214841810401E-16));
#6967=DIRECTION('ref_axis',(1.,6.24536432767647E-15,7.36416191719193E-16));
#6968=DIRECTION('',(3.28476959534273E-15,-1.,-4.62148418104012E-16));
#6969=DIRECTION('center_axis',(7.3641619171919E-16,4.62148418104014E-16,
-1.));
#6970=DIRECTION('ref_axis',(-1.77635683940025E-15,1.,0.));
#6971=DIRECTION('center_axis',(1.,1.80447222917585E-15,7.36416191719191E-16));
#6972=DIRECTION('ref_axis',(1.80447222917585E-15,-1.,-4.62148418104013E-16));
#6973=DIRECTION('center_axis',(7.3641619171919E-16,4.62148418104014E-16,
-1.));
#6974=DIRECTION('ref_axis',(0.707106781186549,-0.707106781186546,1.93936602584229E-16));
#6975=DIRECTION('center_axis',(-1.,-1.80447222917585E-15,-7.36416191719191E-16));
#6976=DIRECTION('ref_axis',(1.79667943265327E-15,-0.707106781186549,-0.707106781186546));
#6977=DIRECTION('center_axis',(1.,1.80447222917585E-15,7.36416191719191E-16));
#6978=DIRECTION('ref_axis',(1.80447222917585E-15,-1.,-4.62148418104013E-16));
#6979=DIRECTION('',(-1.,-1.80447222917585E-15,-7.36416191719191E-16));
#6980=DIRECTION('center_axis',(7.3641619171919E-16,4.62148418104014E-16,
-1.));
#6981=DIRECTION('ref_axis',(-2.66453525910038E-15,1.,0.));
#6982=DIRECTION('center_axis',(1.80447222917585E-15,-1.,-4.62148418104013E-16));
#6983=DIRECTION('ref_axis',(-1.,-1.80447222917585E-15,-7.36416191719191E-16));
#6984=DIRECTION('center_axis',(7.3641619171919E-16,4.62148418104014E-16,
-1.));
#6985=DIRECTION('ref_axis',(-0.707106781186546,-0.707106781186549,-8.47513163296196E-16));
#6986=DIRECTION('center_axis',(-1.80447222917585E-15,1.,4.62148418104013E-16));
#6987=DIRECTION('ref_axis',(-0.707106781186549,-9.49166269357071E-16,-0.707106781186546));
#6988=DIRECTION('',(-1.80447222917585E-15,1.,4.62148418104013E-16));
#6989=DIRECTION('center_axis',(-7.3641619171919E-16,-4.62148418104014E-16,
1.));
#6990=DIRECTION('ref_axis',(1.,1.80447222917585E-15,7.36416191719191E-16));
#6991=DIRECTION('',(-7.3641619171919E-16,-4.62148418104014E-16,1.));
#6992=DIRECTION('center_axis',(-7.4940054162198E-16,-4.62148418104014E-16,
1.));
#6993=DIRECTION('ref_axis',(1.95980088096003E-15,1.,4.62148418104016E-16));
#6994=DIRECTION('center_axis',(-1.,-1.80447222917585E-15,-7.36416191719191E-16));
#6995=DIRECTION('ref_axis',(1.80447222917585E-15,-1.,-4.62148418104013E-16));
#6996=DIRECTION('',(-7.3641619171919E-16,-4.62148418104014E-16,1.));
#6997=DIRECTION('',(-2.60645168290283E-16,1.,4.62148418104014E-16));
#6998=DIRECTION('center_axis',(-7.3641619171919E-16,-4.62148418104014E-16,
1.));
#6999=DIRECTION('ref_axis',(1.,1.80447222917585E-15,7.36416191719191E-16));
#7000=DIRECTION('',(-7.3641619171919E-16,-4.62148418104014E-16,1.));
#7001=DIRECTION('center_axis',(7.4940054162198E-16,4.62148418104014E-16,
-1.));
#7002=DIRECTION('ref_axis',(-2.60645168290283E-16,1.,4.62148418104014E-16));
#7003=DIRECTION('center_axis',(1.80447222917585E-15,-1.,-4.62148418104013E-16));
#7004=DIRECTION('ref_axis',(1.,1.80447222917585E-15,7.36416191719191E-16));
#7005=DIRECTION('',(-7.3641619171919E-16,-4.62148418104014E-16,1.));
#7006=DIRECTION('',(-1.,-4.06248187913254E-16,-7.4940054162198E-16));
#7007=DIRECTION('center_axis',(-7.3641619171919E-16,-4.62148418104014E-16,
1.));
#7008=DIRECTION('ref_axis',(-1.80447222917585E-15,1.,4.62148418104013E-16));
#7009=DIRECTION('',(-7.3641619171919E-16,-4.62148418104014E-16,1.));
#7010=DIRECTION('center_axis',(7.4940054162198E-16,4.62148418104014E-16,
-1.));
#7011=DIRECTION('ref_axis',(-1.,-2.60645168290282E-16,-7.49400541621981E-16));
#7012=DIRECTION('center_axis',(1.,3.28476959534273E-15,7.36416191719192E-16));
#7013=DIRECTION('ref_axis',(-3.28476959534273E-15,1.,4.62148418104012E-16));
#7014=DIRECTION('',(-7.3641619171919E-16,-4.62148418104014E-16,1.));
#7015=DIRECTION('',(2.60645168290283E-16,-1.,-4.62148418104014E-16));
#7016=DIRECTION('center_axis',(-7.3641619171919E-16,-4.62148418104014E-16,
1.));
#7017=DIRECTION('ref_axis',(-1.80447222917585E-15,1.,4.62148418104013E-16));
#7018=DIRECTION('',(-7.3641619171919E-16,-4.62148418104014E-16,1.));
#7019=DIRECTION('center_axis',(-7.4940054162198E-16,-4.62148418104014E-16,
1.));
#7020=DIRECTION('ref_axis',(-1.,-2.60645168290282E-16,-7.4940054162198E-16));
#7021=DIRECTION('center_axis',(-7.3641619171919E-16,-4.62148418104014E-16,
1.));
#7022=DIRECTION('ref_axis',(1.78025780536132E-15,-1.,0.));
#7023=DIRECTION('center_axis',(-1.,2.63658897132718E-15,-7.36416191719189E-16));
#7024=DIRECTION('ref_axis',(7.3641619171919E-16,4.62148418104014E-16,-1.));
#7025=DIRECTION('center_axis',(7.3641619171919E-16,4.62148418104014E-16,
-1.));
#7026=DIRECTION('ref_axis',(-0.707106781186548,-0.707106781186547,-8.47513163296196E-16));
#7027=DIRECTION('center_axis',(-7.3641619171919E-16,-4.62148418104014E-16,
1.));
#7028=DIRECTION('ref_axis',(-0.707106781186547,-0.707106781186548,-8.47513163296196E-16));
#7029=DIRECTION('center_axis',(1.,1.69873670302108E-15,7.36416191719191E-16));
#7030=DIRECTION('ref_axis',(1.79336702894285E-15,-0.704014724455971,-0.710185375623283));
#7031=DIRECTION('center_axis',(-1.,-1.80447222917585E-15,-7.36416191719191E-16));
#7032=DIRECTION('ref_axis',(7.3641619171919E-16,4.62148418104014E-16,-1.));
#7033=DIRECTION('',(-1.,-1.69873670302108E-15,-7.36416191719191E-16));
#7034=DIRECTION('',(1.,1.69873670302108E-15,7.36416191719191E-16));
#7035=DIRECTION('center_axis',(-7.3641619171919E-16,-4.62148418104014E-16,
1.));
#7036=DIRECTION('ref_axis',(1.78025780536132E-15,-1.,0.));
#7037=DIRECTION('center_axis',(6.24553342967883E-15,-1.,-4.6214841810401E-16));
#7038=DIRECTION('ref_axis',(7.3641619171919E-16,4.62148418104014E-16,-1.));
#7039=DIRECTION('center_axis',(7.3641619171919E-16,4.62148418104014E-16,
-1.));
#7040=DIRECTION('ref_axis',(0.70710678118655,-0.707106781186545,1.93936602584231E-16));
#7041=DIRECTION('center_axis',(-7.3641619171919E-16,-4.62148418104014E-16,
1.));
#7042=DIRECTION('ref_axis',(0.707106781186549,-0.707106781186546,1.9393660258423E-16));
#7043=DIRECTION('center_axis',(-1.80447222917585E-15,1.,4.62148418104013E-16));
#7044=DIRECTION('ref_axis',(0.704014724455968,1.59858606711659E-15,-0.710185375623286));
#7045=DIRECTION('center_axis',(1.80447222917585E-15,-1.,-4.62148418104013E-16));
#7046=DIRECTION('ref_axis',(7.3641619171919E-16,4.62148418104014E-16,-1.));
#7047=DIRECTION('',(1.80447222917585E-15,-1.,-4.62148418104013E-16));
#7048=DIRECTION('',(-1.80447222917585E-15,1.,4.62148418104013E-16));
#7049=DIRECTION('center_axis',(-7.3641619171919E-16,-4.62148418104014E-16,
1.));
#7050=DIRECTION('ref_axis',(1.78025780536132E-15,-1.,0.));
#7051=DIRECTION('center_axis',(7.3641619171919E-16,4.62148418104014E-16,
-1.));
#7052=DIRECTION('ref_axis',(0.707106781186547,0.707106781186548,8.47513163296196E-16));
#7053=DIRECTION('center_axis',(-7.3641619171919E-16,-4.62148418104014E-16,
1.));
#7054=DIRECTION('ref_axis',(0.707106781186547,0.707106781186548,8.47513163296196E-16));
#7055=DIRECTION('center_axis',(0.999961923064171,1.80843647497868E-15,-0.00872653549837478));
#7056=DIRECTION('ref_axis',(1.80447222917585E-15,-1.,-4.62148418104013E-16));
#7057=DIRECTION('',(-0.00872653549837034,4.46384029944627E-16,-0.999961923064171));
#7058=DIRECTION('',(1.80447222917585E-15,-1.,-4.62148418104013E-16));
#7059=DIRECTION('',(-0.00872653549837478,4.46384029944619E-16,-0.999961923064171));
#7060=DIRECTION('center_axis',(-7.3641619171919E-16,-4.62148418104014E-16,
1.));
#7061=DIRECTION('ref_axis',(-1.80447222917585E-15,1.,4.62148418104013E-16));
#7062=DIRECTION('center_axis',(7.3641619171919E-16,4.62148418104014E-16,
-1.));
#7063=DIRECTION('ref_axis',(-1.,-1.80447222917585E-15,-7.36416191719191E-16));
#7064=DIRECTION('center_axis',(-7.3641619171919E-16,-4.62148418104014E-16,
1.));
#7065=DIRECTION('ref_axis',(1.80447222917585E-15,-1.,-4.62148418104013E-16));
#7066=DIRECTION('center_axis',(-7.3641619171919E-16,-4.62148418104014E-16,
1.));
#7067=DIRECTION('ref_axis',(1.80447222917585E-15,-1.,-4.62148418104013E-16));
#7068=DIRECTION('',(-3.72008164265379E-15,0.00872653549837376,-0.999961923064171));
#7069=DIRECTION('center_axis',(7.3641619171919E-16,4.62148418104014E-16,
-1.));
#7070=DIRECTION('ref_axis',(1.,1.80447222917585E-15,7.36416191719191E-16));
#7071=DIRECTION('center_axis',(1.70509838237126E-15,-0.999961923064171,
-0.00872653549837376));
#7072=DIRECTION('ref_axis',(-1.,-1.69873670302108E-15,-7.36416191719191E-16));
#7073=DIRECTION('',(7.20641360283387E-16,0.00872653549837154,-0.999961923064171));
#7074=DIRECTION('',(1.,1.69873670302108E-15,7.36416191719191E-16));
#7075=DIRECTION('center_axis',(-7.3641619171919E-16,-4.62148418104014E-16,
1.));
#7076=DIRECTION('ref_axis',(1.,1.80447222917585E-15,7.36416191719191E-16));
#7077=DIRECTION('center_axis',(7.3641619171919E-16,4.62148418104014E-16,
-1.));
#7078=DIRECTION('ref_axis',(-1.80447222917585E-15,1.,4.62148418104013E-16));
#7079=DIRECTION('center_axis',(-7.3641619171919E-16,-4.62148418104014E-16,
1.));
#7080=DIRECTION('ref_axis',(1.,1.80447222917585E-15,7.36416191719191E-16));
#7081=DIRECTION('center_axis',(7.4940054162198E-16,4.62148418104014E-16,
-1.));
#7082=DIRECTION('ref_axis',(-2.60645168290283E-16,1.,4.62148418104014E-16));
#7083=DIRECTION('center_axis',(-7.3641619171919E-16,-4.62148418104014E-16,
1.));
#7084=DIRECTION('ref_axis',(-1.,-1.80447222917585E-15,-7.36416191719191E-16));
#7085=DIRECTION('center_axis',(7.4940054162198E-16,4.62148418104014E-16,
-1.));
#7086=DIRECTION('ref_axis',(2.60645168290283E-16,-1.,-4.62148418104014E-16));
#7087=DIRECTION('',(-7.3641619171919E-16,-4.62148418104014E-16,1.));
#7088=DIRECTION('center_axis',(1.,1.80447222917585E-15,7.36416191719191E-16));
#7089=DIRECTION('ref_axis',(-1.80447222917585E-15,1.,4.62148418104013E-16));
#7090=DIRECTION('',(2.60645168290283E-16,-1.,-4.62148418104014E-16));
#7091=DIRECTION('',(-7.3641619171919E-16,-4.62148418104014E-16,1.));
#7092=DIRECTION('center_axis',(-7.3641619171919E-16,-4.62148418104014E-16,
1.));
#7093=DIRECTION('ref_axis',(-1.80447222917585E-15,1.,4.62148418104013E-16));
#7094=DIRECTION('center_axis',(7.4940054162198E-16,4.62148418104014E-16,
-1.));
#7095=DIRECTION('ref_axis',(-1.,-2.60645168290282E-16,-7.4940054162198E-16));
#7096=DIRECTION('',(-7.3641619171919E-16,-4.62148418104014E-16,1.));
#7097=DIRECTION('center_axis',(2.91469525380101E-15,-1.,-4.62148418104012E-16));
#7098=DIRECTION('ref_axis',(1.,2.91469525380101E-15,7.36416191719191E-16));
#7099=DIRECTION('',(-1.,4.18024693021034E-15,-7.49400541621978E-16));
#7100=DIRECTION('center_axis',(7.4940054162198E-16,4.62148418104014E-16,
-1.));
#7101=DIRECTION('ref_axis',(-2.60645168290283E-16,1.,4.62148418104014E-16));
#7102=DIRECTION('center_axis',(-7.4940054162198E-16,-4.62148418104014E-16,
1.));
#7103=DIRECTION('ref_axis',(1.,-3.25722579558321E-16,7.4940054162198E-16));
#7104=DIRECTION('',(-2.97560521985626E-16,1.,4.62148418104014E-16));
#7105=DIRECTION('center_axis',(7.4940054162198E-16,4.62148418104014E-16,
-1.));
#7106=DIRECTION('ref_axis',(-0.967887634746589,-0.251383226378876,-8.41511878117192E-16));
#7107=DIRECTION('',(1.,-4.18024693021034E-15,7.49400541621978E-16));
#7108=DIRECTION('center_axis',(-7.4940054162198E-16,-4.62148418104014E-16,
1.));
#7109=DIRECTION('ref_axis',(0.299963409367096,0.953950707867481,6.65659552036639E-16));
#7110=DIRECTION('',(-8.30094843502577E-17,1.,4.62148418104014E-16));
#7111=DIRECTION('center_axis',(-7.4940054162198E-16,-4.62148418104014E-16,
1.));
#7112=DIRECTION('ref_axis',(0.299963409367092,-0.953950707867482,-2.16074069143687E-16));
#7113=DIRECTION('',(-1.,2.58639993549194E-17,-7.4940054162198E-16));
#7114=DIRECTION('',(-0.156173761888607,0.312347523777212,0.937042571331636));
#7115=DIRECTION('',(-7.86848284237552E-16,0.447213595499958,0.894427190999916));
#7116=DIRECTION('center_axis',(-4.20271170354641E-15,-0.948683298050514,
0.316227766016837));
#7117=DIRECTION('ref_axis',(7.933670166783E-16,-0.316227766016837,-0.948683298050514));
#7118=DIRECTION('',(0.380220997373181,-0.292477690287062,-0.877433070861185));
#7119=DIRECTION('',(-0.509320651476864,0.141477958743574,0.848867752461439));
#7120=DIRECTION('center_axis',(0.857492925712543,-1.6659335389467E-16,0.514495755427528));
#7121=DIRECTION('ref_axis',(2.60645168290283E-16,-1.,-7.58207891337388E-16));
#7122=DIRECTION('',(0.509320651476864,0.141477958743574,-0.848867752461439));
#7123=DIRECTION('',(0.380220997373178,0.292477690287063,-0.877433070861186));
#7124=DIRECTION('center_axis',(-2.12444514920126E-16,0.948683298050514,
0.316227766016839));
#7125=DIRECTION('ref_axis',(-6.28520538095263E-16,-0.316227766016839,0.948683298050514));
#7126=DIRECTION('',(0.0394976252766687,0.315981002213346,-0.947943006640037));
#7127=DIRECTION('',(-1.,1.59454889341565E-15,-7.49400541621979E-16));
#7128=DIRECTION('center_axis',(-7.4940054162198E-16,-4.62148418104014E-16,
1.));
#7129=DIRECTION('ref_axis',(-1.,3.25722579558321E-16,-7.4940054162198E-16));
#7130=DIRECTION('',(-0.316227766016837,7.07092593041895E-16,-0.948683298050514));
#7131=DIRECTION('',(0.316227766016836,-1.05817593989957E-15,0.948683298050514));
#7132=DIRECTION('center_axis',(-0.948683298050514,8.10300452383636E-16,
0.316227766016837));
#7133=DIRECTION('ref_axis',(0.316227766016837,-3.56009246184225E-16,0.948683298050514));
#7134=DIRECTION('',(9.43103734299E-16,-1.,-4.62148418104013E-16));
#7135=DIRECTION('',(-0.315981002213346,-0.0394976252766677,-0.947943006640037));
#7136=DIRECTION('center_axis',(7.4940054162198E-16,4.62148418104014E-16,
-1.));
#7137=DIRECTION('ref_axis',(-1.,3.25722579558321E-16,-7.4940054162198E-16));
#7138=DIRECTION('',(-0.0394976252766673,-0.315981002213345,-0.947943006640037));
#7139=DIRECTION('center_axis',(2.41771712291251E-15,-0.948683298050514,
0.316227766016837));
#7140=DIRECTION('ref_axis',(7.93367016678301E-16,-0.316227766016837,-0.948683298050514));
#7141=DIRECTION('',(1.,-3.25722579558321E-16,7.4940054162198E-16));
#7142=DIRECTION('',(-7.93367016678301E-16,0.316227766016837,0.948683298050514));
#7143=DIRECTION('center_axis',(-7.4940054162198E-16,-4.62148418104014E-16,
1.));
#7144=DIRECTION('ref_axis',(-1.,3.25722579558321E-16,-7.4940054162198E-16));
#7145=DIRECTION('',(-7.93367016678301E-16,0.316227766016837,0.948683298050514));
#7146=DIRECTION('center_axis',(-1.,-2.60645168290282E-16,-7.4940054162198E-16));
#7147=DIRECTION('ref_axis',(-2.60645168290283E-16,1.,4.62148418104014E-16));
#7148=DIRECTION('',(-3.25722579558321E-16,-1.,-4.62148418104014E-16));
#7149=DIRECTION('',(7.4940054162198E-16,4.62148418104014E-16,-1.));
#7150=DIRECTION('center_axis',(-7.4940054162198E-16,-4.62148418104014E-16,
1.));
#7151=DIRECTION('ref_axis',(1.,-3.25722579558321E-16,7.4940054162198E-16));
#7152=DIRECTION('',(0.316227766016838,5.20855724767263E-16,-0.948683298050514));
#7153=DIRECTION('',(-0.316227766016839,-8.71939071624933E-16,0.948683298050513));
#7154=DIRECTION('center_axis',(0.948683298050514,-1.10258877603413E-15,
0.316227766016838));
#7155=DIRECTION('ref_axis',(0.316227766016838,5.20855724767263E-16,-0.948683298050514));
#7156=DIRECTION('',(3.25722579558321E-16,1.,4.62148418104014E-16));
#7157=DIRECTION('',(0.315981002213346,0.0394976252766686,-0.947943006640037));
#7158=DIRECTION('center_axis',(7.4940054162198E-16,4.62148418104014E-16,
-1.));
#7159=DIRECTION('ref_axis',(1.,-3.25722579558321E-16,7.4940054162198E-16));
#7160=DIRECTION('center_axis',(7.4940054162198E-16,4.62148418104014E-16,
-1.));
#7161=DIRECTION('ref_axis',(-1.,-2.60645168290282E-16,-7.49400541621981E-16));
#7162=DIRECTION('center_axis',(-7.4940054162198E-16,-4.62148418104014E-16,
1.));
#7163=DIRECTION('ref_axis',(-3.25722579558321E-16,-1.,-4.62148418104014E-16));
#7164=DIRECTION('',(7.4940054162198E-16,4.62148418104014E-16,-1.));
#7165=DIRECTION('',(7.4940054162198E-16,4.62148418104014E-16,-1.));
#7166=DIRECTION('center_axis',(1.,2.60645168290282E-16,7.4940054162198E-16));
#7167=DIRECTION('ref_axis',(2.60645168290283E-16,-1.,-4.62148418104014E-16));
#7168=DIRECTION('',(-2.97560521985626E-16,1.,4.62148418104014E-16));
#7169=DIRECTION('center_axis',(3.056087095566E-17,1.,4.62148418104014E-16));
#7170=DIRECTION('ref_axis',(1.,-3.05608709556603E-17,7.4940054162198E-16));
#7171=DIRECTION('',(7.4940054162198E-16,4.62148418104014E-16,-1.));
#7172=DIRECTION('',(-1.,3.25722579558321E-16,-7.4940054162198E-16));
#7173=DIRECTION('center_axis',(7.4940054162198E-16,4.62148418104014E-16,
-1.));
#7174=DIRECTION('ref_axis',(1.,2.60645168290282E-16,7.4940054162198E-16));
#7175=DIRECTION('center_axis',(-7.4940054162198E-16,-4.62148418104014E-16,
1.));
#7176=DIRECTION('ref_axis',(3.25722579558321E-16,1.,4.62148418104014E-16));
#7177=DIRECTION('center_axis',(4.06248187913254E-16,-1.,-4.62148418104014E-16));
#7178=DIRECTION('ref_axis',(-1.,-4.06248187913254E-16,-7.4940054162198E-16));
#7179=DIRECTION('',(1.,-1.69901804172334E-16,7.4940054162198E-16));
#7180=DIRECTION('center_axis',(-1.,3.25722579558321E-16,-7.4940054162198E-16));
#7181=DIRECTION('ref_axis',(-3.25722579558321E-16,-1.,-4.62148418104014E-16));
#7182=DIRECTION('',(-7.4940054162198E-16,-4.62148418104014E-16,1.));
#7183=DIRECTION('',(0.,-1.,0.));
#7184=DIRECTION('',(-7.4940054162198E-16,-4.62148418104014E-16,1.));
#7185=DIRECTION('center_axis',(-7.4940054162198E-16,-4.62148418104014E-16,
1.));
#7186=DIRECTION('ref_axis',(3.25722579558321E-16,1.,4.62148418104014E-16));
#7187=DIRECTION('center_axis',(0.,0.,1.));
#7188=DIRECTION('ref_axis',(0.,1.,0.));
#7189=DIRECTION('',(-7.4940054162198E-16,-4.62148418104014E-16,1.));
#7190=DIRECTION('center_axis',(3.25722579558321E-16,1.,4.62148418104014E-16));
#7191=DIRECTION('ref_axis',(-1.,3.25722579558321E-16,-7.4940054162198E-16));
#7192=DIRECTION('',(-1.,0.,0.));
#7193=DIRECTION('',(-7.4940054162198E-16,-4.62148418104014E-16,1.));
#7194=DIRECTION('center_axis',(-7.4940054162198E-16,-4.62148418104014E-16,
1.));
#7195=DIRECTION('ref_axis',(1.,-3.25722579558321E-16,7.4940054162198E-16));
#7196=DIRECTION('center_axis',(0.,0.,1.));
#7197=DIRECTION('ref_axis',(1.,-3.25722579558321E-16,7.4940054162198E-16));
#7198=DIRECTION('',(-7.4940054162198E-16,-4.62148418104014E-16,1.));
#7199=DIRECTION('center_axis',(1.,-3.25722579558321E-16,7.4940054162198E-16));
#7200=DIRECTION('ref_axis',(3.25722579558321E-16,1.,4.62148418104014E-16));
#7201=DIRECTION('',(3.25722579558321E-16,1.,0.));
#7202=DIRECTION('',(-7.4940054162198E-16,-4.62148418104014E-16,1.));
#7203=DIRECTION('center_axis',(-7.4940054162198E-16,-4.62148418104014E-16,
1.));
#7204=DIRECTION('ref_axis',(1.,-3.25722579558321E-16,7.4940054162198E-16));
#7205=DIRECTION('center_axis',(0.,0.,-1.));
#7206=DIRECTION('ref_axis',(1.,-3.25722579558321E-16,7.4940054162198E-16));
#7207=DIRECTION('',(-7.4940054162198E-16,-4.62148418104014E-16,1.));
#7208=DIRECTION('center_axis',(1.59454889341565E-15,1.,4.62148418104015E-16));
#7209=DIRECTION('ref_axis',(-1.,1.59454889341565E-15,-7.49400541621979E-16));
#7210=DIRECTION('',(-1.,1.59454889341565E-15,0.));
#7211=DIRECTION('',(-7.4940054162198E-16,-4.62148418104014E-16,1.));
#7212=DIRECTION('center_axis',(-7.4940054162198E-16,-4.62148418104014E-16,
1.));
#7213=DIRECTION('ref_axis',(1.,-3.25722579558321E-16,7.4940054162198E-16));
#7214=DIRECTION('center_axis',(0.,0.,1.));
#7215=DIRECTION('ref_axis',(1.,-3.25722579558321E-16,7.4940054162198E-16));
#7216=DIRECTION('',(-7.4940054162198E-16,-4.62148418104014E-16,1.));
#7217=DIRECTION('center_axis',(1.,2.97560521985626E-16,7.4940054162198E-16));
#7218=DIRECTION('ref_axis',(-2.97560521985626E-16,1.,4.62148418104014E-16));
#7219=DIRECTION('',(0.,1.,0.));
#7220=DIRECTION('',(-7.4940054162198E-16,-4.62148418104014E-16,1.));
#7221=DIRECTION('center_axis',(-7.4940054162198E-16,-4.62148418104014E-16,
1.));
#7222=DIRECTION('ref_axis',(-3.25722579558321E-16,-1.,-4.62148418104014E-16));
#7223=DIRECTION('center_axis',(0.,0.,1.));
#7224=DIRECTION('ref_axis',(0.,-1.,0.));
#7225=DIRECTION('',(-7.4940054162198E-16,-4.62148418104014E-16,1.));
#7226=DIRECTION('center_axis',(-1.69901804172334E-16,-1.,-4.62148418104014E-16));
#7227=DIRECTION('ref_axis',(1.,-1.69901804172334E-16,7.4940054162198E-16));
#7228=DIRECTION('',(1.,0.,0.));
#7229=DIRECTION('',(-7.4940054162198E-16,-4.62148418104014E-16,1.));
#7230=DIRECTION('center_axis',(-7.4940054162198E-16,-4.62148418104014E-16,
1.));
#7231=DIRECTION('ref_axis',(-1.,3.25722579558321E-16,-7.4940054162198E-16));
#7232=DIRECTION('center_axis',(0.,0.,1.));
#7233=DIRECTION('ref_axis',(-1.,3.25722579558321E-16,-7.4940054162198E-16));
#7234=DIRECTION('',(-7.4940054162198E-16,-4.62148418104014E-16,1.));
#7235=DIRECTION('center_axis',(-1.,-9.43103734299E-16,-7.4940054162198E-16));
#7236=DIRECTION('ref_axis',(9.43103734299E-16,-1.,-4.62148418104013E-16));
#7237=DIRECTION('',(9.43103734299E-16,-1.,0.));
#7238=DIRECTION('',(-7.4940054162198E-16,-4.62148418104014E-16,1.));
#7239=DIRECTION('center_axis',(-7.4940054162198E-16,-4.62148418104014E-16,
1.));
#7240=DIRECTION('ref_axis',(-1.,3.25722579558321E-16,-7.4940054162198E-16));
#7241=DIRECTION('center_axis',(0.,0.,-1.));
#7242=DIRECTION('ref_axis',(-1.,3.25722579558321E-16,-7.4940054162198E-16));
#7243=DIRECTION('',(-7.4940054162198E-16,-4.62148418104014E-16,1.));
#7244=DIRECTION('center_axis',(-3.25722579558321E-16,-1.,-4.62148418104014E-16));
#7245=DIRECTION('ref_axis',(1.,-3.25722579558321E-16,7.4940054162198E-16));
#7246=DIRECTION('',(1.,-3.25722579558321E-16,0.));
#7247=DIRECTION('',(-7.4940054162198E-16,-4.62148418104014E-16,1.));
#7248=DIRECTION('center_axis',(-7.4940054162198E-16,-4.62148418104014E-16,
1.));
#7249=DIRECTION('ref_axis',(-1.,3.25722579558321E-16,-7.4940054162198E-16));
#7250=DIRECTION('center_axis',(0.,0.,1.));
#7251=DIRECTION('ref_axis',(-1.,3.25722579558321E-16,-7.4940054162198E-16));
#7252=DIRECTION('center_axis',(0.,0.,1.));
#7253=DIRECTION('ref_axis',(1.,0.,0.));
#7254=DIRECTION('',(1.,0.,0.));
#7255=DIRECTION('center_axis',(0.,0.,1.));
#7256=DIRECTION('ref_axis',(-1.,-2.22044604925032E-15,0.));
#7257=DIRECTION('',(0.,-1.,0.));
#7258=DIRECTION('center_axis',(0.,0.,1.));
#7259=DIRECTION('ref_axis',(1.,0.,0.));
#7260=DIRECTION('center_axis',(0.,0.,1.));
#7261=DIRECTION('ref_axis',(1.,0.,0.));
#7262=DIRECTION('',(-1.,0.,0.));
#7263=DIRECTION('center_axis',(0.,0.,1.));
#7264=DIRECTION('ref_axis',(1.,2.22044604925032E-15,0.));
#7265=DIRECTION('',(0.,1.,0.));
#7266=DIRECTION('center_axis',(0.,0.,1.));
#7267=DIRECTION('ref_axis',(1.,0.,0.));
#7268=DIRECTION('center_axis',(0.,0.,1.));
#7269=DIRECTION('ref_axis',(1.,0.,0.));
#7270=DIRECTION('',(0.,0.,1.));
#7271=DIRECTION('center_axis',(0.,0.,-1.));
#7272=DIRECTION('ref_axis',(1.,0.,0.));
#7273=DIRECTION('center_axis',(0.,0.,1.));
#7274=DIRECTION('ref_axis',(1.,0.,0.));
#7275=DIRECTION('',(0.,0.,1.));
#7276=DIRECTION('center_axis',(0.,0.,-1.));
#7277=DIRECTION('ref_axis',(1.,0.,0.));
#7278=DIRECTION('center_axis',(0.,0.,1.));
#7279=DIRECTION('ref_axis',(1.,0.,0.));
#7280=DIRECTION('center_axis',(0.,0.,1.));
#7281=DIRECTION('ref_axis',(1.,0.,0.));
#7282=DIRECTION('center_axis',(1.22464679914735E-16,-1.,0.));
#7283=DIRECTION('ref_axis',(-1.,-1.22464679914735E-16,0.));
#7284=DIRECTION('center_axis',(0.,0.,1.));
#7285=DIRECTION('ref_axis',(0.,1.,0.));
#7286=DIRECTION('center_axis',(0.,0.,1.));
#7287=DIRECTION('ref_axis',(0.,1.,0.));
#7288=DIRECTION('center_axis',(0.,0.,1.));
#7289=DIRECTION('ref_axis',(0.,1.,0.));
#7290=DIRECTION('center_axis',(0.,0.,1.));
#7291=DIRECTION('ref_axis',(1.,0.,0.));
#7292=DIRECTION('center_axis',(0.,0.,1.));
#7293=DIRECTION('ref_axis',(0.,1.,0.));
#7294=DIRECTION('center_axis',(0.,0.,1.));
#7295=DIRECTION('ref_axis',(0.,1.,0.));
#7296=DIRECTION('center_axis',(0.,0.,1.));
#7297=DIRECTION('ref_axis',(0.,1.,0.));
#7298=DIRECTION('',(0.,0.,-1.));
#7299=DIRECTION('center_axis',(0.,0.,-1.));
#7300=DIRECTION('ref_axis',(0.,1.,0.));
#7301=DIRECTION('center_axis',(0.,0.,1.));
#7302=DIRECTION('ref_axis',(0.,1.,0.));
#7303=DIRECTION('center_axis',(0.,0.,1.));
#7304=DIRECTION('ref_axis',(0.,1.,0.));
#7305=DIRECTION('',(4.18853873767695E-17,-0.342020143325665,-0.93969262078591));
#7306=DIRECTION('center_axis',(0.,0.,1.));
#7307=DIRECTION('ref_axis',(1.,0.,0.));
#7308=DIRECTION('center_axis',(0.,0.,1.));
#7309=DIRECTION('ref_axis',(0.,1.,0.));
#7310=DIRECTION('center_axis',(0.,0.,1.));
#7311=DIRECTION('ref_axis',(0.,1.,0.));
#7312=DIRECTION('center_axis',(0.,0.,1.));
#7313=DIRECTION('ref_axis',(0.,1.,0.));
#7314=DIRECTION('',(0.,0.,-1.));
#7315=DIRECTION('center_axis',(0.,0.,1.));
#7316=DIRECTION('ref_axis',(0.,1.,0.));
#7317=DIRECTION('center_axis',(0.,0.,1.));
#7318=DIRECTION('ref_axis',(0.,1.,0.));
#7319=DIRECTION('center_axis',(0.,0.,1.));
#7320=DIRECTION('ref_axis',(1.,0.,0.));
#7321=DIRECTION('center_axis',(0.,0.,1.));
#7322=DIRECTION('ref_axis',(1.,0.,0.));
#7323=DIRECTION('',(0.,-1.,0.));
#7324=DIRECTION('center_axis',(0.,0.,1.));
#7325=DIRECTION('ref_axis',(-1.,-2.22044604925032E-15,0.));
#7326=DIRECTION('',(1.,0.,0.));
#7327=DIRECTION('center_axis',(0.,0.,1.));
#7328=DIRECTION('ref_axis',(0.,-1.,0.));
#7329=DIRECTION('',(0.,1.,0.));
#7330=DIRECTION('center_axis',(0.,0.,1.));
#7331=DIRECTION('ref_axis',(1.,2.22044604925032E-15,0.));
#7332=DIRECTION('',(-1.,0.,0.));
#7333=DIRECTION('center_axis',(0.,0.,1.));
#7334=DIRECTION('ref_axis',(0.,1.,0.));
#7335=DIRECTION('center_axis',(0.,0.,1.));
#7336=DIRECTION('ref_axis',(0.,1.,0.));
#7337=DIRECTION('',(0.,0.,1.));
#7338=DIRECTION('',(0.,0.,1.));
#7339=DIRECTION('center_axis',(0.,1.,0.));
#7340=DIRECTION('ref_axis',(-1.,0.,0.));
#7341=DIRECTION('',(0.,0.,1.));
#7342=DIRECTION('center_axis',(0.,0.,1.));
#7343=DIRECTION('ref_axis',(1.,2.22044604925032E-15,0.));
#7344=DIRECTION('',(0.,0.,1.));
#7345=DIRECTION('center_axis',(1.,0.,0.));
#7346=DIRECTION('ref_axis',(0.,1.,0.));
#7347=DIRECTION('',(0.,0.,1.));
#7348=DIRECTION('center_axis',(0.,0.,1.));
#7349=DIRECTION('ref_axis',(0.,-1.,0.));
#7350=DIRECTION('',(0.,0.,1.));
#7351=DIRECTION('center_axis',(0.,-1.,0.));
#7352=DIRECTION('ref_axis',(1.,0.,0.));
#7353=DIRECTION('',(0.,0.,1.));
#7354=DIRECTION('center_axis',(0.,0.,1.));
#7355=DIRECTION('ref_axis',(-1.,-2.22044604925032E-15,0.));
#7356=DIRECTION('',(0.,0.,1.));
#7357=DIRECTION('center_axis',(-1.,0.,0.));
#7358=DIRECTION('ref_axis',(0.,-1.,0.));
#7359=DIRECTION('axis',(0.,0.,1.));
#7360=DIRECTION('refdir',(1.,0.,0.));
#7361=DIRECTION('center_axis',(0.,0.,1.));
#7362=DIRECTION('ref_axis',(1.,0.,0.));
#7363=DIRECTION('center_axis',(-1.,0.,-1.77635683940025E-15));
#7364=DIRECTION('ref_axis',(0.,-1.,0.));
#7365=DIRECTION('center_axis',(0.,0.,-1.));
#7366=DIRECTION('ref_axis',(-0.5,-0.866025403784439,0.));
#7367=DIRECTION('center_axis',(0.866025403784438,-0.5,0.));
#7368=DIRECTION('ref_axis',(0.,0.,-1.));
#7369=DIRECTION('center_axis',(0.,0.,1.));
#7370=DIRECTION('ref_axis',(-0.25881904510252,-0.965925826289068,0.));
#7371=DIRECTION('center_axis',(0.,0.,-1.));
#7372=DIRECTION('ref_axis',(0.,-1.,0.));
#7373=DIRECTION('',(0.,0.,-1.));
#7374=DIRECTION('',(0.,0.,1.));
#7375=DIRECTION('center_axis',(-1.,0.,4.44089209850063E-16));
#7376=DIRECTION('ref_axis',(0.,-1.,0.));
#7377=DIRECTION('center_axis',(0.453920649501602,-0.891042111213631,1.25988289107371E-16));
#7378=DIRECTION('ref_axis',(-0.891042111213631,-0.453920649501602,0.));
#7379=DIRECTION('center_axis',(-1.29692626873039E-16,1.,0.));
#7380=DIRECTION('ref_axis',(-1.,-1.29692626873039E-16,-9.25185853854297E-17));
#7381=DIRECTION('center_axis',(-1.,-1.29692626873039E-16,1.41114066300656E-31));
#7382=DIRECTION('ref_axis',(0.,-0.707106781186547,0.707106781186547));
#7383=DIRECTION('center_axis',(-1.,2.44613089227998E-32,4.06691900572854E-31));
#7384=DIRECTION('ref_axis',(0.,-0.707106781186547,0.707106781186547));
#7385=DIRECTION('',(-1.,-1.29692626873039E-16,1.41114066300656E-31));
#7386=DIRECTION('',(1.,1.29692626873039E-16,-1.41114066300656E-31));
#7387=DIRECTION('center_axis',(0.866025403784439,-0.5,5.02897454002238E-33));
#7388=DIRECTION('ref_axis',(-0.353553390593274,-0.612372435695795,-0.707106781186547));
#7389=DIRECTION('center_axis',(0.866025403784439,-0.5,0.));
#7390=DIRECTION('ref_axis',(-0.5,-0.866025403784439,0.));
#7391=DIRECTION('',(0.866025403784439,-0.5,5.02897454002238E-33));
#7392=DIRECTION('',(-0.866025403784439,0.5,-5.02897454002238E-33));
#7393=DIRECTION('center_axis',(1.,1.29692626873039E-16,-4.0189563005998E-32));
#7394=DIRECTION('ref_axis',(0.,-0.707106781186547,-0.707106781186547));
#7395=DIRECTION('center_axis',(-1.,2.44613089227998E-32,4.06691900572854E-31));
#7396=DIRECTION('ref_axis',(0.,-0.707106781186547,-0.707106781186547));
#7397=DIRECTION('',(-1.,-1.29692626873039E-16,4.0189563005998E-32));
#7398=DIRECTION('',(1.,1.29692626873039E-16,-4.0189563005998E-32));
#7399=DIRECTION('center_axis',(0.866025403784439,-0.5,5.02897454002238E-33));
#7400=DIRECTION('ref_axis',(-0.353553390593274,-0.612372435695795,-0.707106781186547));
#7401=DIRECTION('center_axis',(-1.05735526154777E-16,1.,0.));
#7402=DIRECTION('ref_axis',(-1.,-7.85046229341887E-17,5.55111512312578E-17));
#7403=DIRECTION('',(-0.866025403784439,0.5,-5.02897454002238E-33));
#7404=DIRECTION('center_axis',(0.866025403784439,-0.5,0.));
#7405=DIRECTION('ref_axis',(-0.5,-0.866025403784439,0.));
#7406=DIRECTION('',(-0.866025403784439,0.5,-5.02897454002238E-33));
#7407=DIRECTION('center_axis',(-4.0189563005998E-32,-7.9668314140424E-32,
-1.));
#7408=DIRECTION('ref_axis',(-1.,0.,0.));
#7409=DIRECTION('center_axis',(2.0094781502999E-32,3.9834157070212E-32,
1.));
#7410=DIRECTION('ref_axis',(-1.,0.,2.0094781502999E-32));
#7411=DIRECTION('center_axis',(4.0189563005998E-32,7.9668314140424E-32,
1.));
#7412=DIRECTION('ref_axis',(0.28433835184358,0.958723996607406,0.));
#7413=DIRECTION('center_axis',(0.,0.,1.));
#7414=DIRECTION('ref_axis',(-1.,8.88178419700125E-17,0.));
#7415=DIRECTION('',(0.,0.,1.));
#7416=DIRECTION('center_axis',(1.41114066300656E-31,3.58067394501565E-31,
1.));
#7417=DIRECTION('ref_axis',(-1.,3.66373598126302E-16,0.));
#7418=DIRECTION('',(0.,0.,1.));
#7419=DIRECTION('center_axis',(0.,0.,-1.));
#7420=DIRECTION('ref_axis',(-0.520000000000001,-0.854166260162505,0.));
#7421=DIRECTION('',(0.,0.,-1.));
#7422=DIRECTION('',(0.,0.,1.));
#7423=DIRECTION('center_axis',(0.,0.,-1.));
#7424=DIRECTION('ref_axis',(0.854166260162505,-0.52,0.));
#7425=DIRECTION('center_axis',(0.,0.,-1.));
#7426=DIRECTION('ref_axis',(-0.0103993991881616,0.999945924786198,0.));
#7427=DIRECTION('',(0.,0.,-1.));
#7428=DIRECTION('',(0.,0.,1.));
#7429=DIRECTION('center_axis',(0.,0.,-1.));
#7430=DIRECTION('ref_axis',(0.52,0.854166260162505,0.));
#7431=DIRECTION('center_axis',(0.,0.,1.));
#7432=DIRECTION('ref_axis',(-0.500000000000001,-0.866025403784438,0.));
#7433=DIRECTION('',(0.,0.,1.));
#7434=DIRECTION('center_axis',(-1.41114066300656E-31,-3.58067394501565E-31,
-1.));
#7435=DIRECTION('ref_axis',(0.263838138181832,0.964566968561926,0.));
#7436=DIRECTION('center_axis',(-0.5,-0.866025403784439,0.));
#7437=DIRECTION('ref_axis',(0.,0.,-1.));
#7438=DIRECTION('',(0.866025403784439,-0.5,5.68253310030921E-32));
#7439=DIRECTION('center_axis',(-0.866025403784439,0.5,-5.68253310030921E-32));
#7440=DIRECTION('ref_axis',(-0.353553390593274,-0.612372435695795,0.707106781186548));
#7441=DIRECTION('',(-0.866025403784439,0.5,-5.68253310030921E-32));
#7442=DIRECTION('center_axis',(0.866025403784439,-0.5,0.));
#7443=DIRECTION('ref_axis',(0.,0.,1.));
#7444=DIRECTION('center_axis',(1.41114066300656E-31,3.58067394501565E-31,
1.));
#7445=DIRECTION('ref_axis',(1.,0.,-1.41114066300656E-31));
#7446=DIRECTION('',(2.44613089227998E-32,1.,-3.58067394501565E-31));
#7447=DIRECTION('',(1.,3.24231567182597E-16,-1.41114066300657E-31));
#7448=DIRECTION('',(0.866025403784438,0.500000000000001,-3.01242063498472E-31));
#7449=DIRECTION('center_axis',(1.41114066300656E-31,3.58067394501565E-31,
1.));
#7450=DIRECTION('ref_axis',(0.263838138181834,-0.964566968561926,3.08148708731208E-31));
#7451=DIRECTION('center_axis',(-1.41114066300656E-31,-3.58067394501565E-31,
-1.));
#7452=DIRECTION('ref_axis',(-1.,3.66373598126301E-16,1.41114066300656E-31));
#7453=DIRECTION('center_axis',(1.41114066300656E-31,3.58067394501565E-31,
1.));
#7454=DIRECTION('ref_axis',(0.263838138181832,0.964566968561926,-3.82611253779274E-31));
#7455=DIRECTION('center_axis',(0.,0.,1.));
#7456=DIRECTION('ref_axis',(1.,0.,0.));
#7457=DIRECTION('center_axis',(0.866025403784438,0.500000000000001,-3.84592537276713E-16));
#7458=DIRECTION('ref_axis',(-0.500000000000001,0.866025403784438,0.));
#7459=DIRECTION('center_axis',(0.,0.,-1.));
#7460=DIRECTION('ref_axis',(-4.44089209850063E-16,1.,0.));
#7461=DIRECTION('center_axis',(-1.,4.44089209850063E-16,0.));
#7462=DIRECTION('ref_axis',(0.,0.,-1.));
#7463=DIRECTION('center_axis',(0.,0.,1.));
#7464=DIRECTION('ref_axis',(-0.258819045102522,0.965925826289068,0.));
#7465=DIRECTION('center_axis',(0.,0.,-1.));
#7466=DIRECTION('ref_axis',(-0.500000000000001,0.866025403784438,0.));
#7467=DIRECTION('',(0.,0.,-1.));
#7468=DIRECTION('',(0.,0.,1.));
#7469=DIRECTION('center_axis',(-1.,-4.44089209850063E-16,1.77635683940025E-15));
#7470=DIRECTION('ref_axis',(1.77635683940025E-15,1.33226762955019E-15,1.));
#7471=DIRECTION('center_axis',(3.24231567182597E-16,-1.,0.));
#7472=DIRECTION('ref_axis',(-1.,-3.24231567182597E-16,-9.25185853854298E-17));
#7473=DIRECTION('center_axis',(0.453920649501601,0.891042111213631,-6.20616022997362E-16));
#7474=DIRECTION('ref_axis',(-0.891042111213631,0.453920649501601,0.));
#7475=DIRECTION('center_axis',(1.,3.24231567182597E-16,-1.41114066300657E-31));
#7476=DIRECTION('ref_axis',(-6.2803698347351E-16,0.707106781186547,0.707106781186547));
#7477=DIRECTION('center_axis',(-1.,2.44613089227998E-32,4.06691900572854E-31));
#7478=DIRECTION('ref_axis',(-6.2803698347351E-16,0.707106781186547,0.707106781186547));
#7479=DIRECTION('',(-1.,-3.24231567182597E-16,1.41114066300657E-31));
#7480=DIRECTION('center_axis',(-1.,-3.24231567182597E-16,4.01895630059981E-32));
#7481=DIRECTION('ref_axis',(-6.2803698347351E-16,0.707106781186547,-0.707106781186547));
#7482=DIRECTION('center_axis',(-1.,2.44613089227998E-32,4.06691900572854E-31));
#7483=DIRECTION('ref_axis',(-6.2803698347351E-16,0.707106781186547,-0.707106781186547));
#7484=DIRECTION('',(-1.,-3.24231567182597E-16,4.01895630059981E-32));
#7485=DIRECTION('',(1.,3.24231567182597E-16,-4.01895630059981E-32));
#7486=DIRECTION('center_axis',(-0.866025403784438,-0.500000000000001,7.46393396004016E-32));
#7487=DIRECTION('ref_axis',(-0.353553390593274,0.612372435695794,-0.707106781186548));
#7488=DIRECTION('center_axis',(0.866025403784438,0.500000000000001,-1.92296268638356E-16));
#7489=DIRECTION('ref_axis',(-2.22044604925031E-16,0.,-1.));
#7490=DIRECTION('',(0.866025403784438,0.500000000000001,-7.46393396004016E-32));
#7491=DIRECTION('',(-0.866025403784438,-0.500000000000001,7.46393396004016E-32));
#7492=DIRECTION('center_axis',(-0.866025403784438,-0.500000000000001,7.46393396004016E-32));
#7493=DIRECTION('ref_axis',(-0.353553390593274,0.612372435695794,-0.707106781186548));
#7494=DIRECTION('',(0.866025403784438,0.500000000000001,-7.46393396004016E-32));
#7495=DIRECTION('center_axis',(0.866025403784438,0.500000000000001,0.));
#7496=DIRECTION('ref_axis',(0.,0.,-1.));
#7497=DIRECTION('',(0.866025403784438,0.500000000000001,-7.46393396004016E-32));
#7498=DIRECTION('center_axis',(-2.11471052309554E-16,-1.,0.));
#7499=DIRECTION('ref_axis',(-1.,2.35513868802567E-16,5.55111512312579E-17));
#7500=DIRECTION('center_axis',(-4.0189563005998E-32,-7.9668314140424E-32,
-1.));
#7501=DIRECTION('ref_axis',(-1.,0.,0.));
#7502=DIRECTION('center_axis',(4.0189563005998E-32,7.9668314140424E-32,
1.));
#7503=DIRECTION('ref_axis',(0.284338351843572,-0.958723996607408,0.));
#7504=DIRECTION('center_axis',(2.0094781502999E-32,3.9834157070212E-32,
1.));
#7505=DIRECTION('ref_axis',(-1.,0.,2.0094781502999E-32));
#7506=DIRECTION('center_axis',(4.0189563005998E-32,7.9668314140424E-32,
1.));
#7507=DIRECTION('ref_axis',(1.,0.,-4.0189563005998E-32));
#7508=DIRECTION('',(-1.,-1.05735526154777E-16,4.0189563005998E-32));
#7509=DIRECTION('center_axis',(-4.0189563005998E-32,-7.9668314140424E-32,
-1.));
#7510=DIRECTION('ref_axis',(-1.11022302462516E-15,1.,0.));
#7511=DIRECTION('',(1.05735526154777E-16,-1.,7.9668314140424E-32));
#7512=DIRECTION('center_axis',(-4.0189563005998E-32,-7.9668314140424E-32,
-1.));
#7513=DIRECTION('ref_axis',(-1.,0.,0.));
#7514=DIRECTION('',(1.,-2.11471052309554E-16,-4.0189563005998E-32));
#7515=DIRECTION('',(-2.44613089227998E-32,-1.,7.9668314140424E-32));
#7516=DIRECTION('center_axis',(0.,0.,1.));
#7517=DIRECTION('ref_axis',(1.,0.,0.));
#7518=DIRECTION('center_axis',(0.,0.,1.));
#7519=DIRECTION('ref_axis',(1.,0.,0.));
#7520=DIRECTION('',(0.,0.,1.));
#7521=DIRECTION('center_axis',(0.,0.,-1.));
#7522=DIRECTION('ref_axis',(1.,0.,0.));
#7523=DIRECTION('center_axis',(0.,0.,1.));
#7524=DIRECTION('ref_axis',(1.,0.,0.));
#7525=DIRECTION('center_axis',(1.41114066300656E-31,3.58067394501565E-31,
1.));
#7526=DIRECTION('ref_axis',(1.,0.,0.));
#7527=DIRECTION('center_axis',(0.999945924786198,-0.0103993991881618,0.));
#7528=DIRECTION('ref_axis',(0.,0.,1.));
#7529=DIRECTION('center_axis',(-0.999945924786198,-0.010399399188163,0.));
#7530=DIRECTION('ref_axis',(0.,0.,1.));
#7531=DIRECTION('center_axis',(1.41114066300656E-31,3.58067394501565E-31,
1.));
#7532=DIRECTION('ref_axis',(1.,0.,0.));
#7533=DIRECTION('center_axis',(-0.866025403784454,-0.499999999999974,0.));
#7534=DIRECTION('ref_axis',(0.,0.,1.));
#7535=DIRECTION('center_axis',(-1.41114066300656E-31,-3.58067394501565E-31,
-1.));
#7536=DIRECTION('ref_axis',(0.263838138181834,-0.964566968561926,0.));
#7537=DIRECTION('center_axis',(0.866025403784438,0.500000000000001,-3.01242063498472E-31));
#7538=DIRECTION('ref_axis',(-0.353553390593274,0.612372435695794,0.707106781186547));
#7539=DIRECTION('',(-0.866025403784438,-0.500000000000001,3.01242063498472E-31));
#7540=DIRECTION('center_axis',(0.,0.,1.));
#7541=DIRECTION('ref_axis',(-0.0103993991881994,0.999945924786198,0.));
#7542=DIRECTION('',(0.,0.,1.));
#7543=DIRECTION('center_axis',(-0.500000000000001,0.866025403784438,0.));
#7544=DIRECTION('ref_axis',(0.,0.,1.));
#7545=DIRECTION('center_axis',(-3.24231567182597E-16,1.,0.));
#7546=DIRECTION('ref_axis',(0.,0.,1.));
#7547=DIRECTION('',(-4.06691900572854E-31,-1.31862352283205E-46,-1.));
#7548=DIRECTION('center_axis',(-1.,0.,0.));
#7549=DIRECTION('ref_axis',(0.,0.,1.));
#7550=DIRECTION('center_axis',(1.,-2.44613089227998E-32,-4.06691900572854E-31));
#7551=DIRECTION('ref_axis',(0.,0.,1.));
#7552=DIRECTION('',(1.,0.,0.));
#7553=DIRECTION('center_axis',(1.,0.,0.));
#7554=DIRECTION('ref_axis',(0.,0.,1.));
#7555=DIRECTION('center_axis',(-1.,0.,0.));
#7556=DIRECTION('ref_axis',(0.,0.,1.));
#7557=DIRECTION('center_axis',(1.,-2.44613089227998E-32,-4.06691900572854E-31));
#7558=DIRECTION('ref_axis',(0.,0.,1.));
#7559=DIRECTION('',(1.,0.,0.));
#7560=DIRECTION('center_axis',(1.,0.,0.));
#7561=DIRECTION('ref_axis',(0.,0.,1.));
#7562=DIRECTION('center_axis',(1.,-2.44613089227998E-32,-4.06691900572854E-31));
#7563=DIRECTION('ref_axis',(-4.06691900572854E-31,0.,-1.));
#7564=DIRECTION('',(4.06691900572854E-31,5.27449409132822E-47,1.));
#7565=DIRECTION('center_axis',(1.,0.,0.));
#7566=DIRECTION('ref_axis',(0.,0.,-1.));
#7567=DIRECTION('center_axis',(1.,0.,0.));
#7568=DIRECTION('ref_axis',(0.,0.,-1.));
#7569=DIRECTION('center_axis',(1.29692626873039E-16,-1.,0.));
#7570=DIRECTION('ref_axis',(0.,0.,-1.));
#7571=DIRECTION('center_axis',(0.,0.,1.));
#7572=DIRECTION('ref_axis',(-1.,0.,0.));
#7573=DIRECTION('center_axis',(0.,-1.,0.));
#7574=DIRECTION('ref_axis',(1.,0.,0.));
#7575=DIRECTION('center_axis',(0.,0.,-1.));
#7576=DIRECTION('ref_axis',(-1.,0.,0.));
#7577=DIRECTION('center_axis',(0.,0.,1.));
#7578=DIRECTION('ref_axis',(-1.,0.,0.));
#7579=DIRECTION('center_axis',(0.,0.,1.));
#7580=DIRECTION('ref_axis',(-0.707106781186547,-0.707106781186548,0.));
#7581=DIRECTION('center_axis',(0.,0.,-1.));
#7582=DIRECTION('ref_axis',(-1.,0.,0.));
#7583=DIRECTION('center_axis',(0.,0.,1.));
#7584=DIRECTION('ref_axis',(1.,0.,0.));
#7585=DIRECTION('',(-1.,-1.05735526154777E-16,0.));
#7586=DIRECTION('',(-1.05735526154777E-16,1.,0.));
#7587=DIRECTION('center_axis',(0.,0.,-1.));
#7588=DIRECTION('ref_axis',(1.,0.,0.));
#7589=DIRECTION('center_axis',(0.,0.,1.));
#7590=DIRECTION('ref_axis',(1.,0.,0.));
#7591=DIRECTION('',(1.,-2.11471052309554E-16,0.));
#7592=DIRECTION('center_axis',(0.,0.,-1.));
#7593=DIRECTION('ref_axis',(1.11022302462516E-15,-1.,0.));
#7594=DIRECTION('',(-1.05735526154777E-16,1.,0.));
#7595=DIRECTION('center_axis',(0.,0.,-1.));
#7596=DIRECTION('ref_axis',(-1.,0.,0.));
#7597=DIRECTION('center_axis',(0.,0.,-1.));
#7598=DIRECTION('ref_axis',(-1.,0.,0.));
#7599=DIRECTION('center_axis',(0.,0.,1.));
#7600=DIRECTION('ref_axis',(-1.,0.,0.));
#7601=DIRECTION('center_axis',(0.,-1.,0.));
#7602=DIRECTION('ref_axis',(1.,0.,0.));
#7603=DIRECTION('center_axis',(0.,0.,-1.));
#7604=DIRECTION('ref_axis',(-1.,0.,0.));
#7605=DIRECTION('center_axis',(0.,0.,1.));
#7606=DIRECTION('ref_axis',(-1.,0.,0.));
#7607=DIRECTION('center_axis',(0.,0.,1.));
#7608=DIRECTION('ref_axis',(-0.707106781186547,0.707106781186548,0.));
#7609=DIRECTION('center_axis',(0.,0.,-1.));
#7610=DIRECTION('ref_axis',(-1.,0.,0.));
#7611=DIRECTION('center_axis',(0.,0.,1.));
#7612=DIRECTION('ref_axis',(-1.,0.,0.));
#7613=DIRECTION('',(0.,0.,1.));
#7614=DIRECTION('center_axis',(0.,0.,-1.));
#7615=DIRECTION('ref_axis',(-1.,0.,0.));
#7616=DIRECTION('',(0.,0.,1.));
#7617=DIRECTION('center_axis',(1.,1.05735526154777E-16,0.));
#7618=DIRECTION('ref_axis',(0.,0.,-1.));
#7619=DIRECTION('',(0.,0.,1.));
#7620=DIRECTION('',(1.05735526154777E-16,-1.,0.));
#7621=DIRECTION('center_axis',(0.,0.,1.));
#7622=DIRECTION('ref_axis',(-1.11022302462516E-15,1.,0.));
#7623=DIRECTION('',(0.,0.,1.));
#7624=DIRECTION('center_axis',(0.,0.,-1.));
#7625=DIRECTION('ref_axis',(-1.11022302462516E-15,1.,0.));
#7626=DIRECTION('center_axis',(1.05735526154777E-16,-1.,0.));
#7627=DIRECTION('ref_axis',(0.,0.,-1.));
#7628=DIRECTION('',(0.,0.,1.));
#7629=DIRECTION('',(-1.,-1.05735526154777E-16,0.));
#7630=DIRECTION('center_axis',(0.,0.,1.));
#7631=DIRECTION('ref_axis',(1.,0.,0.));
#7632=DIRECTION('',(0.,0.,1.));
#7633=DIRECTION('center_axis',(0.,0.,-1.));
#7634=DIRECTION('ref_axis',(1.,0.,0.));
#7635=DIRECTION('center_axis',(-1.,-1.05735526154777E-16,0.));
#7636=DIRECTION('ref_axis',(0.,0.,1.));
#7637=DIRECTION('',(0.,0.,1.));
#7638=DIRECTION('',(-1.05735526154777E-16,1.,0.));
#7639=DIRECTION('center_axis',(0.,0.,1.));
#7640=DIRECTION('ref_axis',(1.11022302462516E-15,-1.,0.));
#7641=DIRECTION('',(0.,0.,1.));
#7642=DIRECTION('center_axis',(0.,0.,-1.));
#7643=DIRECTION('ref_axis',(1.11022302462516E-15,-1.,0.));
#7644=DIRECTION('center_axis',(2.11471052309554E-16,1.,0.));
#7645=DIRECTION('ref_axis',(0.,0.,1.));
#7646=DIRECTION('',(1.,-2.11471052309554E-16,0.));
#7647=DIRECTION('center_axis',(0.,0.,1.));
#7648=DIRECTION('ref_axis',(1.,0.,0.));
#7649=DIRECTION('',(1.,2.97560521985636E-16,7.4940054162198E-16));
#7650=DIRECTION('',(7.4940054162198E-16,1.4127802854449E-15,-1.));
#7651=DIRECTION('',(1.10933564796721E-31,-1.41278028544491E-15,1.));
#7652=DIRECTION('',(1.,1.25361092565187E-29,-1.10933564796703E-31));
#7653=DIRECTION('',(1.,1.80447222917585E-15,-7.36416191719194E-16));
#7654=DIRECTION('',(7.36416191719197E-16,-1.4127802854449E-15,1.));
#7655=CARTESIAN_POINT('',(0.,0.,0.));
#7656=CARTESIAN_POINT('',(0.,0.,0.));
#7657=CARTESIAN_POINT('Origin',(4.5,-1.84889274661175E-31,0.));
#7658=CARTESIAN_POINT('',(4.5,1.5,3.));
#7659=CARTESIAN_POINT('',(4.5,-1.5,3.));
#7660=CARTESIAN_POINT('Origin',(4.5,-1.84889274661175E-31,3.));
#7661=CARTESIAN_POINT('',(4.5,-1.5,0.));
#7662=CARTESIAN_POINT('',(4.5,-1.5,0.));
#7663=CARTESIAN_POINT('',(4.5,1.5,0.));
#7664=CARTESIAN_POINT('Origin',(4.5,1.84889274661175E-31,0.));
#7665=CARTESIAN_POINT('',(4.5,1.5,0.));
#7666=CARTESIAN_POINT('Origin',(4.5,-1.5,0.));
#7667=CARTESIAN_POINT('',(-4.5,-1.5,3.));
#7668=CARTESIAN_POINT('',(4.5,-1.5,3.));
#7669=CARTESIAN_POINT('',(-4.5,-1.5,0.));
#7670=CARTESIAN_POINT('',(-4.5,-1.5,0.));
#7671=CARTESIAN_POINT('',(4.5,-1.5,0.));
#7672=CARTESIAN_POINT('Origin',(-4.5,1.84889274661175E-31,0.));
#7673=CARTESIAN_POINT('',(-4.5,1.5,3.));
#7674=CARTESIAN_POINT('Origin',(-4.5,1.84889274661175E-31,3.));
#7675=CARTESIAN_POINT('',(-4.5,1.5,0.));
#7676=CARTESIAN_POINT('',(-4.5,1.5,0.));
#7677=CARTESIAN_POINT('Origin',(-4.5,-1.84889274661175E-31,0.));
#7678=CARTESIAN_POINT('Origin',(-4.5,1.5,0.));
#7679=CARTESIAN_POINT('',(-4.5,1.5,3.));
#7680=CARTESIAN_POINT('',(-4.5,1.5,0.));
#7681=CARTESIAN_POINT('Origin',(0.,1.73472347597681E-17,3.));
#7682=CARTESIAN_POINT('Origin',(0.,-1.73472347597681E-17,0.));
#7683=CARTESIAN_POINT('',(0.,0.,0.));
#7684=CARTESIAN_POINT('Origin',(0.,1.86602540378444,30.5));
#7685=CARTESIAN_POINT('',(0.,3.73205080756888,30.5));
#7686=CARTESIAN_POINT('',(-4.57044407574452E-16,-3.73205080756888,30.5));
#7687=CARTESIAN_POINT('Origin',(0.,0.,30.5));
#7688=CARTESIAN_POINT('Origin',(0.,0.,30.5));
#7689=CARTESIAN_POINT('Origin',(0.,0.,30.));
#7690=CARTESIAN_POINT('',(0.,4.,29.5));
#7691=CARTESIAN_POINT('',(-4.89858719658941E-16,-4.,29.5));
#7692=CARTESIAN_POINT('Origin',(0.,0.,29.5));
#7693=CARTESIAN_POINT('Origin',(0.,0.,29.5));
#7694=CARTESIAN_POINT('',(-4.73451563616697E-16,-3.86602540378444,30.));
#7695=CARTESIAN_POINT('Origin',(0.,0.,19.75));
#7696=CARTESIAN_POINT('',(0.,4.,10.));
#7697=CARTESIAN_POINT('',(-4.89858719658941E-16,-4.,10.));
#7698=CARTESIAN_POINT('Origin',(0.,0.,10.));
#7699=CARTESIAN_POINT('Origin',(0.,0.,10.));
#7700=CARTESIAN_POINT('',(-4.89858719658941E-16,-4.,19.75));
#7701=CARTESIAN_POINT('Origin',(0.,0.,9.65222822874614));
#7702=CARTESIAN_POINT('',(0.,3.81362966948437,9.30445645749228));
#7703=CARTESIAN_POINT('',(3.81362966948437,-4.67034936786742E-16,9.30445645749228));
#7704=CARTESIAN_POINT('Origin',(0.,0.,9.30445645749228));
#7705=CARTESIAN_POINT('',(-4.67034936786742E-16,-3.81362966948438,9.30445645749228));
#7706=CARTESIAN_POINT('Origin',(0.,0.,9.30445645749228));
#7707=CARTESIAN_POINT('',(-4.78446828222842E-16,-3.90681483474219,9.65222822874614));
#7708=CARTESIAN_POINT('Origin',(0.,0.,9.30445645749228));
#7709=CARTESIAN_POINT('Origin',(0.,0.,9.20092883945127));
#7710=CARTESIAN_POINT('',(3.8,-4.65365783675994E-16,9.20092883945127));
#7711=CARTESIAN_POINT('Origin',(4.2,-5.14351655641888E-16,9.20092883945127));
#7712=CARTESIAN_POINT('',(0.,3.8,9.20092883945127));
#7713=CARTESIAN_POINT('Origin',(0.,0.,9.20092883945127));
#7714=CARTESIAN_POINT('',(-4.65365783675994E-16,-3.8,9.20092883945127));
#7715=CARTESIAN_POINT('Origin',(0.,0.,9.20092883945127));
#7716=CARTESIAN_POINT('Origin',(0.,0.,9.20092883945127));
#7717=CARTESIAN_POINT('Origin',(0.,0.,8.80046441972564));
#7718=CARTESIAN_POINT('',(0.,3.8,8.4));
#7719=CARTESIAN_POINT('',(3.8,-4.65365783675994E-16,8.4));
#7720=CARTESIAN_POINT('Origin',(0.,0.,8.4));
#7721=CARTESIAN_POINT('',(-4.65365783675994E-16,-3.8,8.4));
#7722=CARTESIAN_POINT('Origin',(0.,0.,8.4));
#7723=CARTESIAN_POINT('',(-4.65365783675994E-16,-3.8,8.80046441972564));
#7724=CARTESIAN_POINT('Origin',(0.,0.,8.4));
#7725=CARTESIAN_POINT('Origin',(0.,0.,8.4));
#7726=CARTESIAN_POINT('',(4.2,-5.14351655641889E-16,8.));
#7727=CARTESIAN_POINT('Origin',(4.2,-5.14351655641888E-16,8.4));
#7728=CARTESIAN_POINT('',(0.,4.2,8.));
#7729=CARTESIAN_POINT('Origin',(0.,0.,8.));
#7730=CARTESIAN_POINT('Origin',(0.,0.,8.));
#7731=CARTESIAN_POINT('Origin',(0.,4.35,8.));
#7732=CARTESIAN_POINT('',(0.,4.5,8.));
#7733=CARTESIAN_POINT('',(-5.51091059616309E-16,-4.5,8.));
#7734=CARTESIAN_POINT('Origin',(0.,0.,8.));
#7735=CARTESIAN_POINT('Origin',(0.,0.,8.));
#7736=CARTESIAN_POINT('Origin',(0.,0.,7.75));
#7737=CARTESIAN_POINT('',(0.,4.5,7.5));
#7738=CARTESIAN_POINT('',(-5.51091059616309E-16,-4.5,7.5));
#7739=CARTESIAN_POINT('Origin',(0.,0.,7.5));
#7740=CARTESIAN_POINT('Origin',(0.,0.,7.5));
#7741=CARTESIAN_POINT('',(-5.51091059616309E-16,-4.5,7.75));
#7742=CARTESIAN_POINT('Origin',(25.9999999999999,4.74298435166613E-14,-76.4999999999999));
#7743=CARTESIAN_POINT('',(25.9999999999999,-9.99999999999995,-76.5));
#7744=CARTESIAN_POINT('Origin',(25.9999999999999,4.74298435166613E-14,-76.4999999999999));
#7745=CARTESIAN_POINT('',(25.8899999999999,-9.99999999999995,-76.5));
#7746=CARTESIAN_POINT('',(25.9999999999999,-9.99999999999995,-76.4999999999999));
#7747=CARTESIAN_POINT('Origin',(25.8899999999999,4.7231351571452E-14,-76.4999999999999));
#7748=CARTESIAN_POINT('Origin',(25.8899999999999,4.78045987575237E-14,-76.4999999999999));
#7749=CARTESIAN_POINT('Origin',(-2.57772568921996,-3.79219769453629,-91.499));
#7750=CARTESIAN_POINT('',(-2.57772568921996,-3.79219769453629,-91.499));
#7751=CARTESIAN_POINT('',(-3.21059173949045,-3.79219769453629,-91.499));
#7752=CARTESIAN_POINT('',(-2.76805794909295,-3.79219769453629,-91.499));
#7753=CARTESIAN_POINT('',(-2.57772568921996,-3.79219769453629,-91.498));
#7754=CARTESIAN_POINT('',(-2.57772568921996,-3.79219769453629,-91.499));
#7755=CARTESIAN_POINT('',(-3.21059173949045,-3.79219769453629,-91.498));
#7756=CARTESIAN_POINT('',(-2.57772568921996,-3.79219769453629,-91.498));
#7757=CARTESIAN_POINT('',(-3.21059173949045,-3.79219769453629,-91.499));
#7758=CARTESIAN_POINT('Origin',(-2.57772568921996,-5.29095160438188,-91.499));
#7759=CARTESIAN_POINT('',(-2.57772568921996,-5.29095160438188,-91.499));
#7760=CARTESIAN_POINT('',(-2.57772568921996,-5.28728493347849,-91.499));
#7761=CARTESIAN_POINT('',(-2.57772568921996,-5.29095160438188,-91.498));
#7762=CARTESIAN_POINT('',(-2.57772568921996,-5.29095160438188,-91.499));
#7763=CARTESIAN_POINT('',(-2.57772568921996,-5.29095160438188,-91.498));
#7764=CARTESIAN_POINT('Origin',(-1.49735184608038,-5.29095160438188,-91.499));
#7765=CARTESIAN_POINT('',(-1.49735184608038,-5.29095160438188,-91.499));
#7766=CARTESIAN_POINT('',(-2.22787102752315,-5.29095160438188,-91.499));
#7767=CARTESIAN_POINT('',(-1.49735184608038,-5.29095160438188,-91.498));
#7768=CARTESIAN_POINT('',(-1.49735184608038,-5.29095160438188,-91.499));
#7769=CARTESIAN_POINT('',(-1.49735184608038,-5.29095160438188,-91.498));
#7770=CARTESIAN_POINT('Origin',(-1.49735184608038,-5.8337865010574,-91.499));
#7771=CARTESIAN_POINT('',(-1.49735184608038,-5.8337865010574,-91.499));
#7772=CARTESIAN_POINT('',(-1.49735184608038,-5.55870238181625,-91.499));
#7773=CARTESIAN_POINT('',(-1.49735184608038,-5.8337865010574,-91.498));
#7774=CARTESIAN_POINT('',(-1.49735184608038,-5.8337865010574,-91.499));
#7775=CARTESIAN_POINT('',(-1.49735184608038,-5.8337865010574,-91.498));
#7776=CARTESIAN_POINT('Origin',(-2.57772568921996,-5.8337865010574,-91.499));
#7777=CARTESIAN_POINT('',(-2.57772568921996,-5.8337865010574,-91.499));
#7778=CARTESIAN_POINT('',(-2.76805794909294,-5.8337865010574,-91.499));
#7779=CARTESIAN_POINT('',(-2.57772568921996,-5.8337865010574,-91.498));
#7780=CARTESIAN_POINT('',(-2.57772568921996,-5.8337865010574,-91.499));
#7781=CARTESIAN_POINT('',(-2.57772568921996,-5.8337865010574,-91.498));
#7782=CARTESIAN_POINT('Origin',(-2.57772568921996,-6.63612295809488,-91.499));
#7783=CARTESIAN_POINT('',(-2.57772568921996,-6.63612295809488,-91.499));
#7784=CARTESIAN_POINT('',(-2.57772568921996,-5.95987061033499,-91.499));
#7785=CARTESIAN_POINT('',(-2.57772568921996,-6.63612295809488,-91.498));
#7786=CARTESIAN_POINT('',(-2.57772568921996,-6.63612295809488,-91.499));
#7787=CARTESIAN_POINT('',(-2.57772568921996,-6.63612295809488,-91.498));
#7788=CARTESIAN_POINT('Origin',(-1.43380044354276,-6.63612295809488,-91.499));
#7789=CARTESIAN_POINT('',(-1.43380044354276,-6.63612295809488,-91.499));
#7790=CARTESIAN_POINT('',(-2.19609532625434,-6.63612295809488,-91.499));
#7791=CARTESIAN_POINT('',(-1.43380044354276,-6.63612295809488,-91.498));
#7792=CARTESIAN_POINT('',(-1.43380044354276,-6.63612295809488,-91.499));
#7793=CARTESIAN_POINT('',(-1.43380044354276,-6.63612295809488,-91.498));
#7794=CARTESIAN_POINT('Origin',(-1.43380044354276,-7.19219773029907,-91.499));
#7795=CARTESIAN_POINT('',(-1.43380044354276,-7.19219773029907,-91.499));
#7796=CARTESIAN_POINT('',(-1.43380044354276,-6.23790799643708,-91.499));
#7797=CARTESIAN_POINT('',(-1.43380044354276,-7.19219773029907,-91.498));
#7798=CARTESIAN_POINT('',(-1.43380044354276,-7.19219773029907,-91.499));
#7799=CARTESIAN_POINT('',(-1.43380044354276,-7.19219773029907,-91.498));
#7800=CARTESIAN_POINT('Origin',(-3.21059173949044,-7.19219773029908,-91.499));
#7801=CARTESIAN_POINT('',(-3.21059173949044,-7.19219773029908,-91.499));
#7802=CARTESIAN_POINT('',(-3.08449097422818,-7.19219773029908,-91.499));
#7803=CARTESIAN_POINT('',(-3.21059173949044,-7.19219773029908,-91.498));
#7804=CARTESIAN_POINT('',(-3.21059173949044,-7.19219773029908,-91.499));
#7805=CARTESIAN_POINT('',(-3.21059173949044,-7.19219773029908,-91.498));
#7806=CARTESIAN_POINT('Origin',(-3.21059173949045,-3.79219769453629,-91.499));
#7807=CARTESIAN_POINT('',(-3.21059173949045,-4.53790797855569,-91.499));
#7808=CARTESIAN_POINT('',(-3.21059173949045,-3.79219769453629,-91.498));
#7809=CARTESIAN_POINT('Origin',(-2.48614418710245,-5.76427463318444,-91.498));
#7810=CARTESIAN_POINT('Ctrl Pts',(-4.37305281090779,-5.49219771241769,-91.499));
#7811=CARTESIAN_POINT('Ctrl Pts',(-4.37305281090779,-5.49219771241769,-91.498));
#7812=CARTESIAN_POINT('Ctrl Pts',(-4.37305281090779,-4.64484567858272,-91.499));
#7813=CARTESIAN_POINT('Ctrl Pts',(-4.37305281090779,-4.64484567858272,-91.498));
#7814=CARTESIAN_POINT('Ctrl Pts',(-4.56370701852066,-4.21852168655951,-91.499));
#7815=CARTESIAN_POINT('Ctrl Pts',(-4.56370701852066,-4.21852168655951,-91.498));
#7816=CARTESIAN_POINT('Ctrl Pts',(-4.82585655398835,-4.21852168655951,-91.499));
#7817=CARTESIAN_POINT('Ctrl Pts',(-4.82585655398835,-4.21852168655951,-91.498));
#7818=CARTESIAN_POINT('',(-4.82585655398835,-4.21852168655951,-91.499));
#7819=CARTESIAN_POINT('',(-4.37305281090779,-5.49219771241769,-91.499));
#7820=CARTESIAN_POINT('Ctrl Pts',(-4.82585655398835,-4.21852168655951,-91.499));
#7821=CARTESIAN_POINT('Ctrl Pts',(-4.56370701852066,-4.21852168655951,-91.499));
#7822=CARTESIAN_POINT('Ctrl Pts',(-4.37305281090779,-4.64484567858272,-91.499));
#7823=CARTESIAN_POINT('Ctrl Pts',(-4.37305281090779,-5.49219771241769,-91.499));
#7824=CARTESIAN_POINT('',(-4.82585655398835,-4.21852168655951,-91.498));
#7825=CARTESIAN_POINT('',(-4.82585655398835,-4.21852168655951,-91.499));
#7826=CARTESIAN_POINT('',(-4.37305281090779,-5.49219771241769,-91.498));
#7827=CARTESIAN_POINT('Ctrl Pts',(-4.82585655398835,-4.21852168655951,-91.498));
#7828=CARTESIAN_POINT('Ctrl Pts',(-4.56370701852066,-4.21852168655951,-91.498));
#7829=CARTESIAN_POINT('Ctrl Pts',(-4.37305281090779,-4.64484567858272,-91.498));
#7830=CARTESIAN_POINT('Ctrl Pts',(-4.37305281090779,-5.49219771241769,-91.498));
#7831=CARTESIAN_POINT('',(-4.37305281090779,-5.49219771241769,-91.499));
#7832=CARTESIAN_POINT('Ctrl Pts',(-4.82850452909408,-6.77116968848734,-91.499));
#7833=CARTESIAN_POINT('Ctrl Pts',(-4.82850452909408,-6.77116968848734,-91.498));
#7834=CARTESIAN_POINT('Ctrl Pts',(-4.56635499362639,-6.77116968848733,-91.499));
#7835=CARTESIAN_POINT('Ctrl Pts',(-4.56635499362639,-6.77116968848733,-91.498));
#7836=CARTESIAN_POINT('Ctrl Pts',(-4.37305281090778,-6.33954974625265,-91.499));
#7837=CARTESIAN_POINT('Ctrl Pts',(-4.37305281090778,-6.33954974625265,-91.498));
#7838=CARTESIAN_POINT('Ctrl Pts',(-4.37305281090779,-5.49219771241769,-91.499));
#7839=CARTESIAN_POINT('Ctrl Pts',(-4.37305281090779,-5.49219771241769,-91.498));
#7840=CARTESIAN_POINT('',(-4.82850452909408,-6.77116968848734,-91.499));
#7841=CARTESIAN_POINT('Ctrl Pts',(-4.37305281090779,-5.49219771241769,-91.499));
#7842=CARTESIAN_POINT('Ctrl Pts',(-4.37305281090778,-6.33954974625265,-91.499));
#7843=CARTESIAN_POINT('Ctrl Pts',(-4.56635499362639,-6.77116968848733,-91.499));
#7844=CARTESIAN_POINT('Ctrl Pts',(-4.82850452909408,-6.77116968848734,-91.499));
#7845=CARTESIAN_POINT('',(-4.82850452909408,-6.77116968848734,-91.498));
#7846=CARTESIAN_POINT('Ctrl Pts',(-4.37305281090779,-5.49219771241769,-91.498));
#7847=CARTESIAN_POINT('Ctrl Pts',(-4.37305281090778,-6.33954974625265,-91.498));
#7848=CARTESIAN_POINT('Ctrl Pts',(-4.56635499362639,-6.77116968848733,-91.498));
#7849=CARTESIAN_POINT('Ctrl Pts',(-4.82850452909408,-6.77116968848734,-91.498));
#7850=CARTESIAN_POINT('',(-4.82850452909408,-6.77116968848734,-91.499));
#7851=CARTESIAN_POINT('Ctrl Pts',(-5.28660422238611,-5.49219771241769,-91.499));
#7852=CARTESIAN_POINT('Ctrl Pts',(-5.28660422238611,-5.49219771241769,-91.498));
#7853=CARTESIAN_POINT('Ctrl Pts',(-5.28660422238611,-6.33954974625265,-91.499));
#7854=CARTESIAN_POINT('Ctrl Pts',(-5.28660422238611,-6.33954974625265,-91.498));
#7855=CARTESIAN_POINT('Ctrl Pts',(-5.0933020396675,-6.77116968848734,-91.499));
#7856=CARTESIAN_POINT('Ctrl Pts',(-5.0933020396675,-6.77116968848734,-91.498));
#7857=CARTESIAN_POINT('Ctrl Pts',(-4.82850452909408,-6.77116968848734,-91.499));
#7858=CARTESIAN_POINT('Ctrl Pts',(-4.82850452909408,-6.77116968848734,-91.498));
#7859=CARTESIAN_POINT('',(-5.28660422238611,-5.49219771241769,-91.499));
#7860=CARTESIAN_POINT('Ctrl Pts',(-4.82850452909408,-6.77116968848734,-91.499));
#7861=CARTESIAN_POINT('Ctrl Pts',(-5.0933020396675,-6.77116968848734,-91.499));
#7862=CARTESIAN_POINT('Ctrl Pts',(-5.28660422238611,-6.33954974625265,-91.499));
#7863=CARTESIAN_POINT('Ctrl Pts',(-5.28660422238611,-5.49219771241769,-91.499));
#7864=CARTESIAN_POINT('',(-5.28660422238611,-5.49219771241769,-91.498));
#7865=CARTESIAN_POINT('Ctrl Pts',(-4.82850452909408,-6.77116968848734,-91.498));
#7866=CARTESIAN_POINT('Ctrl Pts',(-5.0933020396675,-6.77116968848734,-91.498));
#7867=CARTESIAN_POINT('Ctrl Pts',(-5.28660422238611,-6.33954974625265,-91.498));
#7868=CARTESIAN_POINT('Ctrl Pts',(-5.28660422238611,-5.49219771241769,-91.498));
#7869=CARTESIAN_POINT('',(-5.28660422238611,-5.49219771241769,-91.499));
#7870=CARTESIAN_POINT('Ctrl Pts',(-4.82585655398835,-4.21852168655951,-91.499));
#7871=CARTESIAN_POINT('Ctrl Pts',(-4.82585655398835,-4.21852168655951,-91.498));
#7872=CARTESIAN_POINT('Ctrl Pts',(-5.09065406456177,-4.21852168655951,-91.499));
#7873=CARTESIAN_POINT('Ctrl Pts',(-5.09065406456177,-4.21852168655951,-91.498));
#7874=CARTESIAN_POINT('Ctrl Pts',(-5.28660422238611,-4.65278960389993,-91.499));
#7875=CARTESIAN_POINT('Ctrl Pts',(-5.28660422238611,-4.65278960389993,-91.498));
#7876=CARTESIAN_POINT('Ctrl Pts',(-5.28660422238611,-5.49219771241769,-91.499));
#7877=CARTESIAN_POINT('Ctrl Pts',(-5.28660422238611,-5.49219771241769,-91.498));
#7878=CARTESIAN_POINT('Ctrl Pts',(-5.28660422238611,-5.49219771241769,-91.499));
#7879=CARTESIAN_POINT('Ctrl Pts',(-5.28660422238611,-4.65278960389993,-91.499));
#7880=CARTESIAN_POINT('Ctrl Pts',(-5.09065406456177,-4.21852168655951,-91.499));
#7881=CARTESIAN_POINT('Ctrl Pts',(-4.82585655398835,-4.21852168655951,-91.499));
#7882=CARTESIAN_POINT('Ctrl Pts',(-5.28660422238611,-5.49219771241769,-91.498));
#7883=CARTESIAN_POINT('Ctrl Pts',(-5.28660422238611,-4.65278960389993,-91.498));
#7884=CARTESIAN_POINT('Ctrl Pts',(-5.09065406456177,-4.21852168655951,-91.498));
#7885=CARTESIAN_POINT('Ctrl Pts',(-4.82585655398835,-4.21852168655951,-91.498));
#7886=CARTESIAN_POINT('Ctrl Pts',(-5.72352011483226,-4.14173040849322,-91.499));
#7887=CARTESIAN_POINT('Ctrl Pts',(-5.72352011483226,-4.14173040849322,-91.498));
#7888=CARTESIAN_POINT('Ctrl Pts',(-5.83208709416737,-4.30325688994301,-91.499));
#7889=CARTESIAN_POINT('Ctrl Pts',(-5.83208709416737,-4.30325688994301,-91.498));
#7890=CARTESIAN_POINT('Ctrl Pts',(-5.93271014818527,-4.94936281574217,-91.499));
#7891=CARTESIAN_POINT('Ctrl Pts',(-5.93271014818527,-4.94936281574217,-91.498));
#7892=CARTESIAN_POINT('Ctrl Pts',(-5.93271014818527,-5.49219771241769,-91.499));
#7893=CARTESIAN_POINT('Ctrl Pts',(-5.93271014818527,-5.49219771241769,-91.498));
#7894=CARTESIAN_POINT('',(-5.72352011483226,-4.14173040849322,-91.499));
#7895=CARTESIAN_POINT('',(-5.93271014818527,-5.49219771241769,-91.499));
#7896=CARTESIAN_POINT('Ctrl Pts',(-5.72352011483226,-4.14173040849322,-91.499));
#7897=CARTESIAN_POINT('Ctrl Pts',(-5.83208709416737,-4.30325688994301,-91.499));
#7898=CARTESIAN_POINT('Ctrl Pts',(-5.93271014818527,-4.94936281574217,-91.499));
#7899=CARTESIAN_POINT('Ctrl Pts',(-5.93271014818527,-5.49219771241769,-91.499));
#7900=CARTESIAN_POINT('',(-5.72352011483226,-4.14173040849322,-91.498));
#7901=CARTESIAN_POINT('',(-5.72352011483226,-4.14173040849322,-91.499));
#7902=CARTESIAN_POINT('',(-5.93271014818527,-5.49219771241769,-91.498));
#7903=CARTESIAN_POINT('Ctrl Pts',(-5.72352011483226,-4.14173040849322,-91.498));
#7904=CARTESIAN_POINT('Ctrl Pts',(-5.83208709416737,-4.30325688994301,-91.498));
#7905=CARTESIAN_POINT('Ctrl Pts',(-5.93271014818527,-4.94936281574217,-91.498));
#7906=CARTESIAN_POINT('Ctrl Pts',(-5.93271014818527,-5.49219771241769,-91.498));
#7907=CARTESIAN_POINT('',(-5.93271014818527,-5.49219771241769,-91.499));
#7908=CARTESIAN_POINT('Ctrl Pts',(-4.82850452909408,-3.71011046625853,-91.499));
#7909=CARTESIAN_POINT('Ctrl Pts',(-4.82850452909408,-3.71011046625853,-91.498));
#7910=CARTESIAN_POINT('Ctrl Pts',(-5.16479736752233,-3.71011046625853,-91.499));
#7911=CARTESIAN_POINT('Ctrl Pts',(-5.16479736752233,-3.71011046625853,-91.498));
#7912=CARTESIAN_POINT('Ctrl Pts',(-5.57523350891114,-3.9087085991886,-91.499));
#7913=CARTESIAN_POINT('Ctrl Pts',(-5.57523350891114,-3.9087085991886,-91.498));
#7914=CARTESIAN_POINT('Ctrl Pts',(-5.72352011483226,-4.14173040849322,-91.499));
#7915=CARTESIAN_POINT('Ctrl Pts',(-5.72352011483226,-4.14173040849322,-91.498));
#7916=CARTESIAN_POINT('',(-4.82850452909408,-3.71011046625853,-91.499));
#7917=CARTESIAN_POINT('Ctrl Pts',(-4.82850452909408,-3.71011046625853,-91.499));
#7918=CARTESIAN_POINT('Ctrl Pts',(-5.16479736752233,-3.71011046625853,-91.499));
#7919=CARTESIAN_POINT('Ctrl Pts',(-5.57523350891114,-3.9087085991886,-91.499));
#7920=CARTESIAN_POINT('Ctrl Pts',(-5.72352011483226,-4.14173040849322,-91.499));
#7921=CARTESIAN_POINT('',(-4.82850452909408,-3.71011046625853,-91.498));
#7922=CARTESIAN_POINT('',(-4.82850452909408,-3.71011046625853,-91.499));
#7923=CARTESIAN_POINT('Ctrl Pts',(-4.82850452909408,-3.71011046625853,-91.498));
#7924=CARTESIAN_POINT('Ctrl Pts',(-5.16479736752233,-3.71011046625853,-91.498));
#7925=CARTESIAN_POINT('Ctrl Pts',(-5.57523350891114,-3.9087085991886,-91.498));
#7926=CARTESIAN_POINT('Ctrl Pts',(-5.72352011483226,-4.14173040849322,-91.498));
#7927=CARTESIAN_POINT('Ctrl Pts',(-3.9334889433559,-4.14173040849321,-91.499));
#7928=CARTESIAN_POINT('Ctrl Pts',(-3.9334889433559,-4.14173040849321,-91.498));
#7929=CARTESIAN_POINT('Ctrl Pts',(-4.08442352438276,-3.9087085991886,-91.499));
#7930=CARTESIAN_POINT('Ctrl Pts',(-4.08442352438276,-3.9087085991886,-91.498));
#7931=CARTESIAN_POINT('Ctrl Pts',(-4.49485966577157,-3.71011046625853,-91.499));
#7932=CARTESIAN_POINT('Ctrl Pts',(-4.49485966577157,-3.71011046625853,-91.498));
#7933=CARTESIAN_POINT('Ctrl Pts',(-4.82850452909408,-3.71011046625853,-91.499));
#7934=CARTESIAN_POINT('Ctrl Pts',(-4.82850452909408,-3.71011046625853,-91.498));
#7935=CARTESIAN_POINT('',(-3.9334889433559,-4.14173040849321,-91.499));
#7936=CARTESIAN_POINT('Ctrl Pts',(-3.9334889433559,-4.14173040849321,-91.499));
#7937=CARTESIAN_POINT('Ctrl Pts',(-4.08442352438276,-3.9087085991886,-91.499));
#7938=CARTESIAN_POINT('Ctrl Pts',(-4.49485966577157,-3.71011046625853,-91.499));
#7939=CARTESIAN_POINT('Ctrl Pts',(-4.82850452909408,-3.71011046625853,-91.499));
#7940=CARTESIAN_POINT('',(-3.9334889433559,-4.14173040849321,-91.498));
#7941=CARTESIAN_POINT('',(-3.9334889433559,-4.14173040849321,-91.499));
#7942=CARTESIAN_POINT('Ctrl Pts',(-3.9334889433559,-4.14173040849321,-91.498));
#7943=CARTESIAN_POINT('Ctrl Pts',(-4.08442352438276,-3.9087085991886,-91.498));
#7944=CARTESIAN_POINT('Ctrl Pts',(-4.49485966577157,-3.71011046625853,-91.498));
#7945=CARTESIAN_POINT('Ctrl Pts',(-4.82850452909408,-3.71011046625853,-91.498));
#7946=CARTESIAN_POINT('Ctrl Pts',(-3.72694688510863,-5.49219771241769,-91.499));
#7947=CARTESIAN_POINT('Ctrl Pts',(-3.72694688510863,-5.49219771241769,-91.498));
#7948=CARTESIAN_POINT('Ctrl Pts',(-3.72694688510863,-4.95465876595363,-91.499));
#7949=CARTESIAN_POINT('Ctrl Pts',(-3.72694688510863,-4.95465876595363,-91.498));
#7950=CARTESIAN_POINT('Ctrl Pts',(-3.82756993912653,-4.30855284015447,-91.499));
#7951=CARTESIAN_POINT('Ctrl Pts',(-3.82756993912653,-4.30855284015447,-91.498));
#7952=CARTESIAN_POINT('Ctrl Pts',(-3.9334889433559,-4.14173040849321,-91.499));
#7953=CARTESIAN_POINT('Ctrl Pts',(-3.9334889433559,-4.14173040849321,-91.498));
#7954=CARTESIAN_POINT('',(-3.72694688510863,-5.49219771241769,-91.499));
#7955=CARTESIAN_POINT('Ctrl Pts',(-3.72694688510863,-5.49219771241769,-91.499));
#7956=CARTESIAN_POINT('Ctrl Pts',(-3.72694688510863,-4.95465876595363,-91.499));
#7957=CARTESIAN_POINT('Ctrl Pts',(-3.82756993912653,-4.30855284015447,-91.499));
#7958=CARTESIAN_POINT('Ctrl Pts',(-3.9334889433559,-4.14173040849321,-91.499));
#7959=CARTESIAN_POINT('',(-3.72694688510863,-5.49219771241769,-91.498));
#7960=CARTESIAN_POINT('',(-3.72694688510863,-5.49219771241769,-91.499));
#7961=CARTESIAN_POINT('Ctrl Pts',(-3.72694688510863,-5.49219771241769,-91.498));
#7962=CARTESIAN_POINT('Ctrl Pts',(-3.72694688510863,-4.95465876595363,-91.498));
#7963=CARTESIAN_POINT('Ctrl Pts',(-3.82756993912653,-4.30855284015447,-91.498));
#7964=CARTESIAN_POINT('Ctrl Pts',(-3.9334889433559,-4.14173040849321,-91.498));
#7965=CARTESIAN_POINT('Ctrl Pts',(-3.9334889433559,-6.84266501634216,-91.499));
#7966=CARTESIAN_POINT('Ctrl Pts',(-3.9334889433559,-6.84266501634216,-91.498));
#7967=CARTESIAN_POINT('Ctrl Pts',(-3.82492196402079,-6.67319460957517,-91.499));
#7968=CARTESIAN_POINT('Ctrl Pts',(-3.82492196402079,-6.67319460957517,-91.498));
#7969=CARTESIAN_POINT('Ctrl Pts',(-3.72694688510863,-6.02973665888174,-91.499));
#7970=CARTESIAN_POINT('Ctrl Pts',(-3.72694688510863,-6.02973665888174,-91.498));
#7971=CARTESIAN_POINT('Ctrl Pts',(-3.72694688510863,-5.49219771241769,-91.499));
#7972=CARTESIAN_POINT('Ctrl Pts',(-3.72694688510863,-5.49219771241769,-91.498));
#7973=CARTESIAN_POINT('',(-3.9334889433559,-6.84266501634216,-91.499));
#7974=CARTESIAN_POINT('Ctrl Pts',(-3.9334889433559,-6.84266501634216,-91.499));
#7975=CARTESIAN_POINT('Ctrl Pts',(-3.82492196402079,-6.67319460957517,-91.499));
#7976=CARTESIAN_POINT('Ctrl Pts',(-3.72694688510863,-6.02973665888174,-91.499));
#7977=CARTESIAN_POINT('Ctrl Pts',(-3.72694688510863,-5.49219771241769,-91.499));
#7978=CARTESIAN_POINT('',(-3.9334889433559,-6.84266501634216,-91.498));
#7979=CARTESIAN_POINT('',(-3.9334889433559,-6.84266501634216,-91.499));
#7980=CARTESIAN_POINT('Ctrl Pts',(-3.9334889433559,-6.84266501634216,-91.498));
#7981=CARTESIAN_POINT('Ctrl Pts',(-3.82492196402079,-6.67319460957517,-91.498));
#7982=CARTESIAN_POINT('Ctrl Pts',(-3.72694688510863,-6.02973665888174,-91.498));
#7983=CARTESIAN_POINT('Ctrl Pts',(-3.72694688510863,-5.49219771241769,-91.498));
#7984=CARTESIAN_POINT('Ctrl Pts',(-4.82850452909408,-7.27163698347111,-91.499));
#7985=CARTESIAN_POINT('Ctrl Pts',(-4.82850452909408,-7.27163698347111,-91.498));
#7986=CARTESIAN_POINT('Ctrl Pts',(-4.49485966577156,-7.27163698347111,-91.499));
#7987=CARTESIAN_POINT('Ctrl Pts',(-4.49485966577156,-7.27163698347111,-91.498));
#7988=CARTESIAN_POINT('Ctrl Pts',(-4.08442352438275,-7.07303885054104,-91.499));
#7989=CARTESIAN_POINT('Ctrl Pts',(-4.08442352438275,-7.07303885054104,-91.498));
#7990=CARTESIAN_POINT('Ctrl Pts',(-3.9334889433559,-6.84266501634216,-91.499));
#7991=CARTESIAN_POINT('Ctrl Pts',(-3.9334889433559,-6.84266501634216,-91.498));
#7992=CARTESIAN_POINT('',(-4.82850452909408,-7.27163698347111,-91.499));
#7993=CARTESIAN_POINT('Ctrl Pts',(-4.82850452909408,-7.27163698347111,-91.499));
#7994=CARTESIAN_POINT('Ctrl Pts',(-4.49485966577156,-7.27163698347111,-91.499));
#7995=CARTESIAN_POINT('Ctrl Pts',(-4.08442352438275,-7.07303885054104,-91.499));
#7996=CARTESIAN_POINT('Ctrl Pts',(-3.9334889433559,-6.84266501634216,-91.499));
#7997=CARTESIAN_POINT('',(-4.82850452909408,-7.27163698347111,-91.498));
#7998=CARTESIAN_POINT('',(-4.82850452909408,-7.27163698347111,-91.499));
#7999=CARTESIAN_POINT('Ctrl Pts',(-4.82850452909408,-7.27163698347111,-91.498));
#8000=CARTESIAN_POINT('Ctrl Pts',(-4.49485966577156,-7.27163698347111,-91.498));
#8001=CARTESIAN_POINT('Ctrl Pts',(-4.08442352438275,-7.07303885054104,-91.498));
#8002=CARTESIAN_POINT('Ctrl Pts',(-3.9334889433559,-6.84266501634216,-91.498));
#8003=CARTESIAN_POINT('Ctrl Pts',(-5.72352011483226,-6.84266501634216,-91.499));
#8004=CARTESIAN_POINT('Ctrl Pts',(-5.72352011483226,-6.84266501634216,-91.498));
#8005=CARTESIAN_POINT('Ctrl Pts',(-5.57523350891114,-7.07303885054104,-91.499));
#8006=CARTESIAN_POINT('Ctrl Pts',(-5.57523350891114,-7.07303885054104,-91.498));
#8007=CARTESIAN_POINT('Ctrl Pts',(-5.16479736752233,-7.27163698347111,-91.499));
#8008=CARTESIAN_POINT('Ctrl Pts',(-5.16479736752233,-7.27163698347111,-91.498));
#8009=CARTESIAN_POINT('Ctrl Pts',(-4.82850452909408,-7.27163698347111,-91.499));
#8010=CARTESIAN_POINT('Ctrl Pts',(-4.82850452909408,-7.27163698347111,-91.498));
#8011=CARTESIAN_POINT('',(-5.72352011483226,-6.84266501634216,-91.499));
#8012=CARTESIAN_POINT('Ctrl Pts',(-5.72352011483226,-6.84266501634216,-91.499));
#8013=CARTESIAN_POINT('Ctrl Pts',(-5.57523350891114,-7.07303885054104,-91.499));
#8014=CARTESIAN_POINT('Ctrl Pts',(-5.16479736752233,-7.27163698347111,-91.499));
#8015=CARTESIAN_POINT('Ctrl Pts',(-4.82850452909408,-7.27163698347111,-91.499));
#8016=CARTESIAN_POINT('',(-5.72352011483226,-6.84266501634216,-91.498));
#8017=CARTESIAN_POINT('',(-5.72352011483226,-6.84266501634216,-91.499));
#8018=CARTESIAN_POINT('Ctrl Pts',(-5.72352011483226,-6.84266501634216,-91.498));
#8019=CARTESIAN_POINT('Ctrl Pts',(-5.57523350891114,-7.07303885054104,-91.498));
#8020=CARTESIAN_POINT('Ctrl Pts',(-5.16479736752233,-7.27163698347111,-91.498));
#8021=CARTESIAN_POINT('Ctrl Pts',(-4.82850452909408,-7.27163698347111,-91.498));
#8022=CARTESIAN_POINT('Ctrl Pts',(-5.93271014818527,-5.49219771241769,-91.499));
#8023=CARTESIAN_POINT('Ctrl Pts',(-5.93271014818527,-5.49219771241769,-91.498));
#8024=CARTESIAN_POINT('Ctrl Pts',(-5.93271014818527,-6.03238463398748,-91.499));
#8025=CARTESIAN_POINT('Ctrl Pts',(-5.93271014818527,-6.03238463398748,-91.498));
#8026=CARTESIAN_POINT('Ctrl Pts',(-5.83208709416736,-6.67849055978664,-91.499));
#8027=CARTESIAN_POINT('Ctrl Pts',(-5.83208709416736,-6.67849055978664,-91.498));
#8028=CARTESIAN_POINT('Ctrl Pts',(-5.72352011483226,-6.84266501634216,-91.499));
#8029=CARTESIAN_POINT('Ctrl Pts',(-5.72352011483226,-6.84266501634216,-91.498));
#8030=CARTESIAN_POINT('Ctrl Pts',(-5.93271014818527,-5.49219771241769,-91.499));
#8031=CARTESIAN_POINT('Ctrl Pts',(-5.93271014818527,-6.03238463398748,-91.499));
#8032=CARTESIAN_POINT('Ctrl Pts',(-5.83208709416736,-6.67849055978664,-91.499));
#8033=CARTESIAN_POINT('Ctrl Pts',(-5.72352011483226,-6.84266501634216,-91.499));
#8034=CARTESIAN_POINT('Ctrl Pts',(-5.93271014818527,-5.49219771241769,-91.498));
#8035=CARTESIAN_POINT('Ctrl Pts',(-5.93271014818527,-6.03238463398748,-91.498));
#8036=CARTESIAN_POINT('Ctrl Pts',(-5.83208709416736,-6.67849055978664,-91.498));
#8037=CARTESIAN_POINT('Ctrl Pts',(-5.72352011483226,-6.84266501634216,-91.498));
#8038=CARTESIAN_POINT('Origin',(-4.82962226048788,-5.4911545137755,-91.498));
#8039=CARTESIAN_POINT('Origin',(-10.4157320021934,-3.7921976945363,-91.499));
#8040=CARTESIAN_POINT('',(-10.4157320021934,-3.7921976945363,-91.499));
#8041=CARTESIAN_POINT('',(-11.0353581769352,-3.7921976945363,-91.499));
#8042=CARTESIAN_POINT('',(-6.68706110557965,-3.79219769453629,-91.499));
#8043=CARTESIAN_POINT('',(-10.4157320021934,-3.7921976945363,-91.498));
#8044=CARTESIAN_POINT('',(-10.4157320021934,-3.7921976945363,-91.499));
#8045=CARTESIAN_POINT('',(-11.0353581769352,-3.7921976945363,-91.498));
#8046=CARTESIAN_POINT('',(-10.4157320021934,-3.7921976945363,-91.498));
#8047=CARTESIAN_POINT('',(-11.0353581769352,-3.7921976945363,-91.499));
#8048=CARTESIAN_POINT('Origin',(-10.4157320021934,-4.82226001066693,-91.499));
#8049=CARTESIAN_POINT('',(-10.4157320021934,-4.82226001066693,-91.499));
#8050=CARTESIAN_POINT('',(-10.4157320021934,-5.05293913662102,-91.499));
#8051=CARTESIAN_POINT('',(-10.4157320021934,-4.82226001066693,-91.498));
#8052=CARTESIAN_POINT('',(-10.4157320021934,-4.82226001066693,-91.499));
#8053=CARTESIAN_POINT('',(-10.4157320021934,-4.82226001066693,-91.498));
#8054=CARTESIAN_POINT('Origin',(-10.190654118206,-5.19827247568119,-91.499));
#8055=CARTESIAN_POINT('',(-10.190654118206,-5.19827247568119,-91.499));
#8056=CARTESIAN_POINT('',(-9.21794189081413,-6.82327407908869,-91.499));
#8057=CARTESIAN_POINT('',(-10.190654118206,-5.19827247568119,-91.498));
#8058=CARTESIAN_POINT('',(-10.190654118206,-5.19827247568119,-91.499));
#8059=CARTESIAN_POINT('',(-10.190654118206,-5.19827247568119,-91.498));
#8060=CARTESIAN_POINT('Origin',(-9.57897186878134,-3.7921976945363,-91.499));
#8061=CARTESIAN_POINT('',(-9.57897186878134,-3.7921976945363,-91.499));
#8062=CARTESIAN_POINT('',(-9.32497463678761,-3.20833392748578,-91.499));
#8063=CARTESIAN_POINT('',(-9.57897186878134,-3.7921976945363,-91.498));
#8064=CARTESIAN_POINT('',(-9.57897186878134,-3.7921976945363,-91.499));
#8065=CARTESIAN_POINT('',(-9.57897186878134,-3.7921976945363,-91.498));
#8066=CARTESIAN_POINT('Origin',(-8.88255441597323,-3.7921976945363,-91.499));
#8067=CARTESIAN_POINT('',(-8.88255441597323,-3.7921976945363,-91.499));
#8068=CARTESIAN_POINT('',(-5.92047231246958,-3.79219769453629,-91.499));
#8069=CARTESIAN_POINT('',(-8.88255441597323,-3.7921976945363,-91.498));
#8070=CARTESIAN_POINT('',(-8.88255441597323,-3.7921976945363,-91.499));
#8071=CARTESIAN_POINT('',(-8.88255441597323,-3.7921976945363,-91.498));
#8072=CARTESIAN_POINT('Origin',(-9.79610582745155,-5.78082699894273,-91.499));
#8073=CARTESIAN_POINT('',(-9.79610582745155,-5.78082699894273,-91.499));
#8074=CARTESIAN_POINT('',(-9.10602711958434,-4.27865566674483,-91.499));
#8075=CARTESIAN_POINT('',(-9.79610582745155,-5.78082699894273,-91.498));
#8076=CARTESIAN_POINT('',(-9.79610582745155,-5.78082699894273,-91.499));
#8077=CARTESIAN_POINT('',(-9.79610582745155,-5.78082699894273,-91.498));
#8078=CARTESIAN_POINT('Origin',(-8.93816189319365,-7.19219773029909,-91.499));
#8079=CARTESIAN_POINT('',(-8.93816189319365,-7.19219773029909,-91.499));
#8080=CARTESIAN_POINT('',(-8.55501755113859,-7.82249382386496,-91.499));
#8081=CARTESIAN_POINT('',(-8.93816189319365,-7.19219773029909,-91.498));
#8082=CARTESIAN_POINT('',(-8.93816189319365,-7.19219773029909,-91.499));
#8083=CARTESIAN_POINT('',(-8.93816189319365,-7.19219773029909,-91.498));
#8084=CARTESIAN_POINT('Origin',(-9.64252327131896,-7.19219773029909,-91.499));
#8085=CARTESIAN_POINT('',(-9.64252327131896,-7.19219773029909,-91.499));
#8086=CARTESIAN_POINT('',(-6.30045674014244,-7.19219773029908,-91.499));
#8087=CARTESIAN_POINT('',(-9.64252327131896,-7.19219773029909,-91.498));
#8088=CARTESIAN_POINT('',(-9.64252327131896,-7.19219773029909,-91.499));
#8089=CARTESIAN_POINT('',(-9.64252327131896,-7.19219773029909,-91.498));
#8090=CARTESIAN_POINT('Origin',(-10.4157320021934,-5.77288307362553,-91.499));
#8091=CARTESIAN_POINT('',(-10.4157320021934,-5.77288307362553,-91.499));
#8092=CARTESIAN_POINT('',(-9.66515897160685,-7.15064726675693,-91.499));
#8093=CARTESIAN_POINT('',(-10.4157320021934,-5.77288307362553,-91.498));
#8094=CARTESIAN_POINT('',(-10.4157320021934,-5.77288307362553,-91.499));
#8095=CARTESIAN_POINT('',(-10.4157320021934,-5.77288307362553,-91.498));
#8096=CARTESIAN_POINT('Origin',(-10.4157320021934,-7.19219773029909,-91.499));
#8097=CARTESIAN_POINT('',(-10.4157320021934,-7.19219773029909,-91.499));
#8098=CARTESIAN_POINT('',(-10.4157320021934,-6.2379079964371,-91.499));
#8099=CARTESIAN_POINT('',(-10.4157320021934,-7.19219773029909,-91.498));
#8100=CARTESIAN_POINT('',(-10.4157320021934,-7.19219773029909,-91.499));
#8101=CARTESIAN_POINT('',(-10.4157320021934,-7.19219773029909,-91.498));
#8102=CARTESIAN_POINT('Origin',(-11.0353581769352,-7.19219773029909,-91.499));
#8103=CARTESIAN_POINT('',(-11.0353581769352,-7.19219773029909,-91.499));
#8104=CARTESIAN_POINT('',(-6.99687419295055,-7.19219773029908,-91.499));
#8105=CARTESIAN_POINT('',(-11.0353581769352,-7.19219773029909,-91.498));
#8106=CARTESIAN_POINT('',(-11.0353581769352,-7.19219773029909,-91.499));
#8107=CARTESIAN_POINT('',(-11.0353581769352,-7.19219773029909,-91.498));
#8108=CARTESIAN_POINT('Origin',(-11.0353581769352,-3.7921976945363,-91.499));
#8109=CARTESIAN_POINT('',(-11.0353581769352,-4.53790797855571,-91.499));
#8110=CARTESIAN_POINT('',(-11.0353581769352,-3.7921976945363,-91.498));
#8111=CARTESIAN_POINT('Origin',(-10.1202631963603,-5.50207474588604,-91.498));
#8112=CARTESIAN_POINT('Origin',(-13.9772585194059,-3.79219769453631,-91.499));
#8113=CARTESIAN_POINT('',(-13.9772585194059,-3.79219769453631,-91.499));
#8114=CARTESIAN_POINT('',(-15.7487538651422,-3.79219769453631,-91.499));
#8115=CARTESIAN_POINT('',(-8.46782436418594,-3.7921976945363,-91.499));
#8116=CARTESIAN_POINT('',(-13.9772585194059,-3.79219769453631,-91.498));
#8117=CARTESIAN_POINT('',(-13.9772585194059,-3.79219769453631,-91.499));
#8118=CARTESIAN_POINT('',(-15.7487538651422,-3.79219769453631,-91.498));
#8119=CARTESIAN_POINT('',(-13.9772585194059,-3.79219769453631,-91.498));
#8120=CARTESIAN_POINT('',(-15.7487538651422,-3.79219769453631,-91.499));
#8121=CARTESIAN_POINT('Origin',(-13.9772585194059,-4.36680829248064,-91.499));
#8122=CARTESIAN_POINT('',(-13.9772585194059,-4.36680829248064,-91.499));
#8123=CARTESIAN_POINT('',(-13.9772585194059,-4.82521327752788,-91.499));
#8124=CARTESIAN_POINT('',(-13.9772585194059,-4.36680829248064,-91.498));
#8125=CARTESIAN_POINT('',(-13.9772585194059,-4.36680829248064,-91.499));
#8126=CARTESIAN_POINT('',(-13.9772585194059,-4.36680829248064,-91.498));
#8127=CARTESIAN_POINT('Origin',(-15.1185357899774,-4.36680829248064,-91.499));
#8128=CARTESIAN_POINT('',(-15.1185357899774,-4.36680829248064,-91.499));
#8129=CARTESIAN_POINT('',(-9.03846299947167,-4.36680829248063,-91.499));
#8130=CARTESIAN_POINT('',(-15.1185357899774,-4.36680829248064,-91.498));
#8131=CARTESIAN_POINT('',(-15.1185357899774,-4.36680829248064,-91.499));
#8132=CARTESIAN_POINT('',(-15.1185357899774,-4.36680829248064,-91.498));
#8133=CARTESIAN_POINT('Origin',(-15.1185357899774,-5.30419147991057,-91.499));
#8134=CARTESIAN_POINT('',(-15.1185357899774,-5.30419147991057,-91.499));
#8135=CARTESIAN_POINT('',(-15.1185357899774,-5.29390487124285,-91.499));
#8136=CARTESIAN_POINT('',(-15.1185357899774,-5.30419147991057,-91.498));
#8137=CARTESIAN_POINT('',(-15.1185357899774,-5.30419147991057,-91.499));
#8138=CARTESIAN_POINT('',(-15.1185357899774,-5.30419147991057,-91.498));
#8139=CARTESIAN_POINT('Origin',(-14.0805295485296,-5.30419147991057,-91.499));
#8140=CARTESIAN_POINT('',(-14.0805295485296,-5.30419147991057,-91.499));
#8141=CARTESIAN_POINT('',(-8.51945987874775,-5.30419147991056,-91.499));
#8142=CARTESIAN_POINT('',(-14.0805295485296,-5.30419147991057,-91.498));
#8143=CARTESIAN_POINT('',(-14.0805295485296,-5.30419147991057,-91.499));
#8144=CARTESIAN_POINT('',(-14.0805295485296,-5.30419147991057,-91.498));
#8145=CARTESIAN_POINT('Origin',(-14.0805295485296,-5.84173042637462,-91.499));
#8146=CARTESIAN_POINT('',(-14.0805295485296,-5.84173042637462,-91.499));
#8147=CARTESIAN_POINT('',(-14.0805295485296,-5.56267434447487,-91.499));
#8148=CARTESIAN_POINT('',(-14.0805295485296,-5.84173042637462,-91.498));
#8149=CARTESIAN_POINT('',(-14.0805295485296,-5.84173042637462,-91.499));
#8150=CARTESIAN_POINT('',(-14.0805295485296,-5.84173042637462,-91.498));
#8151=CARTESIAN_POINT('Origin',(-15.1185357899774,-5.84173042637463,-91.499));
#8152=CARTESIAN_POINT('',(-15.1185357899774,-5.84173042637463,-91.499));
#8153=CARTESIAN_POINT('',(-9.03846299947167,-5.84173042637461,-91.499));
#8154=CARTESIAN_POINT('',(-15.1185357899774,-5.84173042637463,-91.498));
#8155=CARTESIAN_POINT('',(-15.1185357899774,-5.84173042637463,-91.499));
#8156=CARTESIAN_POINT('',(-15.1185357899774,-5.84173042637463,-91.498));
#8157=CARTESIAN_POINT('Origin',(-15.1185357899774,-6.6281790327777,-91.499));
#8158=CARTESIAN_POINT('',(-15.1185357899774,-6.6281790327777,-91.499));
#8159=CARTESIAN_POINT('',(-15.1185357899774,-5.95589864767641,-91.499));
#8160=CARTESIAN_POINT('',(-15.1185357899774,-6.6281790327777,-91.498));
#8161=CARTESIAN_POINT('',(-15.1185357899774,-6.6281790327777,-91.499));
#8162=CARTESIAN_POINT('',(-15.1185357899774,-6.6281790327777,-91.498));
#8163=CARTESIAN_POINT('Origin',(-14.0037382704633,-6.6281790327777,-91.499));
#8164=CARTESIAN_POINT('',(-14.0037382704633,-6.6281790327777,-91.499));
#8165=CARTESIAN_POINT('',(-8.4810642397146,-6.62817903277769,-91.499));
#8166=CARTESIAN_POINT('',(-14.0037382704633,-6.6281790327777,-91.498));
#8167=CARTESIAN_POINT('',(-14.0037382704633,-6.6281790327777,-91.499));
#8168=CARTESIAN_POINT('',(-14.0037382704633,-6.6281790327777,-91.498));
#8169=CARTESIAN_POINT('Origin',(-14.0037382704633,-7.1921977302991,-91.499));
#8170=CARTESIAN_POINT('',(-14.0037382704633,-7.1921977302991,-91.499));
#8171=CARTESIAN_POINT('',(-14.0037382704633,-6.23790799643711,-91.499));
#8172=CARTESIAN_POINT('',(-14.0037382704633,-7.1921977302991,-91.498));
#8173=CARTESIAN_POINT('',(-14.0037382704633,-7.1921977302991,-91.499));
#8174=CARTESIAN_POINT('',(-14.0037382704633,-7.1921977302991,-91.498));
#8175=CARTESIAN_POINT('Origin',(-15.7487538651422,-7.1921977302991,-91.499));
#8176=CARTESIAN_POINT('',(-15.7487538651422,-7.1921977302991,-91.499));
#8177=CARTESIAN_POINT('',(-9.35357203705404,-7.19219773029909,-91.499));
#8178=CARTESIAN_POINT('',(-15.7487538651422,-7.1921977302991,-91.498));
#8179=CARTESIAN_POINT('',(-15.7487538651422,-7.1921977302991,-91.499));
#8180=CARTESIAN_POINT('',(-15.7487538651422,-7.1921977302991,-91.498));
#8181=CARTESIAN_POINT('Origin',(-15.7487538651422,-3.79219769453631,-91.499));
#8182=CARTESIAN_POINT('',(-15.7487538651422,-4.53790797855571,-91.499));
#8183=CARTESIAN_POINT('',(-15.7487538651422,-3.79219769453631,-91.498));
#8184=CARTESIAN_POINT('Origin',(-14.9188338554216,-5.49934226708657,-91.498));
#8185=CARTESIAN_POINT('Ctrl Pts',(-16.9641744386742,-6.29983011966666,-91.499));
#8186=CARTESIAN_POINT('Ctrl Pts',(-16.9641744386742,-6.29983011966666,-91.498));
#8187=CARTESIAN_POINT('Ctrl Pts',(-16.9641744386742,-6.01914475845883,-91.499));
#8188=CARTESIAN_POINT('Ctrl Pts',(-16.9641744386742,-6.01914475845883,-91.498));
#8189=CARTESIAN_POINT('Ctrl Pts',(-17.1442367458641,-5.81260270021155,-91.499));
#8190=CARTESIAN_POINT('Ctrl Pts',(-17.1442367458641,-5.81260270021155,-91.498));
#8191=CARTESIAN_POINT('Ctrl Pts',(-17.3825545053802,-5.81260270021155,-91.499));
#8192=CARTESIAN_POINT('Ctrl Pts',(-17.3825545053802,-5.81260270021155,-91.498));
#8193=CARTESIAN_POINT('',(-17.3825545053802,-5.81260270021155,-91.499));
#8194=CARTESIAN_POINT('',(-16.9641744386742,-6.29983011966666,-91.499));
#8195=CARTESIAN_POINT('Ctrl Pts',(-17.3825545053802,-5.81260270021155,-91.499));
#8196=CARTESIAN_POINT('Ctrl Pts',(-17.1442367458641,-5.81260270021155,-91.499));
#8197=CARTESIAN_POINT('Ctrl Pts',(-16.9641744386742,-6.01914475845883,-91.499));
#8198=CARTESIAN_POINT('Ctrl Pts',(-16.9641744386742,-6.29983011966666,-91.499));
#8199=CARTESIAN_POINT('',(-17.3825545053802,-5.81260270021155,-91.498));
#8200=CARTESIAN_POINT('',(-17.3825545053802,-5.81260270021155,-91.499));
#8201=CARTESIAN_POINT('',(-16.9641744386742,-6.29983011966666,-91.498));
#8202=CARTESIAN_POINT('Ctrl Pts',(-17.3825545053802,-5.81260270021155,-91.498));
#8203=CARTESIAN_POINT('Ctrl Pts',(-17.1442367458641,-5.81260270021155,-91.498));
#8204=CARTESIAN_POINT('Ctrl Pts',(-16.9641744386742,-6.01914475845883,-91.498));
#8205=CARTESIAN_POINT('Ctrl Pts',(-16.9641744386742,-6.29983011966666,-91.498));
#8206=CARTESIAN_POINT('',(-16.9641744386742,-6.29983011966666,-91.499));
#8207=CARTESIAN_POINT('Ctrl Pts',(-17.4010903311203,-6.73145006190134,-91.499));
#8208=CARTESIAN_POINT('Ctrl Pts',(-17.4010903311203,-6.73145006190134,-91.498));
#8209=CARTESIAN_POINT('Ctrl Pts',(-17.1468847209698,-6.73145006190134,-91.499));
#8210=CARTESIAN_POINT('Ctrl Pts',(-17.1468847209698,-6.73145006190134,-91.498));
#8211=CARTESIAN_POINT('Ctrl Pts',(-16.9641744386742,-6.54873977960568,-91.499));
#8212=CARTESIAN_POINT('Ctrl Pts',(-16.9641744386742,-6.54873977960568,-91.498));
#8213=CARTESIAN_POINT('Ctrl Pts',(-16.9641744386742,-6.29983011966666,-91.499));
#8214=CARTESIAN_POINT('Ctrl Pts',(-16.9641744386742,-6.29983011966666,-91.498));
#8215=CARTESIAN_POINT('',(-17.4010903311203,-6.73145006190134,-91.499));
#8216=CARTESIAN_POINT('Ctrl Pts',(-16.9641744386742,-6.29983011966666,-91.499));
#8217=CARTESIAN_POINT('Ctrl Pts',(-16.9641744386742,-6.54873977960568,-91.499));
#8218=CARTESIAN_POINT('Ctrl Pts',(-17.1468847209698,-6.73145006190134,-91.499));
#8219=CARTESIAN_POINT('Ctrl Pts',(-17.4010903311203,-6.73145006190134,-91.499));
#8220=CARTESIAN_POINT('',(-17.4010903311203,-6.73145006190134,-91.498));
#8221=CARTESIAN_POINT('Ctrl Pts',(-16.9641744386742,-6.29983011966666,-91.498));
#8222=CARTESIAN_POINT('Ctrl Pts',(-16.9641744386742,-6.54873977960568,-91.498));
#8223=CARTESIAN_POINT('Ctrl Pts',(-17.1468847209698,-6.73145006190134,-91.498));
#8224=CARTESIAN_POINT('Ctrl Pts',(-17.4010903311203,-6.73145006190134,-91.498));
#8225=CARTESIAN_POINT('',(-17.4010903311203,-6.73145006190134,-91.499));
#8226=CARTESIAN_POINT('Origin',(-17.5943925138389,-6.73145006190134,-91.499));
#8227=CARTESIAN_POINT('',(-17.5943925138389,-6.73145006190134,-91.499));
#8228=CARTESIAN_POINT('',(-10.2763913614024,-6.73145006190133,-91.499));
#8229=CARTESIAN_POINT('',(-17.5943925138389,-6.73145006190134,-91.498));
#8230=CARTESIAN_POINT('',(-17.5031238363166,-6.73145006190134,-91.498));
#8231=CARTESIAN_POINT('',(-17.5943925138389,-6.73145006190134,-91.499));
#8232=CARTESIAN_POINT('Origin',(-17.5943925138389,-5.81260270021155,-91.499));
#8233=CARTESIAN_POINT('',(-17.5943925138389,-5.81260270021155,-91.499));
#8234=CARTESIAN_POINT('',(-17.5943925138389,-5.54811048139334,-91.499));
#8235=CARTESIAN_POINT('',(-17.5943925138389,-5.81260270021155,-91.498));
#8236=CARTESIAN_POINT('',(-17.5943925138389,-5.6516231822725,-91.498));
#8237=CARTESIAN_POINT('',(-17.5943925138389,-5.81260270021155,-91.499));
#8238=CARTESIAN_POINT('Origin',(-17.3825545053802,-5.81260270021155,-91.499));
#8239=CARTESIAN_POINT('',(-10.1704723571731,-5.81260270021154,-91.499));
#8240=CARTESIAN_POINT('',(-17.3972048320873,-5.81260270021155,-91.498));
#8241=CARTESIAN_POINT('Ctrl Pts',(-16.8900311357136,-4.81431608534974,-91.499));
#8242=CARTESIAN_POINT('Ctrl Pts',(-16.8900311357136,-4.81431608534974,-91.498));
#8243=CARTESIAN_POINT('Ctrl Pts',(-16.8900311357136,-4.5177428735075,-91.499));
#8244=CARTESIAN_POINT('Ctrl Pts',(-16.8900311357136,-4.5177428735075,-91.498));
#8245=CARTESIAN_POINT('Ctrl Pts',(-17.0886292686437,-4.27677713888568,-91.499));
#8246=CARTESIAN_POINT('Ctrl Pts',(-17.0886292686437,-4.27677713888568,-91.498));
#8247=CARTESIAN_POINT('Ctrl Pts',(-17.334890953477,-4.27677713888568,-91.499));
#8248=CARTESIAN_POINT('Ctrl Pts',(-17.334890953477,-4.27677713888568,-91.498));
#8249=CARTESIAN_POINT('',(-17.334890953477,-4.27677713888568,-91.499));
#8250=CARTESIAN_POINT('',(-16.8900311357136,-4.81431608534974,-91.499));
#8251=CARTESIAN_POINT('Ctrl Pts',(-17.334890953477,-4.27677713888568,-91.499));
#8252=CARTESIAN_POINT('Ctrl Pts',(-17.0886292686437,-4.27677713888568,-91.499));
#8253=CARTESIAN_POINT('Ctrl Pts',(-16.8900311357136,-4.5177428735075,-91.499));
#8254=CARTESIAN_POINT('Ctrl Pts',(-16.8900311357136,-4.81431608534974,-91.499));
#8255=CARTESIAN_POINT('',(-17.334890953477,-4.27677713888568,-91.498));
#8256=CARTESIAN_POINT('',(-17.334890953477,-4.27677713888568,-91.499));
#8257=CARTESIAN_POINT('',(-16.8900311357136,-4.81431608534974,-91.498));
#8258=CARTESIAN_POINT('Ctrl Pts',(-17.334890953477,-4.27677713888568,-91.498));
#8259=CARTESIAN_POINT('Ctrl Pts',(-17.0886292686437,-4.27677713888568,-91.498));
#8260=CARTESIAN_POINT('Ctrl Pts',(-16.8900311357136,-4.5177428735075,-91.498));
#8261=CARTESIAN_POINT('Ctrl Pts',(-16.8900311357136,-4.81431608534974,-91.498));
#8262=CARTESIAN_POINT('',(-16.8900311357136,-4.81431608534974,-91.499));
#8263=CARTESIAN_POINT('Ctrl Pts',(-17.4037383062261,-5.35715098202526,-91.499));
#8264=CARTESIAN_POINT('Ctrl Pts',(-17.4037383062261,-5.35715098202526,-91.498));
#8265=CARTESIAN_POINT('Ctrl Pts',(-17.1071650943838,-5.35715098202526,-91.499));
#8266=CARTESIAN_POINT('Ctrl Pts',(-17.1071650943838,-5.35715098202526,-91.498));
#8267=CARTESIAN_POINT('Ctrl Pts',(-16.8900311357136,-5.12412917272064,-91.499));
#8268=CARTESIAN_POINT('Ctrl Pts',(-16.8900311357136,-5.12412917272064,-91.498));
#8269=CARTESIAN_POINT('Ctrl Pts',(-16.8900311357136,-4.81431608534974,-91.499));
#8270=CARTESIAN_POINT('Ctrl Pts',(-16.8900311357136,-4.81431608534974,-91.498));
#8271=CARTESIAN_POINT('',(-17.4037383062261,-5.35715098202526,-91.499));
#8272=CARTESIAN_POINT('Ctrl Pts',(-16.8900311357136,-4.81431608534974,-91.499));
#8273=CARTESIAN_POINT('Ctrl Pts',(-16.8900311357136,-5.12412917272064,-91.499));
#8274=CARTESIAN_POINT('Ctrl Pts',(-17.1071650943838,-5.35715098202526,-91.499));
#8275=CARTESIAN_POINT('Ctrl Pts',(-17.4037383062261,-5.35715098202526,-91.499));
#8276=CARTESIAN_POINT('',(-17.4037383062261,-5.35715098202526,-91.498));
#8277=CARTESIAN_POINT('Ctrl Pts',(-16.8900311357136,-4.81431608534974,-91.498));
#8278=CARTESIAN_POINT('Ctrl Pts',(-16.8900311357136,-5.12412917272064,-91.498));
#8279=CARTESIAN_POINT('Ctrl Pts',(-17.1071650943838,-5.35715098202526,-91.498));
#8280=CARTESIAN_POINT('Ctrl Pts',(-17.4037383062261,-5.35715098202526,-91.498));
#8281=CARTESIAN_POINT('',(-17.4037383062261,-5.35715098202526,-91.499));
#8282=CARTESIAN_POINT('Origin',(-17.5943925138389,-5.35715098202526,-91.499));
#8283=CARTESIAN_POINT('',(-17.5943925138389,-5.35715098202526,-91.499));
#8284=CARTESIAN_POINT('',(-10.2763913614024,-5.35715098202525,-91.499));
#8285=CARTESIAN_POINT('',(-17.5943925138389,-5.35715098202526,-91.498));
#8286=CARTESIAN_POINT('',(-17.5031238363166,-5.35715098202526,-91.498));
#8287=CARTESIAN_POINT('',(-17.5943925138389,-5.35715098202526,-91.499));
#8288=CARTESIAN_POINT('Origin',(-17.5943925138389,-4.27677713888568,-91.499));
#8289=CARTESIAN_POINT('',(-17.5943925138389,-4.27677713888568,-91.499));
#8290=CARTESIAN_POINT('',(-17.5943925138389,-4.7801977007304,-91.499));
#8291=CARTESIAN_POINT('',(-17.5943925138389,-4.27677713888568,-91.498));
#8292=CARTESIAN_POINT('',(-17.5943925138389,-4.88371040160956,-91.498));
#8293=CARTESIAN_POINT('',(-17.5943925138389,-4.27677713888568,-91.499));
#8294=CARTESIAN_POINT('Origin',(-17.334890953477,-4.27677713888568,-91.499));
#8295=CARTESIAN_POINT('',(-10.1466405812215,-4.27677713888567,-91.499));
#8296=CARTESIAN_POINT('',(-17.3733730561357,-4.27677713888568,-91.498));
#8297=CARTESIAN_POINT('Origin',(-17.1760124471329,-3.79219769453631,-91.499));
#8298=CARTESIAN_POINT('',(-17.1760124471329,-3.79219769453631,-91.499));
#8299=CARTESIAN_POINT('',(-18.211370713475,-3.79219769453631,-91.499));
#8300=CARTESIAN_POINT('',(-10.0672013280494,-3.7921976945363,-91.499));
#8301=CARTESIAN_POINT('',(-17.1760124471329,-3.79219769453631,-91.498));
#8302=CARTESIAN_POINT('',(-17.1760124471329,-3.79219769453631,-91.499));
#8303=CARTESIAN_POINT('',(-18.211370713475,-3.79219769453631,-91.498));
#8304=CARTESIAN_POINT('',(-17.1760124471329,-3.79219769453631,-91.498));
#8305=CARTESIAN_POINT('',(-18.211370713475,-3.79219769453631,-91.499));
#8306=CARTESIAN_POINT('Ctrl Pts',(-16.2439252099145,-4.84079583640708,-91.499));
#8307=CARTESIAN_POINT('Ctrl Pts',(-16.2439252099145,-4.84079583640708,-91.498));
#8308=CARTESIAN_POINT('Ctrl Pts',(-16.2439252099145,-4.30060891483729,-91.499));
#8309=CARTESIAN_POINT('Ctrl Pts',(-16.2439252099145,-4.30060891483729,-91.498));
#8310=CARTESIAN_POINT('Ctrl Pts',(-16.696728952995,-3.79219769453631,-91.499));
#8311=CARTESIAN_POINT('Ctrl Pts',(-16.696728952995,-3.79219769453631,-91.498));
#8312=CARTESIAN_POINT('Ctrl Pts',(-17.1760124471329,-3.79219769453631,-91.499));
#8313=CARTESIAN_POINT('Ctrl Pts',(-17.1760124471329,-3.79219769453631,-91.498));
#8314=CARTESIAN_POINT('',(-16.2439252099145,-4.84079583640708,-91.499));
#8315=CARTESIAN_POINT('Ctrl Pts',(-16.2439252099145,-4.84079583640708,-91.499));
#8316=CARTESIAN_POINT('Ctrl Pts',(-16.2439252099145,-4.30060891483729,-91.499));
#8317=CARTESIAN_POINT('Ctrl Pts',(-16.696728952995,-3.79219769453631,-91.499));
#8318=CARTESIAN_POINT('Ctrl Pts',(-17.1760124471329,-3.79219769453631,-91.499));
#8319=CARTESIAN_POINT('',(-16.2439252099145,-4.84079583640708,-91.498));
#8320=CARTESIAN_POINT('',(-16.2439252099145,-4.84079583640708,-91.499));
#8321=CARTESIAN_POINT('Ctrl Pts',(-16.2439252099145,-4.84079583640708,-91.498));
#8322=CARTESIAN_POINT('Ctrl Pts',(-16.2439252099145,-4.30060891483729,-91.498));
#8323=CARTESIAN_POINT('Ctrl Pts',(-16.696728952995,-3.79219769453631,-91.498));
#8324=CARTESIAN_POINT('Ctrl Pts',(-17.1760124471329,-3.79219769453631,-91.498));
#8325=CARTESIAN_POINT('Ctrl Pts',(-16.7496884551097,-5.61930051749295,-91.499));
#8326=CARTESIAN_POINT('Ctrl Pts',(-16.7496884551097,-5.61930051749295,-91.498));
#8327=CARTESIAN_POINT('Ctrl Pts',(-16.5113706955936,-5.58487684111841,-91.499));
#8328=CARTESIAN_POINT('Ctrl Pts',(-16.5113706955936,-5.58487684111841,-91.498));
#8329=CARTESIAN_POINT('Ctrl Pts',(-16.2439252099145,-5.17708867483533,-91.499));
#8330=CARTESIAN_POINT('Ctrl Pts',(-16.2439252099145,-5.17708867483533,-91.498));
#8331=CARTESIAN_POINT('Ctrl Pts',(-16.2439252099145,-4.84079583640708,-91.499));
#8332=CARTESIAN_POINT('Ctrl Pts',(-16.2439252099145,-4.84079583640708,-91.498));
#8333=CARTESIAN_POINT('',(-16.7496884551097,-5.61930051749295,-91.499));
#8334=CARTESIAN_POINT('Ctrl Pts',(-16.7496884551097,-5.61930051749295,-91.499));
#8335=CARTESIAN_POINT('Ctrl Pts',(-16.5113706955936,-5.58487684111841,-91.499));
#8336=CARTESIAN_POINT('Ctrl Pts',(-16.2439252099145,-5.17708867483533,-91.499));
#8337=CARTESIAN_POINT('Ctrl Pts',(-16.2439252099145,-4.84079583640708,-91.499));
#8338=CARTESIAN_POINT('',(-16.7496884551097,-5.61930051749295,-91.498));
#8339=CARTESIAN_POINT('',(-16.7496884551097,-5.61930051749295,-91.499));
#8340=CARTESIAN_POINT('Ctrl Pts',(-16.7496884551097,-5.61930051749295,-91.498));
#8341=CARTESIAN_POINT('Ctrl Pts',(-16.5113706955936,-5.58487684111841,-91.498));
#8342=CARTESIAN_POINT('Ctrl Pts',(-16.2439252099145,-5.17708867483533,-91.498));
#8343=CARTESIAN_POINT('Ctrl Pts',(-16.2439252099145,-4.84079583640708,-91.498));
#8344=CARTESIAN_POINT('Ctrl Pts',(-16.3313083884037,-6.36338152220428,-91.499));
#8345=CARTESIAN_POINT('Ctrl Pts',(-16.3313083884037,-6.36338152220428,-91.498));
#8346=CARTESIAN_POINT('Ctrl Pts',(-16.3313083884037,-6.02708868377603,-91.499));
#8347=CARTESIAN_POINT('Ctrl Pts',(-16.3313083884037,-6.02708868377603,-91.498));
#8348=CARTESIAN_POINT('Ctrl Pts',(-16.5404984217567,-5.65637216897323,-91.499));
#8349=CARTESIAN_POINT('Ctrl Pts',(-16.5404984217567,-5.65637216897323,-91.498));
#8350=CARTESIAN_POINT('Ctrl Pts',(-16.7496884551097,-5.61930051749295,-91.499));
#8351=CARTESIAN_POINT('Ctrl Pts',(-16.7496884551097,-5.61930051749295,-91.498));
#8352=CARTESIAN_POINT('',(-16.3313083884037,-6.36338152220428,-91.499));
#8353=CARTESIAN_POINT('Ctrl Pts',(-16.3313083884037,-6.36338152220428,-91.499));
#8354=CARTESIAN_POINT('Ctrl Pts',(-16.3313083884037,-6.02708868377603,-91.499));
#8355=CARTESIAN_POINT('Ctrl Pts',(-16.5404984217567,-5.65637216897323,-91.499));
#8356=CARTESIAN_POINT('Ctrl Pts',(-16.7496884551097,-5.61930051749295,-91.499));
#8357=CARTESIAN_POINT('',(-16.3313083884037,-6.36338152220428,-91.498));
#8358=CARTESIAN_POINT('',(-16.3313083884037,-6.36338152220428,-91.499));
#8359=CARTESIAN_POINT('Ctrl Pts',(-16.3313083884037,-6.36338152220428,-91.498));
#8360=CARTESIAN_POINT('Ctrl Pts',(-16.3313083884037,-6.02708868377603,-91.498));
#8361=CARTESIAN_POINT('Ctrl Pts',(-16.5404984217567,-5.65637216897323,-91.498));
#8362=CARTESIAN_POINT('Ctrl Pts',(-16.7496884551097,-5.61930051749295,-91.498));
#8363=CARTESIAN_POINT('Ctrl Pts',(-17.1945482728731,-7.1921977302991,-91.499));
#8364=CARTESIAN_POINT('Ctrl Pts',(-17.1945482728731,-7.1921977302991,-91.498));
#8365=CARTESIAN_POINT('Ctrl Pts',(-16.7576323804269,-7.1921977302991,-91.499));
#8366=CARTESIAN_POINT('Ctrl Pts',(-16.7576323804269,-7.1921977302991,-91.498));
#8367=CARTESIAN_POINT('Ctrl Pts',(-16.3313083884037,-6.78705753912176,-91.499));
#8368=CARTESIAN_POINT('Ctrl Pts',(-16.3313083884037,-6.78705753912176,-91.498));
#8369=CARTESIAN_POINT('Ctrl Pts',(-16.3313083884037,-6.36338152220428,-91.499));
#8370=CARTESIAN_POINT('Ctrl Pts',(-16.3313083884037,-6.36338152220428,-91.498));
#8371=CARTESIAN_POINT('',(-17.1945482728731,-7.1921977302991,-91.499));
#8372=CARTESIAN_POINT('Ctrl Pts',(-17.1945482728731,-7.1921977302991,-91.499));
#8373=CARTESIAN_POINT('Ctrl Pts',(-16.7576323804269,-7.1921977302991,-91.499));
#8374=CARTESIAN_POINT('Ctrl Pts',(-16.3313083884037,-6.78705753912176,-91.499));
#8375=CARTESIAN_POINT('Ctrl Pts',(-16.3313083884037,-6.36338152220428,-91.499));
#8376=CARTESIAN_POINT('',(-17.1945482728731,-7.1921977302991,-91.498));
#8377=CARTESIAN_POINT('',(-17.1945482728731,-7.1921977302991,-91.499));
#8378=CARTESIAN_POINT('Ctrl Pts',(-17.1945482728731,-7.1921977302991,-91.498));
#8379=CARTESIAN_POINT('Ctrl Pts',(-16.7576323804269,-7.1921977302991,-91.498));
#8380=CARTESIAN_POINT('Ctrl Pts',(-16.3313083884037,-6.78705753912176,-91.498));
#8381=CARTESIAN_POINT('Ctrl Pts',(-16.3313083884037,-6.36338152220428,-91.498));
#8382=CARTESIAN_POINT('Origin',(-18.211370713475,-7.1921977302991,-91.499));
#8383=CARTESIAN_POINT('',(-18.211370713475,-7.1921977302991,-91.499));
#8384=CARTESIAN_POINT('',(-10.5848804612205,-7.19219773029909,-91.499));
#8385=CARTESIAN_POINT('',(-18.211370713475,-7.1921977302991,-91.498));
#8386=CARTESIAN_POINT('',(-18.211370713475,-7.1921977302991,-91.499));
#8387=CARTESIAN_POINT('',(-18.211370713475,-7.1921977302991,-91.498));
#8388=CARTESIAN_POINT('Origin',(-18.211370713475,-3.79219769453631,-91.499));
#8389=CARTESIAN_POINT('',(-18.211370713475,-4.53790797855572,-91.499));
#8390=CARTESIAN_POINT('',(-18.211370713475,-3.79219769453631,-91.498));
#8391=CARTESIAN_POINT('Origin',(-17.4118551587943,-5.49064366433344,-91.498));
#8392=CARTESIAN_POINT('Origin',(-12.163395571978,-4.95730674105938,-91.499));
#8393=CARTESIAN_POINT('',(-12.163395571978,-4.95730674105938,-91.499));
#8394=CARTESIAN_POINT('',(-12.163395571978,-5.00232231785686,-91.499));
#8395=CARTESIAN_POINT('',(-12.163395571978,-5.12046250181725,-91.499));
#8396=CARTESIAN_POINT('',(-12.163395571978,-4.95730674105938,-91.498));
#8397=CARTESIAN_POINT('',(-12.163395571978,-4.95730674105938,-91.499));
#8398=CARTESIAN_POINT('',(-12.163395571978,-5.00232231785686,-91.498));
#8399=CARTESIAN_POINT('',(-12.163395571978,-4.95730674105938,-91.498));
#8400=CARTESIAN_POINT('',(-12.163395571978,-5.00232231785686,-91.499));
#8401=CARTESIAN_POINT('Ctrl Pts',(-12.542056012098,-4.22646561187672,-91.499));
#8402=CARTESIAN_POINT('Ctrl Pts',(-12.542056012098,-4.22646561187672,-91.498));
#8403=CARTESIAN_POINT('Ctrl Pts',(-12.3302180036392,-4.22646561187672,-91.499));
#8404=CARTESIAN_POINT('Ctrl Pts',(-12.3302180036392,-4.22646561187672,-91.498));
#8405=CARTESIAN_POINT('Ctrl Pts',(-12.163395571978,-4.53627869924763,-91.499));
#8406=CARTESIAN_POINT('Ctrl Pts',(-12.163395571978,-4.53627869924763,-91.498));
#8407=CARTESIAN_POINT('Ctrl Pts',(-12.163395571978,-4.95730674105938,-91.499));
#8408=CARTESIAN_POINT('Ctrl Pts',(-12.163395571978,-4.95730674105938,-91.498));
#8409=CARTESIAN_POINT('',(-12.542056012098,-4.22646561187672,-91.499));
#8410=CARTESIAN_POINT('Ctrl Pts',(-12.542056012098,-4.22646561187672,-91.499));
#8411=CARTESIAN_POINT('Ctrl Pts',(-12.3302180036392,-4.22646561187672,-91.499));
#8412=CARTESIAN_POINT('Ctrl Pts',(-12.163395571978,-4.53627869924763,-91.499));
#8413=CARTESIAN_POINT('Ctrl Pts',(-12.163395571978,-4.95730674105938,-91.499));
#8414=CARTESIAN_POINT('',(-12.542056012098,-4.22646561187672,-91.498));
#8415=CARTESIAN_POINT('',(-12.542056012098,-4.22646561187672,-91.499));
#8416=CARTESIAN_POINT('Ctrl Pts',(-12.542056012098,-4.22646561187672,-91.498));
#8417=CARTESIAN_POINT('Ctrl Pts',(-12.3302180036392,-4.22646561187672,-91.498));
#8418=CARTESIAN_POINT('Ctrl Pts',(-12.163395571978,-4.53627869924763,-91.498));
#8419=CARTESIAN_POINT('Ctrl Pts',(-12.163395571978,-4.95730674105938,-91.498));
#8420=CARTESIAN_POINT('Ctrl Pts',(-12.9286603775352,-5.54250923942665,-91.499));
#8421=CARTESIAN_POINT('Ctrl Pts',(-12.9286603775352,-5.54250923942665,-91.498));
#8422=CARTESIAN_POINT('Ctrl Pts',(-12.9286603775352,-4.62366187773686,-91.499));
#8423=CARTESIAN_POINT('Ctrl Pts',(-12.9286603775352,-4.62366187773686,-91.498));
#8424=CARTESIAN_POINT('Ctrl Pts',(-12.7671338960854,-4.22646561187672,-91.499));
#8425=CARTESIAN_POINT('Ctrl Pts',(-12.7671338960854,-4.22646561187672,-91.498));
#8426=CARTESIAN_POINT('Ctrl Pts',(-12.542056012098,-4.22646561187672,-91.499));
#8427=CARTESIAN_POINT('Ctrl Pts',(-12.542056012098,-4.22646561187672,-91.498));
#8428=CARTESIAN_POINT('',(-12.9286603775352,-5.54250923942665,-91.499));
#8429=CARTESIAN_POINT('Ctrl Pts',(-12.9286603775352,-5.54250923942665,-91.499));
#8430=CARTESIAN_POINT('Ctrl Pts',(-12.9286603775352,-4.62366187773686,-91.499));
#8431=CARTESIAN_POINT('Ctrl Pts',(-12.7671338960854,-4.22646561187672,-91.499));
#8432=CARTESIAN_POINT('Ctrl Pts',(-12.542056012098,-4.22646561187672,-91.499));
#8433=CARTESIAN_POINT('',(-12.9286603775352,-5.54250923942665,-91.498));
#8434=CARTESIAN_POINT('',(-12.9286603775352,-5.54250923942665,-91.499));
#8435=CARTESIAN_POINT('Ctrl Pts',(-12.9286603775352,-5.54250923942665,-91.498));
#8436=CARTESIAN_POINT('Ctrl Pts',(-12.9286603775352,-4.62366187773686,-91.498));
#8437=CARTESIAN_POINT('Ctrl Pts',(-12.7671338960854,-4.22646561187672,-91.498));
#8438=CARTESIAN_POINT('Ctrl Pts',(-12.542056012098,-4.22646561187672,-91.498));
#8439=CARTESIAN_POINT('Ctrl Pts',(-12.5367600618865,-6.76587373827588,-91.499));
#8440=CARTESIAN_POINT('Ctrl Pts',(-12.5367600618865,-6.76587373827588,-91.498));
#8441=CARTESIAN_POINT('Ctrl Pts',(-12.7644859209796,-6.76587373827588,-91.499));
#8442=CARTESIAN_POINT('Ctrl Pts',(-12.7644859209796,-6.76587373827588,-91.498));
#8443=CARTESIAN_POINT('Ctrl Pts',(-12.9286603775352,-6.38986127326161,-91.499));
#8444=CARTESIAN_POINT('Ctrl Pts',(-12.9286603775352,-6.38986127326161,-91.498));
#8445=CARTESIAN_POINT('Ctrl Pts',(-12.9286603775352,-5.54250923942665,-91.499));
#8446=CARTESIAN_POINT('Ctrl Pts',(-12.9286603775352,-5.54250923942665,-91.498));
#8447=CARTESIAN_POINT('',(-12.5367600618865,-6.76587373827588,-91.499));
#8448=CARTESIAN_POINT('Ctrl Pts',(-12.5367600618865,-6.76587373827588,-91.499));
#8449=CARTESIAN_POINT('Ctrl Pts',(-12.7644859209796,-6.76587373827588,-91.499));
#8450=CARTESIAN_POINT('Ctrl Pts',(-12.9286603775352,-6.38986127326161,-91.499));
#8451=CARTESIAN_POINT('Ctrl Pts',(-12.9286603775352,-5.54250923942665,-91.499));
#8452=CARTESIAN_POINT('',(-12.5367600618865,-6.76587373827588,-91.498));
#8453=CARTESIAN_POINT('',(-12.5367600618865,-6.76587373827588,-91.499));
#8454=CARTESIAN_POINT('Ctrl Pts',(-12.5367600618865,-6.76587373827588,-91.498));
#8455=CARTESIAN_POINT('Ctrl Pts',(-12.7644859209796,-6.76587373827588,-91.498));
#8456=CARTESIAN_POINT('Ctrl Pts',(-12.9286603775352,-6.38986127326161,-91.498));
#8457=CARTESIAN_POINT('Ctrl Pts',(-12.9286603775352,-5.54250923942665,-91.498));
#8458=CARTESIAN_POINT('Ctrl Pts',(-12.1766354475066,-6.22039086649462,-91.499));
#8459=CARTESIAN_POINT('Ctrl Pts',(-12.1766354475066,-6.22039086649462,-91.498));
#8460=CARTESIAN_POINT('Ctrl Pts',(-12.1766354475066,-6.49578027749098,-91.499));
#8461=CARTESIAN_POINT('Ctrl Pts',(-12.1766354475066,-6.49578027749098,-91.498));
#8462=CARTESIAN_POINT('Ctrl Pts',(-12.3540497795908,-6.76587373827588,-91.499));
#8463=CARTESIAN_POINT('Ctrl Pts',(-12.3540497795908,-6.76587373827588,-91.498));
#8464=CARTESIAN_POINT('Ctrl Pts',(-12.5367600618865,-6.76587373827588,-91.499));
#8465=CARTESIAN_POINT('Ctrl Pts',(-12.5367600618865,-6.76587373827588,-91.498));
#8466=CARTESIAN_POINT('',(-12.1766354475066,-6.22039086649462,-91.499));
#8467=CARTESIAN_POINT('Ctrl Pts',(-12.1766354475066,-6.22039086649462,-91.499));
#8468=CARTESIAN_POINT('Ctrl Pts',(-12.1766354475066,-6.49578027749098,-91.499));
#8469=CARTESIAN_POINT('Ctrl Pts',(-12.3540497795908,-6.76587373827588,-91.499));
#8470=CARTESIAN_POINT('Ctrl Pts',(-12.5367600618865,-6.76587373827588,-91.499));
#8471=CARTESIAN_POINT('',(-12.1766354475066,-6.22039086649462,-91.498));
#8472=CARTESIAN_POINT('',(-12.1766354475066,-6.22039086649462,-91.499));
#8473=CARTESIAN_POINT('Ctrl Pts',(-12.1766354475066,-6.22039086649462,-91.498));
#8474=CARTESIAN_POINT('Ctrl Pts',(-12.1766354475066,-6.49578027749098,-91.498));
#8475=CARTESIAN_POINT('Ctrl Pts',(-12.3540497795908,-6.76587373827588,-91.498));
#8476=CARTESIAN_POINT('Ctrl Pts',(-12.5367600618865,-6.76587373827588,-91.498));
#8477=CARTESIAN_POINT('Origin',(-12.1766354475066,-6.13830363821686,-91.499));
#8478=CARTESIAN_POINT('',(-12.1766354475066,-6.13830363821686,-91.499));
#8479=CARTESIAN_POINT('',(-12.1766354475066,-5.71096095039599,-91.499));
#8480=CARTESIAN_POINT('',(-12.1766354475066,-6.13830363821686,-91.498));
#8481=CARTESIAN_POINT('',(-12.1766354475066,-6.13830363821686,-91.499));
#8482=CARTESIAN_POINT('',(-12.1766354475066,-6.13830363821686,-91.498));
#8483=CARTESIAN_POINT('Origin',(-11.5623052229763,-6.13830363821686,-91.499));
#8484=CARTESIAN_POINT('',(-11.5623052229763,-6.13830363821686,-91.499));
#8485=CARTESIAN_POINT('',(-7.26034771597111,-6.13830363821685,-91.499));
#8486=CARTESIAN_POINT('',(-11.5623052229763,-6.13830363821686,-91.498));
#8487=CARTESIAN_POINT('',(-11.5623052229763,-6.13830363821686,-91.499));
#8488=CARTESIAN_POINT('',(-11.5623052229763,-6.13830363821686,-91.498));
#8489=CARTESIAN_POINT('Ctrl Pts',(-12.5499999374152,-7.27163698347112,-91.499));
#8490=CARTESIAN_POINT('Ctrl Pts',(-12.5499999374152,-7.27163698347112,-91.498));
#8491=CARTESIAN_POINT('Ctrl Pts',(-12.033644791797,-7.27163698347112,-91.499));
#8492=CARTESIAN_POINT('Ctrl Pts',(-12.033644791797,-7.27163698347112,-91.498));
#8493=CARTESIAN_POINT('Ctrl Pts',(-11.564953198082,-6.73409803700706,-91.499));
#8494=CARTESIAN_POINT('Ctrl Pts',(-11.564953198082,-6.73409803700706,-91.498));
#8495=CARTESIAN_POINT('Ctrl Pts',(-11.5623052229763,-6.13830363821686,-91.499));
#8496=CARTESIAN_POINT('Ctrl Pts',(-11.5623052229763,-6.13830363821686,-91.498));
#8497=CARTESIAN_POINT('',(-12.5499999374152,-7.27163698347112,-91.499));
#8498=CARTESIAN_POINT('Ctrl Pts',(-12.5499999374152,-7.27163698347112,-91.499));
#8499=CARTESIAN_POINT('Ctrl Pts',(-12.033644791797,-7.27163698347112,-91.499));
#8500=CARTESIAN_POINT('Ctrl Pts',(-11.564953198082,-6.73409803700706,-91.499));
#8501=CARTESIAN_POINT('Ctrl Pts',(-11.5623052229763,-6.13830363821686,-91.499));
#8502=CARTESIAN_POINT('',(-12.5499999374152,-7.27163698347112,-91.498));
#8503=CARTESIAN_POINT('',(-12.5499999374152,-7.27163698347112,-91.499));
#8504=CARTESIAN_POINT('Ctrl Pts',(-12.5499999374152,-7.27163698347112,-91.498));
#8505=CARTESIAN_POINT('Ctrl Pts',(-12.033644791797,-7.27163698347112,-91.498));
#8506=CARTESIAN_POINT('Ctrl Pts',(-11.564953198082,-6.73409803700706,-91.498));
#8507=CARTESIAN_POINT('Ctrl Pts',(-11.5623052229763,-6.13830363821686,-91.498));
#8508=CARTESIAN_POINT('Ctrl Pts',(-13.4079438716731,-6.8294251408135,-91.499));
#8509=CARTESIAN_POINT('Ctrl Pts',(-13.4079438716731,-6.8294251408135,-91.498));
#8510=CARTESIAN_POINT('Ctrl Pts',(-13.2702491661749,-7.06244695011812,-91.499));
#8511=CARTESIAN_POINT('Ctrl Pts',(-13.2702491661749,-7.06244695011812,-91.498));
#8512=CARTESIAN_POINT('Ctrl Pts',(-12.8651089749976,-7.27163698347112,-91.499));
#8513=CARTESIAN_POINT('Ctrl Pts',(-12.8651089749976,-7.27163698347112,-91.498));
#8514=CARTESIAN_POINT('Ctrl Pts',(-12.5499999374152,-7.27163698347112,-91.499));
#8515=CARTESIAN_POINT('Ctrl Pts',(-12.5499999374152,-7.27163698347112,-91.498));
#8516=CARTESIAN_POINT('',(-13.4079438716731,-6.8294251408135,-91.499));
#8517=CARTESIAN_POINT('Ctrl Pts',(-13.4079438716731,-6.8294251408135,-91.499));
#8518=CARTESIAN_POINT('Ctrl Pts',(-13.2702491661749,-7.06244695011812,-91.499));
#8519=CARTESIAN_POINT('Ctrl Pts',(-12.8651089749976,-7.27163698347112,-91.499));
#8520=CARTESIAN_POINT('Ctrl Pts',(-12.5499999374152,-7.27163698347112,-91.499));
#8521=CARTESIAN_POINT('',(-13.4079438716731,-6.8294251408135,-91.498));
#8522=CARTESIAN_POINT('',(-13.4079438716731,-6.8294251408135,-91.499));
#8523=CARTESIAN_POINT('Ctrl Pts',(-13.4079438716731,-6.8294251408135,-91.498));
#8524=CARTESIAN_POINT('Ctrl Pts',(-13.2702491661749,-7.06244695011812,-91.498));
#8525=CARTESIAN_POINT('Ctrl Pts',(-12.8651089749976,-7.27163698347112,-91.498));
#8526=CARTESIAN_POINT('Ctrl Pts',(-12.5499999374152,-7.27163698347112,-91.498));
#8527=CARTESIAN_POINT('Ctrl Pts',(-13.5800622535458,-5.53191733900372,-91.499));
#8528=CARTESIAN_POINT('Ctrl Pts',(-13.5800622535458,-5.53191733900372,-91.498));
#8529=CARTESIAN_POINT('Ctrl Pts',(-13.5800622535458,-6.0562164099391,-91.499));
#8530=CARTESIAN_POINT('Ctrl Pts',(-13.5800622535458,-6.0562164099391,-91.498));
#8531=CARTESIAN_POINT('Ctrl Pts',(-13.4953270501623,-6.67584258468091,-91.499));
#8532=CARTESIAN_POINT('Ctrl Pts',(-13.4953270501623,-6.67584258468091,-91.498));
#8533=CARTESIAN_POINT('Ctrl Pts',(-13.4079438716731,-6.8294251408135,-91.499));
#8534=CARTESIAN_POINT('Ctrl Pts',(-13.4079438716731,-6.8294251408135,-91.498));
#8535=CARTESIAN_POINT('',(-13.5800622535458,-5.53191733900372,-91.499));
#8536=CARTESIAN_POINT('Ctrl Pts',(-13.5800622535458,-5.53191733900372,-91.499));
#8537=CARTESIAN_POINT('Ctrl Pts',(-13.5800622535458,-6.0562164099391,-91.499));
#8538=CARTESIAN_POINT('Ctrl Pts',(-13.4953270501623,-6.67584258468091,-91.499));
#8539=CARTESIAN_POINT('Ctrl Pts',(-13.4079438716731,-6.8294251408135,-91.499));
#8540=CARTESIAN_POINT('',(-13.5800622535458,-5.53191733900372,-91.498));
#8541=CARTESIAN_POINT('',(-13.5800622535458,-5.53191733900372,-91.499));
#8542=CARTESIAN_POINT('Ctrl Pts',(-13.5800622535458,-5.53191733900372,-91.498));
#8543=CARTESIAN_POINT('Ctrl Pts',(-13.5800622535458,-6.0562164099391,-91.498));
#8544=CARTESIAN_POINT('Ctrl Pts',(-13.4953270501623,-6.67584258468091,-91.498));
#8545=CARTESIAN_POINT('Ctrl Pts',(-13.4079438716731,-6.8294251408135,-91.498));
#8546=CARTESIAN_POINT('Ctrl Pts',(-13.2676011910692,-3.9696120266205,-91.499));
#8547=CARTESIAN_POINT('Ctrl Pts',(-13.2676011910692,-3.9696120266205,-91.498));
#8548=CARTESIAN_POINT('Ctrl Pts',(-13.4397195729419,-4.14437838359896,-91.499));
#8549=CARTESIAN_POINT('Ctrl Pts',(-13.4397195729419,-4.14437838359896,-91.498));
#8550=CARTESIAN_POINT('Ctrl Pts',(-13.5800622535458,-4.76400455834078,-91.499));
#8551=CARTESIAN_POINT('Ctrl Pts',(-13.5800622535458,-4.76400455834078,-91.498));
#8552=CARTESIAN_POINT('Ctrl Pts',(-13.5800622535458,-5.53191733900372,-91.499));
#8553=CARTESIAN_POINT('Ctrl Pts',(-13.5800622535458,-5.53191733900372,-91.498));
#8554=CARTESIAN_POINT('',(-13.2676011910692,-3.9696120266205,-91.499));
#8555=CARTESIAN_POINT('Ctrl Pts',(-13.2676011910692,-3.9696120266205,-91.499));
#8556=CARTESIAN_POINT('Ctrl Pts',(-13.4397195729419,-4.14437838359896,-91.499));
#8557=CARTESIAN_POINT('Ctrl Pts',(-13.5800622535458,-4.76400455834078,-91.499));
#8558=CARTESIAN_POINT('Ctrl Pts',(-13.5800622535458,-5.53191733900372,-91.499));
#8559=CARTESIAN_POINT('',(-13.2676011910692,-3.9696120266205,-91.498));
#8560=CARTESIAN_POINT('',(-13.2676011910692,-3.9696120266205,-91.499));
#8561=CARTESIAN_POINT('Ctrl Pts',(-13.2676011910692,-3.9696120266205,-91.498));
#8562=CARTESIAN_POINT('Ctrl Pts',(-13.4397195729419,-4.14437838359896,-91.498));
#8563=CARTESIAN_POINT('Ctrl Pts',(-13.5800622535458,-4.76400455834078,-91.498));
#8564=CARTESIAN_POINT('Ctrl Pts',(-13.5800622535458,-5.53191733900372,-91.498));
#8565=CARTESIAN_POINT('Ctrl Pts',(-12.5499999374152,-3.71011046625854,-91.499));
#8566=CARTESIAN_POINT('Ctrl Pts',(-12.5499999374152,-3.71011046625854,-91.498));
#8567=CARTESIAN_POINT('Ctrl Pts',(-12.7936136471427,-3.71011046625854,-91.499));
#8568=CARTESIAN_POINT('Ctrl Pts',(-12.7936136471427,-3.71011046625854,-91.498));
#8569=CARTESIAN_POINT('Ctrl Pts',(-13.1404983859939,-3.83721327133379,-91.499));
#8570=CARTESIAN_POINT('Ctrl Pts',(-13.1404983859939,-3.83721327133379,-91.498));
#8571=CARTESIAN_POINT('Ctrl Pts',(-13.2676011910692,-3.9696120266205,-91.499));
#8572=CARTESIAN_POINT('Ctrl Pts',(-13.2676011910692,-3.9696120266205,-91.498));
#8573=CARTESIAN_POINT('',(-12.5499999374152,-3.71011046625854,-91.499));
#8574=CARTESIAN_POINT('Ctrl Pts',(-12.5499999374152,-3.71011046625854,-91.499));
#8575=CARTESIAN_POINT('Ctrl Pts',(-12.7936136471427,-3.71011046625854,-91.499));
#8576=CARTESIAN_POINT('Ctrl Pts',(-13.1404983859939,-3.83721327133379,-91.499));
#8577=CARTESIAN_POINT('Ctrl Pts',(-13.2676011910692,-3.9696120266205,-91.499));
#8578=CARTESIAN_POINT('',(-12.5499999374152,-3.71011046625854,-91.498));
#8579=CARTESIAN_POINT('',(-12.5499999374152,-3.71011046625854,-91.499));
#8580=CARTESIAN_POINT('Ctrl Pts',(-12.5499999374152,-3.71011046625854,-91.498));
#8581=CARTESIAN_POINT('Ctrl Pts',(-12.7936136471427,-3.71011046625854,-91.498));
#8582=CARTESIAN_POINT('Ctrl Pts',(-13.1404983859939,-3.83721327133379,-91.498));
#8583=CARTESIAN_POINT('Ctrl Pts',(-13.2676011910692,-3.9696120266205,-91.498));
#8584=CARTESIAN_POINT('Ctrl Pts',(-11.5411214221304,-4.86992356257015,-91.499));
#8585=CARTESIAN_POINT('Ctrl Pts',(-11.5411214221304,-4.86992356257015,-91.498));
#8586=CARTESIAN_POINT('Ctrl Pts',(-11.5411214221304,-4.28207308909714,-91.499));
#8587=CARTESIAN_POINT('Ctrl Pts',(-11.5411214221304,-4.28207308909714,-91.498));
#8588=CARTESIAN_POINT('Ctrl Pts',(-12.0389407420085,-3.71011046625854,-91.499));
#8589=CARTESIAN_POINT('Ctrl Pts',(-12.0389407420085,-3.71011046625854,-91.498));
#8590=CARTESIAN_POINT('Ctrl Pts',(-12.5499999374152,-3.71011046625854,-91.499));
#8591=CARTESIAN_POINT('Ctrl Pts',(-12.5499999374152,-3.71011046625854,-91.498));
#8592=CARTESIAN_POINT('',(-11.5411214221304,-4.86992356257015,-91.499));
#8593=CARTESIAN_POINT('Ctrl Pts',(-11.5411214221304,-4.86992356257015,-91.499));
#8594=CARTESIAN_POINT('Ctrl Pts',(-11.5411214221304,-4.28207308909714,-91.499));
#8595=CARTESIAN_POINT('Ctrl Pts',(-12.0389407420085,-3.71011046625854,-91.499));
#8596=CARTESIAN_POINT('Ctrl Pts',(-12.5499999374152,-3.71011046625854,-91.499));
#8597=CARTESIAN_POINT('',(-11.5411214221304,-4.86992356257015,-91.498));
#8598=CARTESIAN_POINT('',(-11.5411214221304,-4.86992356257015,-91.499));
#8599=CARTESIAN_POINT('Ctrl Pts',(-11.5411214221304,-4.86992356257015,-91.498));
#8600=CARTESIAN_POINT('Ctrl Pts',(-11.5411214221304,-4.28207308909714,-91.498));
#8601=CARTESIAN_POINT('Ctrl Pts',(-12.0389407420085,-3.71011046625854,-91.498));
#8602=CARTESIAN_POINT('Ctrl Pts',(-12.5499999374152,-3.71011046625854,-91.498));
#8603=CARTESIAN_POINT('Ctrl Pts',(-11.5464173723419,-5.00232231785686,-91.499));
#8604=CARTESIAN_POINT('Ctrl Pts',(-11.5464173723419,-5.00232231785686,-91.498));
#8605=CARTESIAN_POINT('Ctrl Pts',(-11.5464173723419,-4.98113851701099,-91.499));
#8606=CARTESIAN_POINT('Ctrl Pts',(-11.5464173723419,-4.98113851701099,-91.498));
#8607=CARTESIAN_POINT('Ctrl Pts',(-11.5411214221304,-4.89375533852176,-91.499));
#8608=CARTESIAN_POINT('Ctrl Pts',(-11.5411214221304,-4.89375533852176,-91.498));
#8609=CARTESIAN_POINT('Ctrl Pts',(-11.5411214221304,-4.86992356257015,-91.499));
#8610=CARTESIAN_POINT('Ctrl Pts',(-11.5411214221304,-4.86992356257015,-91.498));
#8611=CARTESIAN_POINT('',(-11.5464173723419,-5.00232231785686,-91.499));
#8612=CARTESIAN_POINT('Ctrl Pts',(-11.5464173723419,-5.00232231785686,-91.499));
#8613=CARTESIAN_POINT('Ctrl Pts',(-11.5464173723419,-4.98113851701099,-91.499));
#8614=CARTESIAN_POINT('Ctrl Pts',(-11.5411214221304,-4.89375533852176,-91.499));
#8615=CARTESIAN_POINT('Ctrl Pts',(-11.5411214221304,-4.86992356257015,-91.499));
#8616=CARTESIAN_POINT('',(-11.5464173723419,-5.00232231785686,-91.498));
#8617=CARTESIAN_POINT('',(-11.5464173723419,-5.00232231785686,-91.499));
#8618=CARTESIAN_POINT('Ctrl Pts',(-11.5464173723419,-5.00232231785686,-91.498));
#8619=CARTESIAN_POINT('Ctrl Pts',(-11.5464173723419,-4.98113851701099,-91.498));
#8620=CARTESIAN_POINT('Ctrl Pts',(-11.5411214221304,-4.89375533852176,-91.498));
#8621=CARTESIAN_POINT('Ctrl Pts',(-11.5411214221304,-4.86992356257015,-91.498));
#8622=CARTESIAN_POINT('Origin',(-12.163395571978,-5.00232231785686,-91.499));
#8623=CARTESIAN_POINT('',(-7.56089289047195,-5.00232231785685,-91.499));
#8624=CARTESIAN_POINT('',(-12.163395571978,-5.00232231785686,-91.498));
#8625=CARTESIAN_POINT('Origin',(-12.5760724167978,-5.49056052259482,-91.498));
#8626=CARTESIAN_POINT('Origin',(-7.9372273032261,-3.7921976945363,-91.499));
#8627=CARTESIAN_POINT('',(-7.9372273032261,-3.7921976945363,-91.499));
#8628=CARTESIAN_POINT('',(-8.56744537839086,-3.7921976945363,-91.499));
#8629=CARTESIAN_POINT('',(-5.44780875609602,-3.79219769453629,-91.499));
#8630=CARTESIAN_POINT('',(-7.9372273032261,-3.7921976945363,-91.498));
#8631=CARTESIAN_POINT('',(-7.9372273032261,-3.7921976945363,-91.499));
#8632=CARTESIAN_POINT('',(-8.56744537839086,-3.7921976945363,-91.498));
#8633=CARTESIAN_POINT('',(-7.9372273032261,-3.7921976945363,-91.498));
#8634=CARTESIAN_POINT('',(-8.56744537839086,-3.7921976945363,-91.499));
#8635=CARTESIAN_POINT('Origin',(-7.9372273032261,-5.33331920607364,-91.499));
#8636=CARTESIAN_POINT('',(-7.9372273032261,-5.33331920607364,-91.499));
#8637=CARTESIAN_POINT('',(-7.9372273032261,-5.30846873432437,-91.499));
#8638=CARTESIAN_POINT('',(-7.9372273032261,-5.33331920607364,-91.498));
#8639=CARTESIAN_POINT('',(-7.9372273032261,-5.33331920607364,-91.499));
#8640=CARTESIAN_POINT('',(-7.9372273032261,-5.33331920607364,-91.498));
#8641=CARTESIAN_POINT('Origin',(-7.071339443651,-5.33331920607364,-91.499));
#8642=CARTESIAN_POINT('',(-7.071339443651,-5.33331920607364,-91.499));
#8643=CARTESIAN_POINT('',(-5.01486482630846,-5.33331920607363,-91.499));
#8644=CARTESIAN_POINT('',(-7.071339443651,-5.33331920607364,-91.498));
#8645=CARTESIAN_POINT('',(-7.071339443651,-5.33331920607364,-91.499));
#8646=CARTESIAN_POINT('',(-7.071339443651,-5.33331920607364,-91.498));
#8647=CARTESIAN_POINT('Origin',(-7.071339443651,-3.7921976945363,-91.499));
#8648=CARTESIAN_POINT('',(-7.071339443651,-3.7921976945363,-91.499));
#8649=CARTESIAN_POINT('',(-7.071339443651,-4.5379079785557,-91.499));
#8650=CARTESIAN_POINT('',(-7.071339443651,-3.7921976945363,-91.498));
#8651=CARTESIAN_POINT('',(-7.071339443651,-3.7921976945363,-91.499));
#8652=CARTESIAN_POINT('',(-7.071339443651,-3.7921976945363,-91.498));
#8653=CARTESIAN_POINT('Origin',(-6.44112136848625,-3.7921976945363,-91.499));
#8654=CARTESIAN_POINT('',(-6.44112136848625,-3.7921976945363,-91.499));
#8655=CARTESIAN_POINT('',(-4.69975578872609,-3.79219769453629,-91.499));
#8656=CARTESIAN_POINT('',(-6.44112136848625,-3.7921976945363,-91.498));
#8657=CARTESIAN_POINT('',(-6.44112136848625,-3.7921976945363,-91.499));
#8658=CARTESIAN_POINT('',(-6.44112136848625,-3.7921976945363,-91.498));
#8659=CARTESIAN_POINT('Origin',(-6.44112136848624,-7.19219773029908,-91.499));
#8660=CARTESIAN_POINT('',(-6.44112136848624,-7.19219773029908,-91.499));
#8661=CARTESIAN_POINT('',(-6.44112136848624,-6.23790799643709,-91.499));
#8662=CARTESIAN_POINT('',(-6.44112136848624,-7.19219773029908,-91.498));
#8663=CARTESIAN_POINT('',(-6.44112136848624,-7.19219773029908,-91.499));
#8664=CARTESIAN_POINT('',(-6.44112136848624,-7.19219773029908,-91.498));
#8665=CARTESIAN_POINT('Origin',(-7.071339443651,-7.19219773029908,-91.499));
#8666=CARTESIAN_POINT('',(-7.071339443651,-7.19219773029908,-91.499));
#8667=CARTESIAN_POINT('',(-5.01486482630846,-7.19219773029908,-91.499));
#8668=CARTESIAN_POINT('',(-7.071339443651,-7.19219773029908,-91.498));
#8669=CARTESIAN_POINT('',(-7.071339443651,-7.19219773029908,-91.499));
#8670=CARTESIAN_POINT('',(-7.071339443651,-7.19219773029908,-91.498));
#8671=CARTESIAN_POINT('Origin',(-7.071339443651,-5.85761827700902,-91.499));
#8672=CARTESIAN_POINT('',(-7.071339443651,-5.85761827700902,-91.499));
#8673=CARTESIAN_POINT('',(-7.071339443651,-5.57061826979206,-91.499));
#8674=CARTESIAN_POINT('',(-7.071339443651,-5.85761827700902,-91.498));
#8675=CARTESIAN_POINT('',(-7.071339443651,-5.85761827700902,-91.499));
#8676=CARTESIAN_POINT('',(-7.071339443651,-5.85761827700902,-91.498));
#8677=CARTESIAN_POINT('Origin',(-7.9372273032261,-5.85761827700902,-91.499));
#8678=CARTESIAN_POINT('',(-7.9372273032261,-5.85761827700902,-91.499));
#8679=CARTESIAN_POINT('',(-5.44780875609601,-5.85761827700902,-91.499));
#8680=CARTESIAN_POINT('',(-7.9372273032261,-5.85761827700902,-91.498));
#8681=CARTESIAN_POINT('',(-7.9372273032261,-5.85761827700902,-91.499));
#8682=CARTESIAN_POINT('',(-7.9372273032261,-5.85761827700902,-91.498));
#8683=CARTESIAN_POINT('Origin',(-7.9372273032261,-7.19219773029909,-91.499));
#8684=CARTESIAN_POINT('',(-7.9372273032261,-7.19219773029909,-91.499));
#8685=CARTESIAN_POINT('',(-7.9372273032261,-6.2379079964371,-91.499));
#8686=CARTESIAN_POINT('',(-7.9372273032261,-7.19219773029909,-91.498));
#8687=CARTESIAN_POINT('',(-7.9372273032261,-7.19219773029909,-91.499));
#8688=CARTESIAN_POINT('',(-7.9372273032261,-7.19219773029909,-91.498));
#8689=CARTESIAN_POINT('Origin',(-8.56744537839085,-7.19219773029909,-91.499));
#8690=CARTESIAN_POINT('',(-8.56744537839085,-7.19219773029909,-91.499));
#8691=CARTESIAN_POINT('',(-5.76291779367839,-7.19219773029908,-91.499));
#8692=CARTESIAN_POINT('',(-8.56744537839085,-7.19219773029909,-91.498));
#8693=CARTESIAN_POINT('',(-8.56744537839085,-7.19219773029909,-91.499));
#8694=CARTESIAN_POINT('',(-8.56744537839085,-7.19219773029909,-91.498));
#8695=CARTESIAN_POINT('Origin',(-8.56744537839086,-3.7921976945363,-91.499));
#8696=CARTESIAN_POINT('',(-8.56744537839085,-4.5379079785557,-91.499));
#8697=CARTESIAN_POINT('',(-8.56744537839086,-3.7921976945363,-91.498));
#8698=CARTESIAN_POINT('Origin',(-7.50428337343855,-5.49639625094809,-91.498));
#8699=CARTESIAN_POINT('Origin',(-0.369314451037592,-3.79219769453629,-91.499));
#8700=CARTESIAN_POINT('',(-0.369314451037592,-3.79219769453629,-91.499));
#8701=CARTESIAN_POINT('',(-1.00218050130808,-3.79219769453629,-91.499));
#8702=CARTESIAN_POINT('',(-1.66385233000176,-3.79219769453629,-91.499));
#8703=CARTESIAN_POINT('',(-0.369314451037592,-3.79219769453629,-91.498));
#8704=CARTESIAN_POINT('',(-0.369314451037592,-3.79219769453629,-91.499));
#8705=CARTESIAN_POINT('',(-1.00218050130808,-3.79219769453629,-91.498));
#8706=CARTESIAN_POINT('',(-0.369314451037592,-3.79219769453629,-91.498));
#8707=CARTESIAN_POINT('',(-1.00218050130808,-3.79219769453629,-91.499));
#8708=CARTESIAN_POINT('Origin',(-0.36931445103759,-5.29095160438188,-91.499));
#8709=CARTESIAN_POINT('',(-0.36931445103759,-5.29095160438188,-91.499));
#8710=CARTESIAN_POINT('',(-0.36931445103759,-5.28728493347848,-91.499));
#8711=CARTESIAN_POINT('',(-0.36931445103759,-5.29095160438188,-91.498));
#8712=CARTESIAN_POINT('',(-0.36931445103759,-5.29095160438188,-91.499));
#8713=CARTESIAN_POINT('',(-0.36931445103759,-5.29095160438188,-91.498));
#8714=CARTESIAN_POINT('Origin',(0.711059392101987,-5.29095160438188,-91.499));
#8715=CARTESIAN_POINT('',(0.711059392101987,-5.29095160438188,-91.499));
#8716=CARTESIAN_POINT('',(-1.12366540843197,-5.29095160438188,-91.499));
#8717=CARTESIAN_POINT('',(0.711059392101987,-5.29095160438188,-91.498));
#8718=CARTESIAN_POINT('',(0.711059392101987,-5.29095160438188,-91.499));
#8719=CARTESIAN_POINT('',(0.711059392101987,-5.29095160438188,-91.498));
#8720=CARTESIAN_POINT('Origin',(0.711059392101988,-5.8337865010574,-91.499));
#8721=CARTESIAN_POINT('',(0.711059392101988,-5.8337865010574,-91.499));
#8722=CARTESIAN_POINT('',(0.711059392101988,-5.55870238181624,-91.499));
#8723=CARTESIAN_POINT('',(0.711059392101988,-5.8337865010574,-91.498));
#8724=CARTESIAN_POINT('',(0.711059392101988,-5.8337865010574,-91.499));
#8725=CARTESIAN_POINT('',(0.711059392101988,-5.8337865010574,-91.498));
#8726=CARTESIAN_POINT('Origin',(-0.369314451037589,-5.8337865010574,-91.499));
#8727=CARTESIAN_POINT('',(-0.369314451037589,-5.8337865010574,-91.499));
#8728=CARTESIAN_POINT('',(-1.66385233000176,-5.8337865010574,-91.499));
#8729=CARTESIAN_POINT('',(-0.369314451037589,-5.8337865010574,-91.498));
#8730=CARTESIAN_POINT('',(-0.369314451037589,-5.8337865010574,-91.499));
#8731=CARTESIAN_POINT('',(-0.369314451037589,-5.8337865010574,-91.498));
#8732=CARTESIAN_POINT('Origin',(-0.369314451037587,-6.63612295809488,-91.499));
#8733=CARTESIAN_POINT('',(-0.369314451037587,-6.63612295809488,-91.499));
#8734=CARTESIAN_POINT('',(-0.369314451037589,-5.95987061033499,-91.499));
#8735=CARTESIAN_POINT('',(-0.369314451037587,-6.63612295809488,-91.498));
#8736=CARTESIAN_POINT('',(-0.369314451037587,-6.63612295809488,-91.499));
#8737=CARTESIAN_POINT('',(-0.369314451037587,-6.63612295809488,-91.498));
#8738=CARTESIAN_POINT('Origin',(0.774610794639612,-6.63612295809488,-91.499));
#8739=CARTESIAN_POINT('',(0.774610794639612,-6.63612295809488,-91.499));
#8740=CARTESIAN_POINT('',(-1.09188970716316,-6.63612295809488,-91.499));
#8741=CARTESIAN_POINT('',(0.774610794639612,-6.63612295809488,-91.498));
#8742=CARTESIAN_POINT('',(0.774610794639612,-6.63612295809488,-91.499));
#8743=CARTESIAN_POINT('',(0.774610794639612,-6.63612295809488,-91.498));
#8744=CARTESIAN_POINT('Origin',(0.774610794639613,-7.19219773029907,-91.499));
#8745=CARTESIAN_POINT('',(0.774610794639613,-7.19219773029907,-91.499));
#8746=CARTESIAN_POINT('',(0.774610794639612,-6.23790799643708,-91.499));
#8747=CARTESIAN_POINT('',(0.774610794639613,-7.19219773029907,-91.498));
#8748=CARTESIAN_POINT('',(0.774610794639613,-7.19219773029907,-91.499));
#8749=CARTESIAN_POINT('',(0.774610794639613,-7.19219773029907,-91.498));
#8750=CARTESIAN_POINT('Origin',(-1.00218050130807,-7.19219773029907,-91.499));
#8751=CARTESIAN_POINT('',(-1.00218050130807,-7.19219773029907,-91.499));
#8752=CARTESIAN_POINT('',(-1.980285355137,-7.19219773029907,-91.499));
#8753=CARTESIAN_POINT('',(-1.00218050130807,-7.19219773029907,-91.498));
#8754=CARTESIAN_POINT('',(-1.00218050130807,-7.19219773029907,-91.499));
#8755=CARTESIAN_POINT('',(-1.00218050130807,-7.19219773029907,-91.498));
#8756=CARTESIAN_POINT('Origin',(-1.00218050130808,-3.79219769453629,-91.499));
#8757=CARTESIAN_POINT('',(-1.00218050130808,-4.53790797855569,-91.499));
#8758=CARTESIAN_POINT('',(-1.00218050130808,-3.79219769453629,-91.498));
#8759=CARTESIAN_POINT('Origin',(-0.277732948920074,-5.76427463318444,-91.498));
#8760=CARTESIAN_POINT('Origin',(-2.95839020896593,-5.2836182625751,-91.499));
#8761=CARTESIAN_POINT('',(-19.5000000000001,-2.50000000000002,-91.499));
#8762=CARTESIAN_POINT('',(-19.5,-8.50000000000003,-91.499));
#8763=CARTESIAN_POINT('',(-19.5000000000001,6.35819086871242,-91.499));
#8764=CARTESIAN_POINT('',(16.7284208777242,-2.49999999999996,-91.499));
#8765=CARTESIAN_POINT('',(6.88501533437911,-2.49999999999998,-91.499));
#8766=CARTESIAN_POINT('',(8.6043824730882,-8.49999999999998,-91.499));
#8767=CARTESIAN_POINT('Origin',(8.60438247308819,2.26767959122104E-14,-91.499));
#8768=CARTESIAN_POINT('',(8.6043824730882,-8.49999999999998,-91.499));
#8769=CARTESIAN_POINT('Origin',(-2.95839020896593,-5.2836182625751,-91.499));
#8770=CARTESIAN_POINT('Origin',(-2.95839020896593,-5.2836182625751,-91.499));
#8771=CARTESIAN_POINT('Origin',(-19.5000000000001,6.35819086871242,-90.999));
#8772=CARTESIAN_POINT('',(-20.0000000000001,-2.50000000000002,-90.999));
#8773=CARTESIAN_POINT('',(-19.6090394674758,-2.50000000000003,-91.4869655669538));
#8774=CARTESIAN_POINT('Origin',(-19.5000000000001,-2.50000000000002,-90.999));
#8775=CARTESIAN_POINT('Origin',(-19.5000000000001,-2.50000000000003,-90.999));
#8776=CARTESIAN_POINT('',(-20.,-8.50000000000003,-90.999));
#8777=CARTESIAN_POINT('Origin',(-19.5,-8.50000000000003,-90.999));
#8778=CARTESIAN_POINT('',(-20.0000000000001,6.35819086871242,-90.999));
#8779=CARTESIAN_POINT('Origin',(-20.0000000000001,-2.50000000000002,-90.));
#8780=CARTESIAN_POINT('',(-20.0000000000001,-2.50000000000002,-90.5));
#8781=CARTESIAN_POINT('',(-20.0000000000001,-2.50000000000002,-90.));
#8782=CARTESIAN_POINT('',(-19.9955984884439,-2.50000000000002,-91.0043632677492));
#8783=CARTESIAN_POINT('',(-19.9942384192913,-2.50000000000002,-91.1602117560285));
#8784=CARTESIAN_POINT('Origin',(-19.4956175269118,-2.50000000000003,-91.));
#8785=CARTESIAN_POINT('Origin',(-20.0000000000001,18.,-90.5));
#8786=CARTESIAN_POINT('',(-20.,-8.50000000000003,-90.));
#8787=CARTESIAN_POINT('',(-20.,-8.50000000000003,-90.));
#8788=CARTESIAN_POINT('',(-20.,-10.5,-90.));
#8789=CARTESIAN_POINT('',(-20.0000000000001,7.2543291094717,-90.));
#8790=CARTESIAN_POINT('',(-20.,-10.5,-90.5));
#8791=CARTESIAN_POINT('',(-20.,-10.5,-91.));
#8792=CARTESIAN_POINT('',(-20.,-12.5,-90.5));
#8793=CARTESIAN_POINT('',(-20.,-12.5,-90.5));
#8794=CARTESIAN_POINT('',(-20.0000000000001,-12.5,-50.5));
#8795=CARTESIAN_POINT('',(-20.,-12.5,-90.5));
#8796=CARTESIAN_POINT('',(-20.0000000000001,18.,-50.5));
#8797=CARTESIAN_POINT('',(-20.0000000000001,18.,-50.5));
#8798=CARTESIAN_POINT('',(-20.0000000000001,18.,-90.));
#8799=CARTESIAN_POINT('',(-20.0000000000001,18.,-90.5));
#8800=CARTESIAN_POINT('',(-20.0000000000001,15.0043824730882,-90.));
#8801=CARTESIAN_POINT('',(-20.0000000000001,9.15321985540876,-90.));
#8802=CARTESIAN_POINT('',(-20.0000000000001,14.957297987484,-90.0463744705438));
#8803=CARTESIAN_POINT('Ctrl Pts',(-19.9999885040531,14.957310311053,-90.0463807421866));
#8804=CARTESIAN_POINT('Ctrl Pts',(-19.9999941709241,14.9719406552823,-90.0319072745438));
#8805=CARTESIAN_POINT('Ctrl Pts',(-19.9999994295367,14.9865927395546,-90.0174842651409));
#8806=CARTESIAN_POINT('Ctrl Pts',(-19.9999999450063,15.0012626299459,-90.0030661775688));
#8807=CARTESIAN_POINT('Ctrl Pts',(-19.9999999815465,15.0023025378487,-90.0020441192706));
#8808=CARTESIAN_POINT('Ctrl Pts',(-20.0000000000001,15.0033425050305,-90.0010220516045));
#8809=CARTESIAN_POINT('Ctrl Pts',(-20.0000000000001,15.0043824730882,-90.));
#8810=CARTESIAN_POINT('',(-20.0000000000001,14.1321640335354,-90.5000000000004));
#8811=CARTESIAN_POINT('Ctrl Pts',(-20.0000000000001,14.1321640335359,-90.5000000000005));
#8812=CARTESIAN_POINT('Ctrl Pts',(-20.0000000000001,14.132942529571,-90.5000000000005));
#8813=CARTESIAN_POINT('Ctrl Pts',(-20.0000000000001,14.1337384042101,-90.4998444148535));
#8814=CARTESIAN_POINT('Ctrl Pts',(-20.0000000000001,14.137100364392,-90.4988487720105));
#8815=CARTESIAN_POINT('Ctrl Pts',(-20.0000000000001,14.1402840029408,-90.4969205463245));
#8816=CARTESIAN_POINT('Ctrl Pts',(-20.0000000000001,14.1525235363121,-90.4876080911873));
#8817=CARTESIAN_POINT('Ctrl Pts',(-20.0000000000001,14.1641539532512,-90.4758258068469));
#8818=CARTESIAN_POINT('Ctrl Pts',(-20.0000000000001,14.2318364610206,-90.4044582452563));
#8819=CARTESIAN_POINT('Ctrl Pts',(-20.0000000000001,14.3241802723552,-90.3001846281057));
#8820=CARTESIAN_POINT('Ctrl Pts',(-20.0000000000001,14.6290417551227,-90.1178538441776));
#8821=CARTESIAN_POINT('Ctrl Pts',(-20.0000000000001,14.7704885035681,-90.0879734412864));
#8822=CARTESIAN_POINT('Ctrl Pts',(-20.0000000000001,14.8600108110927,-90.0741992150003));
#8823=CARTESIAN_POINT('Ctrl Pts',(-20.0000000000001,14.8676316790539,-90.0731007119784));
#8824=CARTESIAN_POINT('Ctrl Pts',(-20.0000000000001,14.8812939730367,-90.071221670691));
#8825=CARTESIAN_POINT('Ctrl Pts',(-20.0000000000001,14.8881183592383,-90.0703155616922));
#8826=CARTESIAN_POINT('Ctrl Pts',(-20.0000000000001,14.8970239373496,-90.0691301667075));
#8827=CARTESIAN_POINT('Ctrl Pts',(-20.0000000000001,14.9052429031482,-90.0680356911205));
#8828=CARTESIAN_POINT('Ctrl Pts',(-20.0000000000001,14.9130171991795,-90.0668163612497));
#8829=CARTESIAN_POINT('Ctrl Pts',(-20.0000000000017,14.9153416028915,-90.0664258789209));
#8830=CARTESIAN_POINT('Ctrl Pts',(-20.0000000000017,14.9188226053145,-90.065759897));
#8831=CARTESIAN_POINT('Ctrl Pts',(-19.9999999999953,14.9200388667738,-90.0655116553786));
#8832=CARTESIAN_POINT('Ctrl Pts',(-19.9999999999953,14.9217510895966,-90.0651328447415));
#8833=CARTESIAN_POINT('Ctrl Pts',(-20.0000000000001,14.9222504293418,-90.0650188229172));
#8834=CARTESIAN_POINT('Ctrl Pts',(-20.0000000000001,14.923627079131,-90.064693702305));
#8835=CARTESIAN_POINT('Ctrl Pts',(-20.0000000000001,14.9245009383454,-90.0644752153221));
#8836=CARTESIAN_POINT('Ctrl Pts',(-20.0000000000001,14.9284619522203,-90.0634219641793));
#8837=CARTESIAN_POINT('Ctrl Pts',(-20.0000000000064,14.9314489359723,-90.0624534830345));
#8838=CARTESIAN_POINT('Ctrl Pts',(-20.0000000000064,14.9372186627822,-90.0601537592406));
#8839=CARTESIAN_POINT('Ctrl Pts',(-20.0000000000001,14.9399449304328,-90.0588651674265));
#8840=CARTESIAN_POINT('Ctrl Pts',(-20.0000000000001,14.9479793554264,-90.054398437902));
#8841=CARTESIAN_POINT('Ctrl Pts',(-20.,14.9529196205491,-90.05070568633));
#8842=CARTESIAN_POINT('Ctrl Pts',(-20.,14.9572979874839,-90.0463744705444));
#8843=CARTESIAN_POINT('',(-20.,-12.5,-90.5));
#8844=CARTESIAN_POINT('Origin',(8.6043824730882,-8.49999999999998,-90.));
#8845=CARTESIAN_POINT('',(8.6043824730882,-8.49999999999998,-90.));
#8846=CARTESIAN_POINT('',(8.6043824730882,-8.49999999999998,-90.));
#8847=CARTESIAN_POINT('',(5.27313301109454,-8.49999999999998,-90.));
#8848=CARTESIAN_POINT('Origin',(-2.95839020896593,-5.2836182625751,-91.499));
#8849=CARTESIAN_POINT('Origin',(1.94188354910086,-3.49134178105652,-90.));
#8850=CARTESIAN_POINT('',(0.119101098849618,-0.499999999999992,-90.));
#8851=CARTESIAN_POINT('Origin',(8.60438247308819,2.19840354334725E-14,-90.));
#8852=CARTESIAN_POINT('',(-1.88370600861332,-0.499999999999995,-90.));
#8853=CARTESIAN_POINT('',(-1.88370600861332,-0.499999999999995,-90.));
#8854=CARTESIAN_POINT('',(8.60438247308821,-10.5,-90.));
#8855=CARTESIAN_POINT('Origin',(8.60438247308819,2.19840354334725E-14,-90.));
#8856=CARTESIAN_POINT('',(-21.9956175269118,-10.5,-90.));
#8857=CARTESIAN_POINT('Origin',(16.7284208777242,-2.49999999999996,-91.5));
#8858=CARTESIAN_POINT('',(-19.4956175269118,-2.50000000000002,-91.5));
#8859=CARTESIAN_POINT('Origin',(-19.4956175269118,-2.50000000000003,-91.));
#8860=CARTESIAN_POINT('',(16.7284208777242,-2.49999999999996,-91.5));
#8861=CARTESIAN_POINT('',(9.7348925905096,-2.49999999999998,-91.5));
#8862=CARTESIAN_POINT('',(16.7284208777242,-2.49999999999996,-91.5));
#8863=CARTESIAN_POINT('Origin',(8.60438247308819,2.26772580606285E-14,-91.5));
#8864=CARTESIAN_POINT('',(8.60438247308821,-10.5,-91.5));
#8865=CARTESIAN_POINT('',(-1.88370600861332,-0.499999999999994,-91.5));
#8866=CARTESIAN_POINT('Origin',(8.60438247308819,2.26772580606285E-14,-91.5));
#8867=CARTESIAN_POINT('',(8.60438247308821,-10.5,-91.5));
#8868=CARTESIAN_POINT('',(-1.88370600861332,-0.499999999999994,-91.5));
#8869=CARTESIAN_POINT('Origin',(-21.9956175269118,-10.5,-91.5));
#8870=CARTESIAN_POINT('',(-19.9955984884439,-10.5,-91.0043632677492));
#8871=CARTESIAN_POINT('',(-19.4956175269118,-10.5,-91.5));
#8872=CARTESIAN_POINT('Origin',(-19.4956175269118,-10.5,-91.));
#8873=CARTESIAN_POINT('',(-19.9957128839446,-10.5,-90.9912548417458));
#8874=CARTESIAN_POINT('',(-9.62712661180838,-10.5,-91.5));
#8875=CARTESIAN_POINT('Origin',(8.60438247308819,2.26772580606285E-14,-91.5));
#8876=CARTESIAN_POINT('',(0.119101098849619,-0.499999999999991,-91.5));
#8877=CARTESIAN_POINT('Origin',(8.60438247308819,2.26772580606285E-14,-91.5));
#8878=CARTESIAN_POINT('',(0.119101098849619,-0.499999999999991,-91.5));
#8879=CARTESIAN_POINT('Origin',(-1.88370600861332,-0.499999999999994,-91.5));
#8880=CARTESIAN_POINT('',(0.428829147340852,-0.499999999999991,-91.5));
#8881=CARTESIAN_POINT('Origin',(-19.4956175269118,7.33116012012797,-91.));
#8882=CARTESIAN_POINT('',(-19.4956175269118,-12.5,-91.5));
#8883=CARTESIAN_POINT('',(-19.4956175269118,7.33116012012797,-91.5));
#8884=CARTESIAN_POINT('',(-19.9955984884439,-12.5,-91.0043632677492));
#8885=CARTESIAN_POINT('Origin',(-19.4956175269118,-12.5,-91.));
#8886=CARTESIAN_POINT('',(-19.9955984884439,7.33116012012797,-91.0043632677492));
#8887=CARTESIAN_POINT('Origin',(-19.4956175269118,7.33116012012797,-91.));
#8888=CARTESIAN_POINT('',(-19.9955984884439,13.9956175269117,-91.0043632677492));
#8889=CARTESIAN_POINT('',(-19.9955984884439,7.33116012012797,-91.0043632677492));
#8890=CARTESIAN_POINT('',(-19.4956175269118,13.9956175269117,-91.5));
#8891=CARTESIAN_POINT('Origin',(-19.4956175269118,13.9956175269117,-91.));
#8892=CARTESIAN_POINT('',(-19.4956175269118,7.33116012012797,-91.5));
#8893=CARTESIAN_POINT('Origin',(-20.0000000000001,14.5,-90.5));
#8894=CARTESIAN_POINT('',(-20.,-12.5,-90.5));
#8895=CARTESIAN_POINT('Origin',(-20.0000000000001,14.5,-90.5));
#8896=CARTESIAN_POINT('',(-19.9999809615321,14.1308934617656,-90.5021815923426));
#8897=CARTESIAN_POINT('Ctrl Pts',(-19.9999809615321,14.1308934617656,-90.5021815923426));
#8898=CARTESIAN_POINT('Ctrl Pts',(-19.9999873123291,14.1313160661746,-90.5014538630914));
#8899=CARTESIAN_POINT('Ctrl Pts',(-19.9999936584765,14.1317395935936,-90.5007266666261));
#8900=CARTESIAN_POINT('Ctrl Pts',(-19.9999999999547,14.1321640424329,-90.5000000051971));
#8901=CARTESIAN_POINT('',(-19.9956746437655,13.9956936822333,-90.9956367322508));
#8902=CARTESIAN_POINT('Origin',(-19.9955984884439,14.9956556052975,-91.0043632677492));
#8903=CARTESIAN_POINT('',(-19.9983628461547,13.9983818846225,-90.6875992491971));
#8904=CARTESIAN_POINT('Origin',(-19.4956175269118,13.9956175269117,-91.));
#8905=CARTESIAN_POINT('',(-19.4956175269118,14.4955984884438,-91.0043632677492));
#8906=CARTESIAN_POINT('Origin',(-19.4956175269118,13.9956175269117,-91.));
#8907=CARTESIAN_POINT('Origin',(-19.4956175269118,13.9956175269117,-91.));
#8908=CARTESIAN_POINT('Origin',(-19.4983818846226,13.9983818846225,-90.683235981448));
#8909=CARTESIAN_POINT('',(-19.4956936822334,14.4956746437654,-90.9956367322508));
#8910=CARTESIAN_POINT('Origin',(-19.4956936822334,13.9956936822333,-90.9912734645016));
#8911=CARTESIAN_POINT('',(-19.4983818846226,14.4983628461546,-90.6875992491971));
#8912=CARTESIAN_POINT('Ctrl Pts',(-19.9999809615321,14.1308934617656,-90.5021815923426));
#8913=CARTESIAN_POINT('Ctrl Pts',(-20.0003262110786,14.1538675831843,-90.4626199128614));
#8914=CARTESIAN_POINT('Ctrl Pts',(-20.0007405966617,14.185995013699,-90.4151360282623));
#8915=CARTESIAN_POINT('Ctrl Pts',(-20.0012061788003,14.229183699704,-90.3617855994687));
#8916=CARTESIAN_POINT('Ctrl Pts',(-20.0015077522163,14.2591793726918,-90.3272287088224));
#8917=CARTESIAN_POINT('Ctrl Pts',(-20.0020113876699,14.3147206691012,-90.2695178020265));
#8918=CARTESIAN_POINT('Ctrl Pts',(-20.0024635779308,14.3760463102288,-90.217701930427));
#8919=CARTESIAN_POINT('Ctrl Pts',(-20.0028094041613,14.4320391315557,-90.178074169497));
#8920=CARTESIAN_POINT('Ctrl Pts',(-20.0030286053138,14.4702546462361,-90.1529562053232));
#8921=CARTESIAN_POINT('Ctrl Pts',(-20.0033814274622,14.5391653234801,-90.1125267916113));
#8922=CARTESIAN_POINT('Ctrl Pts',(-20.0036866215432,14.6159487536567,-90.0775550138364));
#8923=CARTESIAN_POINT('Ctrl Pts',(-20.0039059990439,14.6878062782812,-90.0524168421701));
#8924=CARTESIAN_POINT('Ctrl Pts',(-20.0040211109995,14.7318538624405,-90.0392263185628));
#8925=CARTESIAN_POINT('Ctrl Pts',(-20.0041100725277,14.7723784601021,-90.0290323371311));
#8926=CARTESIAN_POINT('Ctrl Pts',(-20.0041685300492,14.8041158156845,-90.0223337686505));
#8927=CARTESIAN_POINT('Ctrl Pts',(-20.0042049940036,14.8265474999618,-90.0181554133341));
#8928=CARTESIAN_POINT('Ctrl Pts',(-20.0042286266324,14.8423600812063,-90.0154473823066));
#8929=CARTESIAN_POINT('Ctrl Pts',(-20.0042482925101,14.8565834086269,-90.0131938959253));
#8930=CARTESIAN_POINT('Ctrl Pts',(-20.0042653858968,14.8697778130285,-90.0112351878233));
#8931=CARTESIAN_POINT('Ctrl Pts',(-20.0042787758979,14.8804920472668,-90.009700845662));
#8932=CARTESIAN_POINT('Ctrl Pts',(-20.0042922034617,14.8913237210679,-90.0081621992543));
#8933=CARTESIAN_POINT('Ctrl Pts',(-20.0043047376803,14.9008431836597,-90.0067259200635));
#8934=CARTESIAN_POINT('Ctrl Pts',(-20.0043128879148,14.9056364465512,-90.0057919956897));
#8935=CARTESIAN_POINT('Ctrl Pts',(-20.0043147525913,14.906546849418,-90.0055783249322));
#8936=CARTESIAN_POINT('Ctrl Pts',(-20.0043165283835,14.9074398109203,-90.0053748392994));
#8937=CARTESIAN_POINT('Ctrl Pts',(-20.0043201805015,14.9090145582401,-90.0049563480296));
#8938=CARTESIAN_POINT('Ctrl Pts',(-20.0043244037129,14.9103204369664,-90.0044724159378));
#8939=CARTESIAN_POINT('Ctrl Pts',(-20.0043273135988,14.9108644430303,-90.0041389760421));
#8940=CARTESIAN_POINT('Ctrl Pts',(-20.0043288542954,14.9110264076871,-90.0039624296902));
#8941=CARTESIAN_POINT('Ctrl Pts',(-19.9994089356677,14.2437758401986,-90.5677292639906));
#8942=CARTESIAN_POINT('Ctrl Pts',(-19.9997074525047,14.2636961844165,-90.5333117429506));
#8943=CARTESIAN_POINT('Ctrl Pts',(-20.0002071090534,14.2916013394586,-90.4919905827518));
#8944=CARTESIAN_POINT('Ctrl Pts',(-20.000603977521,14.3290445086303,-90.445515270575));
#8945=CARTESIAN_POINT('Ctrl Pts',(-20.0008884159849,14.3550568378496,-90.4154000707365));
#8946=CARTESIAN_POINT('Ctrl Pts',(-20.0013525953022,14.403214780713,-90.3650590459703));
#8947=CARTESIAN_POINT('Ctrl Pts',(-20.0018814981212,14.4563993220836,-90.3197650443699));
#8948=CARTESIAN_POINT('Ctrl Pts',(-20.0022183731079,14.5049163705503,-90.2849372786219));
#8949=CARTESIAN_POINT('Ctrl Pts',(-20.0024302455127,14.5380208659931,-90.2628034976164));
#8950=CARTESIAN_POINT('Ctrl Pts',(-20.0027746584502,14.5976947274274,-90.2269385577896));
#8951=CARTESIAN_POINT('Ctrl Pts',(-20.0032397676784,14.6641456431067,-90.1953255240258));
#8952=CARTESIAN_POINT('Ctrl Pts',(-20.0035179371611,14.726198908775,-90.1708704216225));
#8953=CARTESIAN_POINT('Ctrl Pts',(-20.0036329847274,14.7641799280688,-90.1569260961505));
#8954=CARTESIAN_POINT('Ctrl Pts',(-20.0036530590964,14.7990565522904,-90.1444163442812));
#8955=CARTESIAN_POINT('Ctrl Pts',(-20.0037065760792,14.8263283068897,-90.1337800888999));
#8956=CARTESIAN_POINT('Ctrl Pts',(-20.0037025702574,14.8455824128459,-90.1249399388255));
#8957=CARTESIAN_POINT('Ctrl Pts',(-20.0036951124011,14.859151605372,-90.1176375265723));
#8958=CARTESIAN_POINT('Ctrl Pts',(-20.0036977198308,14.8713603452285,-90.1097647384496));
#8959=CARTESIAN_POINT('Ctrl Pts',(-20.003692773174,14.8827010531006,-90.1002527436782));
#8960=CARTESIAN_POINT('Ctrl Pts',(-20.0037100520772,14.891929722433,-90.0905911882179));
#8961=CARTESIAN_POINT('Ctrl Pts',(-20.0037539030234,14.9012970447422,-90.0773859045692));
#8962=CARTESIAN_POINT('Ctrl Pts',(-20.0038554277993,14.9095941604893,-90.0601638380972));
#8963=CARTESIAN_POINT('Ctrl Pts',(-20.0039773814534,14.913837508798,-90.0451044618776));
#8964=CARTESIAN_POINT('Ctrl Pts',(-20.0040079204575,14.9146509999886,-90.0414016760481));
#8965=CARTESIAN_POINT('Ctrl Pts',(-20.0040366128891,14.9154477457046,-90.0379043087116));
#8966=CARTESIAN_POINT('Ctrl Pts',(-20.0041000277167,14.9168654543089,-90.0303374448046));
#8967=CARTESIAN_POINT('Ctrl Pts',(-20.0041794123521,14.9180667046104,-90.0211074496839));
#8968=CARTESIAN_POINT('Ctrl Pts',(-20.0042365054273,14.9185900647622,-90.014548626714));
#8969=CARTESIAN_POINT('Ctrl Pts',(-20.0042669532255,14.9187587545161,-90.0110555897366));
#8970=CARTESIAN_POINT('Ctrl Pts',(-19.8904214769733,14.4685280311637,-90.6972954583707));
#8971=CARTESIAN_POINT('Ctrl Pts',(-19.8907323728349,14.4823973149263,-90.6730800658063));
#8972=CARTESIAN_POINT('Ctrl Pts',(-19.8910802132728,14.5017166503211,-90.644001706));
#8973=CARTESIAN_POINT('Ctrl Pts',(-19.8916078967911,14.5277821756613,-90.6111656585699));
#8974=CARTESIAN_POINT('Ctrl Pts',(-19.8919632911927,14.5458682824582,-90.5898604328065));
#8975=CARTESIAN_POINT('Ctrl Pts',(-19.8926392407397,14.5793493368112,-90.5541475436765));
#8976=CARTESIAN_POINT('Ctrl Pts',(-19.8934007184637,14.616239961095,-90.5217513912621));
#8977=CARTESIAN_POINT('Ctrl Pts',(-19.8943115026526,14.6498954546463,-90.4964536437867));
#8978=CARTESIAN_POINT('Ctrl Pts',(-19.8949910842308,14.6728493395989,-90.4802439894579));
#8979=CARTESIAN_POINT('Ctrl Pts',(-19.8964846894239,14.714172456982,-90.4534575502062));
#8980=CARTESIAN_POINT('Ctrl Pts',(-19.8987850607409,14.7599925826773,-90.4284313530459));
#8981=CARTESIAN_POINT('Ctrl Pts',(-19.9032785607496,14.8025395179456,-90.4054113665063));
#8982=CARTESIAN_POINT('Ctrl Pts',(-19.9074036708021,14.8284751005781,-90.3900897003129));
#8983=CARTESIAN_POINT('Ctrl Pts',(-19.9132747582638,14.8521708026678,-90.373208044988));
#8984=CARTESIAN_POINT('Ctrl Pts',(-19.9206503732753,14.8705706481372,-90.3549485337322));
#8985=CARTESIAN_POINT('Ctrl Pts',(-19.9282148819809,14.8835230437748,-90.3370582458458));
#8986=CARTESIAN_POINT('Ctrl Pts',(-19.9350553029185,14.8926418796221,-90.3207960307616));
#8987=CARTESIAN_POINT('Ctrl Pts',(-19.9428459778061,14.9008479221104,-90.3019125893384));
#8988=CARTESIAN_POINT('Ctrl Pts',(-19.9522428745017,14.9085087371846,-90.2775439112592));
#8989=CARTESIAN_POINT('Ctrl Pts',(-19.9614949237564,14.9147827807369,-90.2518323447951));
#8990=CARTESIAN_POINT('Ctrl Pts',(-19.9730857244461,14.9212357570558,-90.2155044274557));
#8991=CARTESIAN_POINT('Ctrl Pts',(-19.9858692183033,14.9270952557976,-90.166879334678));
#8992=CARTESIAN_POINT('Ctrl Pts',(-19.9936825793867,14.9302388263197,-90.1236408816003));
#8993=CARTESIAN_POINT('Ctrl Pts',(-19.99522954972,14.9308586629019,-90.1129739595169));
#8994=CARTESIAN_POINT('Ctrl Pts',(-19.9967448288785,14.9314631388269,-90.1029025552425));
#8995=CARTESIAN_POINT('Ctrl Pts',(-19.9995360775751,14.9325670868246,-90.0810631922994));
#8996=CARTESIAN_POINT('Ctrl Pts',(-20.001998504205,14.9335592211477,-90.0543609989829));
#8997=CARTESIAN_POINT('Ctrl Pts',(-20.0031120490479,14.9340413014035,-90.0353596915728));
#8998=CARTESIAN_POINT('Ctrl Pts',(-20.0034823124311,14.9342234456858,-90.0252361404948));
#8999=CARTESIAN_POINT('Ctrl Pts',(-19.6305307835944,14.5627798483827,-90.7497610153423));
#9000=CARTESIAN_POINT('Ctrl Pts',(-19.6309880622834,14.5741775550967,-90.7299524818435));
#9001=CARTESIAN_POINT('Ctrl Pts',(-19.6316381326156,14.5903242471345,-90.7061668179789));
#9002=CARTESIAN_POINT('Ctrl Pts',(-19.6325564883639,14.611738765775,-90.6793548923363));
#9003=CARTESIAN_POINT('Ctrl Pts',(-19.6332237901484,14.626645838616,-90.6619749846623));
#9004=CARTESIAN_POINT('Ctrl Pts',(-19.6345599783102,14.6542274858451,-90.6328665960064));
#9005=CARTESIAN_POINT('Ctrl Pts',(-19.6363399779429,14.6847661969246,-90.6066289077787));
#9006=CARTESIAN_POINT('Ctrl Pts',(-19.6385593627667,14.7125216899107,-90.5862249291877));
#9007=CARTESIAN_POINT('Ctrl Pts',(-19.6402569209665,14.731445316247,-90.5732000791915));
#9008=CARTESIAN_POINT('Ctrl Pts',(-19.644149946483,14.7655394801778,-90.5518184692953));
#9009=CARTESIAN_POINT('Ctrl Pts',(-19.6506319042104,14.8035273150305,-90.5324424902939));
#9010=CARTESIAN_POINT('Ctrl Pts',(-19.6635569815984,14.8388183151685,-90.5152424061318));
#9011=CARTESIAN_POINT('Ctrl Pts',(-19.6755727242551,14.8603430464749,-90.5039421857895));
#9012=CARTESIAN_POINT('Ctrl Pts',(-19.6928838459909,14.8800143772328,-90.4914305395882));
#9013=CARTESIAN_POINT('Ctrl Pts',(-19.7152714795071,14.8953667898816,-90.4773492074336));
#9014=CARTESIAN_POINT('Ctrl Pts',(-19.7387417305219,14.9061766900692,-90.4624350213727));
#9015=CARTESIAN_POINT('Ctrl Pts',(-19.760387574892,14.9137964018941,-90.4479177322295));
#9016=CARTESIAN_POINT('Ctrl Pts',(-19.7855528053471,14.9206670805044,-90.4299585414792));
#9017=CARTESIAN_POINT('Ctrl Pts',(-19.8167720859588,14.9270883073874,-90.4043355772495));
#9018=CARTESIAN_POINT('Ctrl Pts',(-19.8482761525666,14.932366832031,-90.3752323566621));
#9019=CARTESIAN_POINT('Ctrl Pts',(-19.8889214376607,14.9378315023253,-90.3301942666669));
#9020=CARTESIAN_POINT('Ctrl Pts',(-19.9354529386462,14.9428773838507,-90.2633978716483));
#9021=CARTESIAN_POINT('Ctrl Pts',(-19.9647934960202,14.9457072348448,-90.1976436602051));
#9022=CARTESIAN_POINT('Ctrl Pts',(-19.9706135870129,14.9462817402358,-90.1809299855728));
#9023=CARTESIAN_POINT('Ctrl Pts',(-19.9763154322013,14.9468391687915,-90.165225981723));
#9024=CARTESIAN_POINT('Ctrl Pts',(-19.9868399116386,14.947883614048,-90.1305450054895));
#9025=CARTESIAN_POINT('Ctrl Pts',(-19.9960561962567,14.9488767271313,-90.0872615208304));
#9026=CARTESIAN_POINT('Ctrl Pts',(-20.0001081343928,14.949405199142,-90.0560478983564));
#9027=CARTESIAN_POINT('Ctrl Pts',(-20.0013791433275,14.9496268588709,-90.0393489678491));
#9028=CARTESIAN_POINT('Ctrl Pts',(-19.5,14.5632745335315,-90.7489091622967));
#9029=CARTESIAN_POINT('Ctrl Pts',(-19.5005142091267,14.5747615942409,-90.729128322556));
#9030=CARTESIAN_POINT('Ctrl Pts',(-19.5012179316882,14.590824914149,-90.7054316827963));
#9031=CARTESIAN_POINT('Ctrl Pts',(-19.5022745225776,14.6124192903615,-90.678752662906));
#9032=CARTESIAN_POINT('Ctrl Pts',(-19.5030389934032,14.6274170746656,-90.6614801979373));
#9033=CARTESIAN_POINT('Ctrl Pts',(-19.5045851052938,14.6551876986369,-90.6326275214227));
#9034=CARTESIAN_POINT('Ctrl Pts',(-19.5066411539861,14.6858502197142,-90.6067539033747));
#9035=CARTESIAN_POINT('Ctrl Pts',(-19.5092657574824,14.7138468169509,-90.5869186437292));
#9036=CARTESIAN_POINT('Ctrl Pts',(-19.5112791786617,14.7329547390514,-90.5743407819797));
#9037=CARTESIAN_POINT('Ctrl Pts',(-19.5159283641905,14.7674108771289,-90.5540344665972));
#9038=CARTESIAN_POINT('Ctrl Pts',(-19.523664044457,14.8058036647837,-90.5364256737633));
#9039=CARTESIAN_POINT('Ctrl Pts',(-19.5393783241435,14.8417402853275,-90.522956123778));
#9040=CARTESIAN_POINT('Ctrl Pts',(-19.5541291559972,14.8637751280804,-90.5150945802508));
#9041=CARTESIAN_POINT('Ctrl Pts',(-19.5756135928391,14.8840597443357,-90.5074402659839));
#9042=CARTESIAN_POINT('Ctrl Pts',(-19.6038113813364,14.8999714811044,-90.4991569116428));
#9043=CARTESIAN_POINT('Ctrl Pts',(-19.6338885090515,14.9112506758112,-90.4898082487151));
#9044=CARTESIAN_POINT('Ctrl Pts',(-19.6620077589613,14.9192312853998,-90.4799381231598));
#9045=CARTESIAN_POINT('Ctrl Pts',(-19.6951400213122,14.926447845913,-90.4667913969277));
#9046=CARTESIAN_POINT('Ctrl Pts',(-19.7370774364477,14.9332197001831,-90.4457988980163));
#9047=CARTESIAN_POINT('Ctrl Pts',(-19.7800889843612,14.9387946003406,-90.4200762625473));
#9048=CARTESIAN_POINT('Ctrl Pts',(-19.8367010608878,14.9445816591965,-90.3767691165792));
#9049=CARTESIAN_POINT('Ctrl Pts',(-19.90316772764,14.9499455766333,-90.3068181026745));
#9050=CARTESIAN_POINT('Ctrl Pts',(-19.9460760946123,14.9529869020753,-90.2324765257142));
#9051=CARTESIAN_POINT('Ctrl Pts',(-19.9546286353959,14.9536096210734,-90.2131740787273));
#9052=CARTESIAN_POINT('Ctrl Pts',(-19.9630024339145,14.9542129295357,-90.195101660181));
#9053=CARTESIAN_POINT('Ctrl Pts',(-19.9785241937167,14.9553511669566,-90.1546874097906));
#9054=CARTESIAN_POINT('Ctrl Pts',(-19.9921564474526,14.9564483160962,-90.1035440450909));
#9055=CARTESIAN_POINT('Ctrl Pts',(-19.9981400662029,14.9570435841274,-90.0663348252469));
#9056=CARTESIAN_POINT('Ctrl Pts',(-19.9999999999998,14.957297987484,-90.0463744705466));
#9057=CARTESIAN_POINT('',(-19.5000000000001,14.5632745335315,-90.7489091622967));
#9058=CARTESIAN_POINT('Ctrl Pts',(-19.9999999999998,14.957297987484,-90.0463744705466));
#9059=CARTESIAN_POINT('Ctrl Pts',(-19.9981400662029,14.9570435841274,-90.0663348252469));
#9060=CARTESIAN_POINT('Ctrl Pts',(-19.9921564474526,14.9564483160962,-90.1035440450909));
#9061=CARTESIAN_POINT('Ctrl Pts',(-19.9785241937167,14.9553511669566,-90.1546874097906));
#9062=CARTESIAN_POINT('Ctrl Pts',(-19.9630024339145,14.9542129295357,-90.195101660181));
#9063=CARTESIAN_POINT('Ctrl Pts',(-19.9546286353959,14.9536096210734,-90.2131740787273));
#9064=CARTESIAN_POINT('Ctrl Pts',(-19.9460760946123,14.9529869020753,-90.2324765257142));
#9065=CARTESIAN_POINT('Ctrl Pts',(-19.90316772764,14.9499455766333,-90.3068181026745));
#9066=CARTESIAN_POINT('Ctrl Pts',(-19.8367010608878,14.9445816591965,-90.3767691165792));
#9067=CARTESIAN_POINT('Ctrl Pts',(-19.7800889843612,14.9387946003406,-90.4200762625473));
#9068=CARTESIAN_POINT('Ctrl Pts',(-19.7370774364477,14.9332197001831,-90.4457988980163));
#9069=CARTESIAN_POINT('Ctrl Pts',(-19.6951400213122,14.926447845913,-90.4667913969277));
#9070=CARTESIAN_POINT('Ctrl Pts',(-19.6620077589613,14.9192312853998,-90.4799381231598));
#9071=CARTESIAN_POINT('Ctrl Pts',(-19.6338885090515,14.9112506758112,-90.4898082487151));
#9072=CARTESIAN_POINT('Ctrl Pts',(-19.6038113813364,14.8999714811044,-90.4991569116428));
#9073=CARTESIAN_POINT('Ctrl Pts',(-19.5756135928391,14.8840597443357,-90.5074402659839));
#9074=CARTESIAN_POINT('Ctrl Pts',(-19.5541291559972,14.8637751280804,-90.5150945802508));
#9075=CARTESIAN_POINT('Ctrl Pts',(-19.5393783241435,14.8417402853275,-90.522956123778));
#9076=CARTESIAN_POINT('Ctrl Pts',(-19.523664044457,14.8058036647837,-90.5364256737633));
#9077=CARTESIAN_POINT('Ctrl Pts',(-19.5159283641905,14.7674108771289,-90.5540344665972));
#9078=CARTESIAN_POINT('Ctrl Pts',(-19.5112791786617,14.7329547390514,-90.5743407819797));
#9079=CARTESIAN_POINT('Ctrl Pts',(-19.5092657574824,14.7138468169509,-90.5869186437292));
#9080=CARTESIAN_POINT('Ctrl Pts',(-19.5066411539861,14.6858502197142,-90.6067539033747));
#9081=CARTESIAN_POINT('Ctrl Pts',(-19.5045851052938,14.6551876986369,-90.6326275214227));
#9082=CARTESIAN_POINT('Ctrl Pts',(-19.5030389934032,14.6274170746656,-90.6614801979373));
#9083=CARTESIAN_POINT('Ctrl Pts',(-19.5022745225776,14.6124192903615,-90.678752662906));
#9084=CARTESIAN_POINT('Ctrl Pts',(-19.5012179316882,14.590824914149,-90.7054316827963));
#9085=CARTESIAN_POINT('Ctrl Pts',(-19.5005142091267,14.5747615942409,-90.729128322556));
#9086=CARTESIAN_POINT('Ctrl Pts',(-19.5,14.5632745335315,-90.7489091622967));
#9087=CARTESIAN_POINT('Origin',(-19.5000000000001,14.1308934617656,-90.4978183245934));
#9088=CARTESIAN_POINT('Ctrl Pts',(-19.9956746437655,13.9956936822333,-90.9956367322508));
#9089=CARTESIAN_POINT('Ctrl Pts',(-19.9971796603244,13.9971986987922,-90.8231789163461));
#9090=CARTESIAN_POINT('Ctrl Pts',(-19.9986794306283,14.0442850090531,-90.6513222617129));
#9091=CARTESIAN_POINT('Ctrl Pts',(-19.9999809615321,14.1308934617656,-90.5021815923426));
#9092=CARTESIAN_POINT('Ctrl Pts',(-19.9956646762996,14.1265820464596,-90.996778890716));
#9093=CARTESIAN_POINT('Ctrl Pts',(-19.9969682696472,14.1277630784983,-90.8469334078742));
#9094=CARTESIAN_POINT('Ctrl Pts',(-19.9982806268028,14.1685875389827,-90.6974224086452));
#9095=CARTESIAN_POINT('Ctrl Pts',(-19.9994089356677,14.2437758401986,-90.5677292639906));
#9096=CARTESIAN_POINT('Ctrl Pts',(-19.8871708678358,14.3871708678357,-90.9981062037853));
#9097=CARTESIAN_POINT('Ctrl Pts',(-19.8883074003617,14.3877187813364,-90.8930910159929));
#9098=CARTESIAN_POINT('Ctrl Pts',(-19.8894364868908,14.4159752761983,-90.7884249745993));
#9099=CARTESIAN_POINT('Ctrl Pts',(-19.8904214593728,14.4685280159429,-90.6972954493781));
#9100=CARTESIAN_POINT('Ctrl Pts',(-19.6265820464598,14.4956646762994,-90.996778890716));
#9101=CARTESIAN_POINT('Ctrl Pts',(-19.627960438323,14.4962141938539,-90.9107267392111));
#9102=CARTESIAN_POINT('Ctrl Pts',(-19.6293380135516,14.5196658501316,-90.8243496764877));
#9103=CARTESIAN_POINT('Ctrl Pts',(-19.6305307835944,14.5627798483827,-90.7497610153423));
#9104=CARTESIAN_POINT('Ctrl Pts',(-19.4956936822334,14.4956746437654,-90.9956367322508));
#9105=CARTESIAN_POINT('Ctrl Pts',(-19.4971986987923,14.4964271520448,-90.9094078242984));
#9106=CARTESIAN_POINT('Ctrl Pts',(-19.4986984690962,14.5199703071753,-90.8234794969819));
#9107=CARTESIAN_POINT('Ctrl Pts',(-19.5000000000001,14.5632745335315,-90.7489091622967));
#9108=CARTESIAN_POINT('Origin',(-19.4956175269119,14.9956556052975,-91.));
#9109=CARTESIAN_POINT('Origin',(13.3706821516475,13.9956175269118,-91.));
#9110=CARTESIAN_POINT('',(23.9999999999999,14.4955984884439,-91.0043632677491));
#9111=CARTESIAN_POINT('',(13.3706821516475,14.4955984884439,-91.0043632677491));
#9112=CARTESIAN_POINT('',(23.9999999999999,13.9956175269118,-91.4999999999999));
#9113=CARTESIAN_POINT('Origin',(23.9999999999999,13.9956175269118,-90.9999999999999));
#9114=CARTESIAN_POINT('',(13.3706821516475,13.9956175269118,-91.4999999999999));
#9115=CARTESIAN_POINT('Origin',(23.9999999999999,14.5,-90.5));
#9116=CARTESIAN_POINT('',(14.5032656806356,14.4956746437654,-90.9956367322508));
#9117=CARTESIAN_POINT('',(13.1716300940284,14.4956746437654,-90.9956367322508));
#9118=CARTESIAN_POINT('',(15.8457044088546,14.5000000000001,-90.4999999999959));
#9119=CARTESIAN_POINT('Ctrl Pts',(15.8457044360559,14.499999999658,-90.5000000391878));
#9120=CARTESIAN_POINT('Ctrl Pts',(15.6467211101495,14.4987948052649,-90.6381016378382));
#9121=CARTESIAN_POINT('Ctrl Pts',(15.2257342414717,14.4966613589763,-90.8825703681801));
#9122=CARTESIAN_POINT('Ctrl Pts',(14.7461338942903,14.4956746437654,-90.9956367322508));
#9123=CARTESIAN_POINT('Ctrl Pts',(14.5032656806356,14.4956746437654,-90.9956367322508));
#9124=CARTESIAN_POINT('',(15.8478317227965,14.5000128920842,-90.49852271348));
#9125=CARTESIAN_POINT('Ctrl Pts',(15.8478317227965,14.5000128920842,-90.49852271348));
#9126=CARTESIAN_POINT('Ctrl Pts',(15.8471227653612,14.5000085928304,-90.4990153591653));
#9127=CARTESIAN_POINT('Ctrl Pts',(15.8464136688809,14.5000042953648,-90.4995077999412));
#9128=CARTESIAN_POINT('Ctrl Pts',(15.8457044331917,14.499999999694,-90.5000000350611));
#9129=CARTESIAN_POINT('',(15.8520239348161,14.5,-90.4999999999929));
#9130=CARTESIAN_POINT('Ctrl Pts',(15.8520239379228,14.5,-90.5000000039798));
#9131=CARTESIAN_POINT('Ctrl Pts',(15.8512299410059,14.5,-90.5000000055626));
#9132=CARTESIAN_POINT('Ctrl Pts',(15.8503655443355,14.5000006270373,-90.4999305402775));
#9133=CARTESIAN_POINT('Ctrl Pts',(15.8496032728607,14.5000027037818,-90.4997003289243));
#9134=CARTESIAN_POINT('Ctrl Pts',(15.8491580747223,14.5000039166867,-90.4995658759514));
#9135=CARTESIAN_POINT('Ctrl Pts',(15.8487246379938,14.5000056850396,-90.4993698350018));
#9136=CARTESIAN_POINT('Ctrl Pts',(15.8483593873807,14.500008285736,-90.4990814406574));
#9137=CARTESIAN_POINT('Ctrl Pts',(15.8481547670532,14.5000097426956,-90.4989198766708));
#9138=CARTESIAN_POINT('Ctrl Pts',(15.8479778538254,14.5000114155832,-90.4987343499389));
#9139=CARTESIAN_POINT('Ctrl Pts',(15.8478317889537,14.5000133226961,-90.4985228169641));
#9140=CARTESIAN_POINT('',(23.9999999999999,14.5,-90.5));
#9141=CARTESIAN_POINT('',(13.1716300940284,14.5,-90.5));
#9142=CARTESIAN_POINT('',(23.9999999999999,14.5,-90.5));
#9143=CARTESIAN_POINT('Origin',(13.1716300940284,14.9956556052975,-91.));
#9144=CARTESIAN_POINT('',(-19.5000000000001,14.9956556052975,-90.5));
#9145=CARTESIAN_POINT('Origin',(-19.5000000000001,14.9956556052975,-91.));
#9146=CARTESIAN_POINT('',(14.5032656806356,14.9956556052975,-90.5));
#9147=CARTESIAN_POINT('',(13.1716300940284,14.9956556052975,-90.5));
#9148=CARTESIAN_POINT('Origin',(14.5032656806356,14.9956556052975,-91.));
#9149=CARTESIAN_POINT('Ctrl Pts',(-20.2514368786814,14.5705598807909,-89.9962140875924));
#9150=CARTESIAN_POINT('Ctrl Pts',(-20.2517182712794,14.5689270869534,-90.1648389695457));
#9151=CARTESIAN_POINT('Ctrl Pts',(-20.1149424608836,14.5651074069593,-90.5594441778882));
#9152=CARTESIAN_POINT('Ctrl Pts',(-19.7252020758075,14.5632745335315,-90.7489091622967));
#9153=CARTESIAN_POINT('Ctrl Pts',(-19.5000000000001,14.5632745335315,-90.7489091622967));
#9154=CARTESIAN_POINT('Ctrl Pts',(-20.1863292354747,14.6078611345811,-89.9965396107026));
#9155=CARTESIAN_POINT('Ctrl Pts',(-20.1866676219688,14.6062674997875,-90.1505555689728));
#9156=CARTESIAN_POINT('Ctrl Pts',(-20.0619271501847,14.6025379693652,-90.5111262420182));
#9157=CARTESIAN_POINT('Ctrl Pts',(-19.7057985680002,14.6007472057555,-90.6843808253556));
#9158=CARTESIAN_POINT('Ctrl Pts',(-19.5000000000001,14.6007472057555,-90.6843808253556));
#9159=CARTESIAN_POINT('Ctrl Pts',(-20.0542429408494,14.7296507934692,-89.997602452954));
#9160=CARTESIAN_POINT('Ctrl Pts',(-20.0546411806191,14.7280328981018,-90.1219948048715));
#9161=CARTESIAN_POINT('Ctrl Pts',(-19.9541985908612,14.7242477911245,-90.4134163573002));
#9162=CARTESIAN_POINT('Ctrl Pts',(-19.6663801369496,14.7224312356669,-90.5536238865021));
#9163=CARTESIAN_POINT('Ctrl Pts',(-19.5000000000001,14.7224312356669,-90.5536238865021));
#9164=CARTESIAN_POINT('Ctrl Pts',(-20.0000000000001,14.9043374527536,-89.9991269203344));
#9165=CARTESIAN_POINT('Ctrl Pts',(-20.0001977190688,14.9025044091937,-90.1112532899128));
#9166=CARTESIAN_POINT('Ctrl Pts',(-19.9091765160088,14.8982179230392,-90.3738113751192));
#9167=CARTESIAN_POINT('Ctrl Pts',(-19.6497625289547,14.8961626022427,-90.5));
#9168=CARTESIAN_POINT('Ctrl Pts',(-19.5000000000001,14.8961626022427,-90.5));
#9169=CARTESIAN_POINT('Ctrl Pts',(-20.0000000000001,15.0043824730882,-90.));
#9170=CARTESIAN_POINT('Ctrl Pts',(-20.0000000000001,15.0024241685353,-90.1121997376282));
#9171=CARTESIAN_POINT('Ctrl Pts',(-19.9085669265007,14.9978476570408,-90.3744078748588));
#9172=CARTESIAN_POINT('Ctrl Pts',(-19.649599650171,14.9956556052975,-90.5));
#9173=CARTESIAN_POINT('Ctrl Pts',(-19.5000000000001,14.9956556052975,-90.5));
#9174=CARTESIAN_POINT('Origin',(-19.5000000000001,15.0043824730882,-90.));
#9175=CARTESIAN_POINT('Ctrl Pts',(14.5032656806356,14.4956746437654,-90.9956367322508));
#9176=CARTESIAN_POINT('Ctrl Pts',(14.7461338942903,14.4956746437654,-90.9956367322508));
#9177=CARTESIAN_POINT('Ctrl Pts',(15.2269928838556,14.4966639484689,-90.8822736417101));
#9178=CARTESIAN_POINT('Ctrl Pts',(15.6489303458818,14.4988060110109,-90.6368175865372));
#9179=CARTESIAN_POINT('Ctrl Pts',(15.8488449898575,14.500019038468,-90.4978184076611));
#9180=CARTESIAN_POINT('Ctrl Pts',(14.5032656806356,14.4968105984753,-90.8654692154418));
#9181=CARTESIAN_POINT('Ctrl Pts',(14.725929401344,14.4970366563612,-90.8752917204002));
#9182=CARTESIAN_POINT('Ctrl Pts',(15.1843567545797,14.4978580272138,-90.7929111352674));
#9183=CARTESIAN_POINT('Ctrl Pts',(15.6118005715035,14.4992841342287,-90.5781773899847));
#9184=CARTESIAN_POINT('Ctrl Pts',(15.818041418933,14.5004056357186,-90.4535187505605));
#9185=CARTESIAN_POINT('Ctrl Pts',(14.5032656806356,14.6062901073181,-90.6072217343878));
#9186=CARTESIAN_POINT('Ctrl Pts',(14.6858666252929,14.5890857239803,-90.6356700364434));
#9187=CARTESIAN_POINT('Ctrl Pts',(15.0992466295938,14.554501607876,-90.6141787832278));
#9188=CARTESIAN_POINT('Ctrl Pts',(15.5375677016242,14.5281303733997,-90.4611812148984));
#9189=CARTESIAN_POINT('Ctrl Pts',(15.7564413938078,14.5188073302886,-90.3650835135295));
#9190=CARTESIAN_POINT('Ctrl Pts',(14.5032656806356,14.8654831319196,-90.4999999999999));
#9191=CARTESIAN_POINT('Ctrl Pts',(14.6686866764945,14.8168215353995,-90.5155332992409));
#9192=CARTESIAN_POINT('Ctrl Pts',(15.0429612811658,14.7087430138069,-90.4859874014192));
#9193=CARTESIAN_POINT('Ctrl Pts',(15.4746366383442,14.6082854253893,-90.3619735101674));
#9194=CARTESIAN_POINT('Ctrl Pts',(15.7012387949914,14.5705236876685,-90.2861400649699));
#9195=CARTESIAN_POINT('Ctrl Pts',(14.5032656806356,14.9956556052975,-90.4999999999999));
#9196=CARTESIAN_POINT('Ctrl Pts',(14.6686696603193,14.9372938668157,-90.4999999999999));
#9197=CARTESIAN_POINT('Ctrl Pts',(15.0275794537978,14.8003475414511,-90.4433184547297));
#9198=CARTESIAN_POINT('Ctrl Pts',(15.4484651586196,14.6584439696626,-90.3205904271432));
#9199=CARTESIAN_POINT('Ctrl Pts',(15.67666997565,14.6033778174344,-90.2510908377051));
#9200=CARTESIAN_POINT('',(15.67666997565,14.6033778174344,-90.2510908377051));
#9201=CARTESIAN_POINT('Ctrl Pts',(14.5032656806356,14.9956556052975,-90.4999999999999));
#9202=CARTESIAN_POINT('Ctrl Pts',(14.6686696603193,14.9372938668157,-90.4999999999999));
#9203=CARTESIAN_POINT('Ctrl Pts',(15.0275794537978,14.8003475414511,-90.4433184547297));
#9204=CARTESIAN_POINT('Ctrl Pts',(15.4484651586196,14.6584439696626,-90.3205904271432));
#9205=CARTESIAN_POINT('Ctrl Pts',(15.67666997565,14.6033778174344,-90.2510908377051));
#9206=CARTESIAN_POINT('Ctrl Pts',(15.67666997565,14.6033778174344,-90.2510908377051));
#9207=CARTESIAN_POINT('Ctrl Pts',(15.6768992608305,14.6030689257185,-90.2514215392475));
#9208=CARTESIAN_POINT('Ctrl Pts',(15.6771288138643,14.6027606526069,-90.251752631484));
#9209=CARTESIAN_POINT('Ctrl Pts',(15.6773586339286,14.6024529987672,-90.2520841131539));
#9210=CARTESIAN_POINT('Ctrl Pts',(15.6893649869021,14.5863804221429,-90.269401512942));
#9211=CARTESIAN_POINT('Ctrl Pts',(15.702060313291,14.5720456247493,-90.2877243529254));
#9212=CARTESIAN_POINT('Ctrl Pts',(15.715310559411,14.5595439749738,-90.3068590424384));
#9213=CARTESIAN_POINT('Ctrl Pts',(15.728560805531,14.5470423251982,-90.3259937319515));
#9214=CARTESIAN_POINT('Ctrl Pts',(15.7423666831526,14.5363731799564,-90.3459412886689));
#9215=CARTESIAN_POINT('Ctrl Pts',(15.7566081610698,14.5276784614187,-90.3665284080371));
#9216=CARTESIAN_POINT('Ctrl Pts',(15.756884693087,14.5275096328694,-90.3669281557094));
#9217=CARTESIAN_POINT('Ctrl Pts',(15.7571613554278,14.5273415712437,-90.3673280955013));
#9218=CARTESIAN_POINT('Ctrl Pts',(15.757438147129,14.5271742772182,-90.3677282260236));
#9219=CARTESIAN_POINT('Ctrl Pts',(15.7719935059452,14.5183769593815,-90.3887694758155));
#9220=CARTESIAN_POINT('Ctrl Pts',(15.7869054888611,14.5116977613935,-90.4103365567451));
#9221=CARTESIAN_POINT('Ctrl Pts',(15.8020208585544,14.5071553694287,-90.4322076511572));
#9222=CARTESIAN_POINT('Ctrl Pts',(15.8171362282477,14.502612977464,-90.4540787455692));
#9223=CARTESIAN_POINT('Ctrl Pts',(15.8324558604095,14.5002071342973,-90.4762551088029));
#9224=CARTESIAN_POINT('Ctrl Pts',(15.8478317455577,14.500012892169,-90.4985227037621));
#9225=CARTESIAN_POINT('Ctrl Pts',(16.4999999999999,14.5,-89.9999999999999));
#9226=CARTESIAN_POINT('Ctrl Pts',(16.4981143955102,14.5,-90.000577346107));
#9227=CARTESIAN_POINT('Ctrl Pts',(16.4962296674395,14.5000026798424,-90.0011547128568));
#9228=CARTESIAN_POINT('Ctrl Pts',(16.2130446754261,14.5002866331833,-90.0878005197568));
#9229=CARTESIAN_POINT('Ctrl Pts',(15.9332372005976,14.5407135825615,-90.174144820188));
#9230=CARTESIAN_POINT('Ctrl Pts',(15.67666997565,14.6033778174344,-90.2510908377051));
#9231=CARTESIAN_POINT('Ctrl Pts',(16.4999999999999,14.5,-89.9999999999999));
#9232=CARTESIAN_POINT('Ctrl Pts',(16.4982852349587,14.5000124683018,-90.0007731557534));
#9233=CARTESIAN_POINT('Ctrl Pts',(16.496530401416,14.4999890570002,-90.0015362998028));
#9234=CARTESIAN_POINT('Ctrl Pts',(16.2373999631056,14.5004665561611,-90.1171776928033));
#9235=CARTESIAN_POINT('Ctrl Pts',(15.9790734367667,14.5133351444909,-90.2317715542655));
#9236=CARTESIAN_POINT('Ctrl Pts',(15.7256179633847,14.5369385931735,-90.3224739666734));
#9237=CARTESIAN_POINT('Ctrl Pts',(16.4999999999999,14.5,-89.9999999999999));
#9238=CARTESIAN_POINT('Ctrl Pts',(16.4984285413555,14.5,-90.0009634129328));
#9239=CARTESIAN_POINT('Ctrl Pts',(16.4968574238922,14.5,-90.0019233712413));
#9240=CARTESIAN_POINT('Ctrl Pts',(16.2610247404196,14.5000000000001,-90.1463714519468));
#9241=CARTESIAN_POINT('Ctrl Pts',(16.0259359175115,14.5,-90.2900913545346));
#9242=CARTESIAN_POINT('Ctrl Pts',(15.7871389256403,14.5,-90.4121928496384));
#9243=CARTESIAN_POINT('Ctrl Pts',(16.4999999999999,14.5,-89.9999999999999));
#9244=CARTESIAN_POINT('Ctrl Pts',(16.4985857966326,14.5,-90.0011546922141));
#9245=CARTESIAN_POINT('Ctrl Pts',(16.4971715751279,14.5,-90.0023094257137));
#9246=CARTESIAN_POINT('Ctrl Pts',(16.2849250719499,14.5000000000001,-90.1756010395118));
#9247=CARTESIAN_POINT('Ctrl Pts',(16.0732729079892,14.5,-90.348289640376));
#9248=CARTESIAN_POINT('Ctrl Pts',(15.8488449898575,14.5,-90.5021816754103));
#9249=CARTESIAN_POINT('',(16.4999999999999,14.5,-89.9999999999999));
#9250=CARTESIAN_POINT('Ctrl Pts',(15.67666997565,14.6033778174344,-90.2510908377051));
#9251=CARTESIAN_POINT('Ctrl Pts',(15.9332372005976,14.5407135825615,-90.174144820188));
#9252=CARTESIAN_POINT('Ctrl Pts',(16.2130446754261,14.5002866331833,-90.0878005197568));
#9253=CARTESIAN_POINT('Ctrl Pts',(16.4962296674395,14.5000026798424,-90.0011547128568));
#9254=CARTESIAN_POINT('Ctrl Pts',(16.4981143955102,14.5,-90.000577346107));
#9255=CARTESIAN_POINT('Ctrl Pts',(16.4999999999999,14.5,-89.9999999999999));
#9256=CARTESIAN_POINT('Ctrl Pts',(16.4999999999999,14.5,-89.9999999999999));
#9257=CARTESIAN_POINT('Ctrl Pts',(16.4985857966326,14.5,-90.0011546922141));
#9258=CARTESIAN_POINT('Ctrl Pts',(16.4971715751279,14.5,-90.0023094257137));
#9259=CARTESIAN_POINT('Ctrl Pts',(16.2859207960024,14.5000000000001,-90.1747880667401));
#9260=CARTESIAN_POINT('Ctrl Pts',(16.0752720821849,14.5,-90.3466584964178));
#9261=CARTESIAN_POINT('Ctrl Pts',(15.8520239379228,14.5,-90.5000000039798));
#9262=CARTESIAN_POINT('Origin',(23.9999999999999,14.5,-90.5));
#9263=CARTESIAN_POINT('',(16.4999999999999,14.5,-50.5));
#9264=CARTESIAN_POINT('',(16.4999999999999,14.5,-90.5));
#9265=CARTESIAN_POINT('',(23.9999999999999,14.5,-50.5));
#9266=CARTESIAN_POINT('',(17.9999999999999,14.5,-50.5));
#9267=CARTESIAN_POINT('',(23.9999999999999,14.5,-90.5));
#9268=CARTESIAN_POINT('Origin',(16.4999999999999,16.5,-89.9999999999999));
#9269=CARTESIAN_POINT('',(13.9999999999999,16.5,-90.5));
#9270=CARTESIAN_POINT('Origin',(16.4999999999999,16.5,-90.5));
#9271=CARTESIAN_POINT('',(14.4999999999999,16.5,-89.9999999999999));
#9272=CARTESIAN_POINT('Origin',(13.9999999999999,16.5,-89.9999999999999));
#9273=CARTESIAN_POINT('Origin',(16.4999999999999,16.5,-89.9999999999999));
#9274=CARTESIAN_POINT('Origin',(2.343260188057,0.306439710817604,-90.5));
#9275=CARTESIAN_POINT('',(-19.5000000000001,18.,-90.5));
#9276=CARTESIAN_POINT('',(-19.5000000000001,9.15321985540876,-90.5));
#9277=CARTESIAN_POINT('',(-18.0000000000001,19.5,-90.5));
#9278=CARTESIAN_POINT('Origin',(-18.0000000000001,18.,-90.5));
#9279=CARTESIAN_POINT('',(12.4999995177193,19.5,-90.5));
#9280=CARTESIAN_POINT('',(7.42162985288814,19.5,-90.5));
#9281=CARTESIAN_POINT('',(13.9999999999999,18.,-90.5));
#9282=CARTESIAN_POINT('Origin',(12.4999999999999,18.,-90.5));
#9283=CARTESIAN_POINT('',(13.9999999999999,8.40321985540882,-90.5));
#9284=CARTESIAN_POINT('Origin',(-19.5000000000001,9.15321985540876,-90.));
#9285=CARTESIAN_POINT('Origin',(-19.5000000000001,18.,-90.));
#9286=CARTESIAN_POINT('Ctrl Pts',(22.,-14.5,-90.));
#9287=CARTESIAN_POINT('Ctrl Pts',(21.9985857967068,-14.5,-90.0011546921535));
#9288=CARTESIAN_POINT('Ctrl Pts',(21.9971715750533,-14.5,-90.0023094257736));
#9289=CARTESIAN_POINT('Ctrl Pts',(21.784925072076,-14.4999999999996,-90.1756010396573));
#9290=CARTESIAN_POINT('Ctrl Pts',(21.5732729079894,-14.5,-90.3482896403759));
#9291=CARTESIAN_POINT('Ctrl Pts',(21.3488449898578,-14.5,-90.5021816754101));
#9292=CARTESIAN_POINT('Ctrl Pts',(22.,-14.5,-90.));
#9293=CARTESIAN_POINT('Ctrl Pts',(21.9984285414379,-14.5,-90.0009634128824));
#9294=CARTESIAN_POINT('Ctrl Pts',(21.9968574238093,-14.5,-90.0019233712911));
#9295=CARTESIAN_POINT('Ctrl Pts',(21.7610247405457,-14.4999999999996,-90.1463714520924));
#9296=CARTESIAN_POINT('Ctrl Pts',(21.5259359175118,-14.5,-90.2900913545346));
#9297=CARTESIAN_POINT('Ctrl Pts',(21.2871389256406,-14.5,-90.4121928496383));
#9298=CARTESIAN_POINT('Ctrl Pts',(22.,-14.5,-90.));
#9299=CARTESIAN_POINT('Ctrl Pts',(21.9982852350493,-14.5000124683017,-90.0007731557131));
#9300=CARTESIAN_POINT('Ctrl Pts',(21.9965304012891,-14.4999890569634,-90.0015362998428));
#9301=CARTESIAN_POINT('Ctrl Pts',(21.7373999710992,-14.5004665642537,-90.1171776928768));
#9302=CARTESIAN_POINT('Ctrl Pts',(21.4790734367669,-14.5133351444908,-90.2317715542655));
#9303=CARTESIAN_POINT('Ctrl Pts',(21.225617963385,-14.5369385931734,-90.3224739666733));
#9304=CARTESIAN_POINT('Ctrl Pts',(22.,-14.5,-90.));
#9305=CARTESIAN_POINT('Ctrl Pts',(21.9981143956091,-14.5,-90.0005773460768));
#9306=CARTESIAN_POINT('Ctrl Pts',(21.9962296673042,-14.5000026798056,-90.0011547128868));
#9307=CARTESIAN_POINT('Ctrl Pts',(21.7130446834197,-14.5002866412759,-90.0878005198303));
#9308=CARTESIAN_POINT('Ctrl Pts',(21.4332372005979,-14.5407135825614,-90.1741448201879));
#9309=CARTESIAN_POINT('Ctrl Pts',(21.1766699756503,-14.6033778174342,-90.251090837705));
#9310=CARTESIAN_POINT('',(21.3520239348162,-14.5,-90.4999999999929));
#9311=CARTESIAN_POINT('',(22.,-14.5,-90.));
#9312=CARTESIAN_POINT('Ctrl Pts',(21.3520239379229,-14.5,-90.5000000039798));
#9313=CARTESIAN_POINT('Ctrl Pts',(21.5752720821861,-14.5,-90.3466584964192));
#9314=CARTESIAN_POINT('Ctrl Pts',(21.7859207961278,-14.4999999999996,-90.1747880668851));
#9315=CARTESIAN_POINT('Ctrl Pts',(21.9971715750533,-14.5,-90.0023094257736));
#9316=CARTESIAN_POINT('Ctrl Pts',(21.9985857967068,-14.5,-90.0011546921535));
#9317=CARTESIAN_POINT('Ctrl Pts',(22.,-14.5,-90.));
#9318=CARTESIAN_POINT('',(21.1766699756503,-14.6033778174342,-90.251090837705));
#9319=CARTESIAN_POINT('Ctrl Pts',(22.,-14.5,-90.));
#9320=CARTESIAN_POINT('Ctrl Pts',(21.9981143956091,-14.5,-90.0005773460768));
#9321=CARTESIAN_POINT('Ctrl Pts',(21.9962296673042,-14.5000026798056,-90.0011547128868));
#9322=CARTESIAN_POINT('Ctrl Pts',(21.7130446834197,-14.5002866412759,-90.0878005198303));
#9323=CARTESIAN_POINT('Ctrl Pts',(21.4332372005979,-14.5407135825614,-90.1741448201879));
#9324=CARTESIAN_POINT('Ctrl Pts',(21.1766699756503,-14.6033778174342,-90.251090837705));
#9325=CARTESIAN_POINT('',(21.3478317227971,-14.5000128920841,-90.4985227134796));
#9326=CARTESIAN_POINT('Ctrl Pts',(21.1766699756503,-14.6033778174342,-90.251090837705));
#9327=CARTESIAN_POINT('Ctrl Pts',(21.1768992608339,-14.6030689257142,-90.2514215392518));
#9328=CARTESIAN_POINT('Ctrl Pts',(21.1771288177553,-14.6027606718266,-90.2517526368431));
#9329=CARTESIAN_POINT('Ctrl Pts',(21.1773586452606,-14.6024530561044,-90.2520841292591));
#9330=CARTESIAN_POINT('Ctrl Pts',(21.1893653864222,-14.5863824715678,-90.2694020896536));
#9331=CARTESIAN_POINT('Ctrl Pts',(21.2020711595959,-14.5721009821379,-90.2877400928591));
#9332=CARTESIAN_POINT('Ctrl Pts',(21.2153318806313,-14.5596531130958,-90.3068899096885));
#9333=CARTESIAN_POINT('Ctrl Pts',(21.2285926016666,-14.5472052440537,-90.3260397265179));
#9334=CARTESIAN_POINT('Ctrl Pts',(21.2424090048922,-14.5365905388553,-90.3460024272725));
#9335=CARTESIAN_POINT('Ctrl Pts',(21.2566511547445,-14.5278995552719,-90.3665905129754));
#9336=CARTESIAN_POINT('Ctrl Pts',(21.2713318163706,-14.5189409787571,-90.3878125000256));
#9337=CARTESIAN_POINT('Ctrl Pts',(21.2863680868031,-14.5120851619878,-90.4095590951164));
#9338=CARTESIAN_POINT('Ctrl Pts',(21.3016125962052,-14.5074040423552,-90.4316169080894));
#9339=CARTESIAN_POINT('Ctrl Pts',(21.3168571056073,-14.5027229227227,-90.4536747210624));
#9340=CARTESIAN_POINT('Ctrl Pts',(21.332310711197,-14.5002159754308,-90.476045001216));
#9341=CARTESIAN_POINT('Ctrl Pts',(21.3478317889543,-14.5000133226961,-90.4985228169637));
#9342=CARTESIAN_POINT('Ctrl Pts',(21.347831722797,-14.5000128920841,-90.4985227134797));
#9343=CARTESIAN_POINT('Ctrl Pts',(21.3478936375726,-14.5000121095812,-90.4986123794325));
#9344=CARTESIAN_POINT('Ctrl Pts',(21.3479617562655,-14.5000113594877,-90.4986983316364));
#9345=CARTESIAN_POINT('Ctrl Pts',(21.348270103757,-14.5000083914875,-90.4990384307721));
#9346=CARTESIAN_POINT('Ctrl Pts',(21.3485514254092,-14.5000066151091,-90.4992419835761));
#9347=CARTESIAN_POINT('Ctrl Pts',(21.3492837689904,-14.5000032876568,-90.4996232718452));
#9348=CARTESIAN_POINT('Ctrl Pts',(21.3497581453492,-14.5000020704364,-90.4997627514793));
#9349=CARTESIAN_POINT('Ctrl Pts',(21.3508110040489,-14.5000003390202,-90.4999611521266));
#9350=CARTESIAN_POINT('Ctrl Pts',(21.3514301886509,-14.5,-90.4999999999997));
#9351=CARTESIAN_POINT('Ctrl Pts',(21.3520239347959,-14.5,-90.4999999999997));
#9352=CARTESIAN_POINT('Origin',(-7.82836990597151,-14.9956556052975,-91.));
#9353=CARTESIAN_POINT('',(-14.5032656806358,-14.9956556052975,-90.5));
#9354=CARTESIAN_POINT('',(-14.5032656806358,-14.4956746437654,-90.9956367322508));
#9355=CARTESIAN_POINT('Origin',(-14.5032656806358,-14.9956556052975,-91.));
#9356=CARTESIAN_POINT('',(20.0032656806357,-14.4956746437654,-90.9956367322508));
#9357=CARTESIAN_POINT('',(-7.82836990597151,-14.4956746437654,-90.9956367322508));
#9358=CARTESIAN_POINT('',(20.0032656806357,-14.9956556052975,-90.5));
#9359=CARTESIAN_POINT('Origin',(20.0032656806357,-14.9956556052974,-91.));
#9360=CARTESIAN_POINT('',(-7.82836990597151,-14.9956556052975,-90.5));
#9361=CARTESIAN_POINT('Ctrl Pts',(-15.6766699756512,-14.6033778174341,-90.2510908377049));
#9362=CARTESIAN_POINT('Ctrl Pts',(-15.4491755070179,-14.6582725615672,-90.3203740911225));
#9363=CARTESIAN_POINT('Ctrl Pts',(-15.027182512244,-14.8003381729911,-90.443508458808));
#9364=CARTESIAN_POINT('Ctrl Pts',(-14.6686583363892,-14.9372978623922,-90.5));
#9365=CARTESIAN_POINT('Ctrl Pts',(-14.5032656806358,-14.9956556052975,-90.5));
#9366=CARTESIAN_POINT('Ctrl Pts',(-15.7012387949926,-14.5705236876684,-90.2861400649696));
#9367=CARTESIAN_POINT('Ctrl Pts',(-15.4753419980344,-14.6081678819025,-90.3617374583303));
#9368=CARTESIAN_POINT('Ctrl Pts',(-15.0425932750115,-14.7087143290388,-90.4860502143325));
#9369=CARTESIAN_POINT('Ctrl Pts',(-14.6686753513994,-14.8168248668823,-90.5155322357962));
#9370=CARTESIAN_POINT('Ctrl Pts',(-14.5032656806358,-14.8654831319196,-90.5));
#9371=CARTESIAN_POINT('Ctrl Pts',(-15.7564413938089,-14.5188073302886,-90.3650835135291));
#9372=CARTESIAN_POINT('Ctrl Pts',(-15.5382490044061,-14.5281013529398,-90.4608820851557));
#9373=CARTESIAN_POINT('Ctrl Pts',(-15.0989016915882,-14.5545387458281,-90.6144035756046));
#9374=CARTESIAN_POINT('Ctrl Pts',(-14.6858541240197,-14.5890869018312,-90.6356680888084));
#9375=CARTESIAN_POINT('Ctrl Pts',(-14.5032656806358,-14.6062901073181,-90.6072217343878));
#9376=CARTESIAN_POINT('Ctrl Pts',(-15.8180414189341,-14.5004056357186,-90.45351875056));
#9377=CARTESIAN_POINT('Ctrl Pts',(-15.6124425511845,-14.4992876252014,-90.5777893566996));
#9378=CARTESIAN_POINT('Ctrl Pts',(-15.184053960605,-14.4977489062179,-90.7931989417206));
#9379=CARTESIAN_POINT('Ctrl Pts',(-14.7259141572828,-14.4970366408847,-90.8752910479294));
#9380=CARTESIAN_POINT('Ctrl Pts',(-14.5032656806358,-14.4968105984753,-90.8654692154418));
#9381=CARTESIAN_POINT('Ctrl Pts',(-15.8488449898586,-14.5000190384679,-90.4978184076605));
#9382=CARTESIAN_POINT('Ctrl Pts',(-15.6495526335663,-14.4988097868826,-90.6363849144958));
#9383=CARTESIAN_POINT('Ctrl Pts',(-15.2267128520996,-14.496660632188,-90.8826536498668));
#9384=CARTESIAN_POINT('Ctrl Pts',(-14.7461172669838,-14.4956746437654,-90.9956367322508));
#9385=CARTESIAN_POINT('Ctrl Pts',(-14.5032656806358,-14.4956746437654,-90.9956367322508));
#9386=CARTESIAN_POINT('',(-15.8457044328139,-14.5000000000726,-90.4999999916821));
#9387=CARTESIAN_POINT('Ctrl Pts',(-15.8457044539709,-14.4999999998066,-90.5000000221655));
#9388=CARTESIAN_POINT('Ctrl Pts',(-15.6473318472657,-14.4987985094027,-90.6376771856919));
#9389=CARTESIAN_POINT('Ctrl Pts',(-15.2254510163035,-14.4966580434096,-90.882950294493));
#9390=CARTESIAN_POINT('Ctrl Pts',(-14.7461172669838,-14.4956746437654,-90.9956367322508));
#9391=CARTESIAN_POINT('Ctrl Pts',(-14.5032656806358,-14.4956746437654,-90.9956367322508));
#9392=CARTESIAN_POINT('',(-15.6766699756512,-14.6033778174341,-90.2510908377048));
#9393=CARTESIAN_POINT('Ctrl Pts',(-14.5032656806358,-14.9956556052975,-90.5));
#9394=CARTESIAN_POINT('Ctrl Pts',(-14.6686583363892,-14.9372978623922,-90.5));
#9395=CARTESIAN_POINT('Ctrl Pts',(-15.027182512244,-14.8003381729911,-90.443508458808));
#9396=CARTESIAN_POINT('Ctrl Pts',(-15.4491755070179,-14.6582725615672,-90.3203740911225));
#9397=CARTESIAN_POINT('Ctrl Pts',(-15.6766699756512,-14.6033778174341,-90.2510908377049));
#9398=CARTESIAN_POINT('',(-15.8478317227977,-14.5000128920842,-90.4985227134792));
#9399=CARTESIAN_POINT('Ctrl Pts',(-15.6766699756512,-14.603377817434,-90.251090837705));
#9400=CARTESIAN_POINT('Ctrl Pts',(-15.6768992608318,-14.6030689257181,-90.2514215392474));
#9401=CARTESIAN_POINT('Ctrl Pts',(-15.6771288138626,-14.6027606526072,-90.2517526314848));
#9402=CARTESIAN_POINT('Ctrl Pts',(-15.6773586339268,-14.6024529987676,-90.2520841131546));
#9403=CARTESIAN_POINT('Ctrl Pts',(-15.6893649868999,-14.5863804221422,-90.2694015129457));
#9404=CARTESIAN_POINT('Ctrl Pts',(-15.7020603123021,-14.5720456249816,-90.2877243532133));
#9405=CARTESIAN_POINT('Ctrl Pts',(-15.715310556672,-14.559543975385,-90.3068590433887));
#9406=CARTESIAN_POINT('Ctrl Pts',(-15.7285608010419,-14.5470423257883,-90.325993733564));
#9407=CARTESIAN_POINT('Ctrl Pts',(-15.7423666761526,-14.5363731806752,-90.3459412913402));
#9408=CARTESIAN_POINT('Ctrl Pts',(-15.7566081510793,-14.5276784621017,-90.3665284123109));
#9409=CARTESIAN_POINT('Ctrl Pts',(-15.7568846830385,-14.5275096335517,-90.3669281600143));
#9410=CARTESIAN_POINT('Ctrl Pts',(-15.7571613453211,-14.5273415719252,-90.3673280998376));
#9411=CARTESIAN_POINT('Ctrl Pts',(-15.7574381369638,-14.5271742778988,-90.3677282303914));
#9412=CARTESIAN_POINT('Ctrl Pts',(-15.7719934927101,-14.5183769600183,-90.3887694818432));
#9413=CARTESIAN_POINT('Ctrl Pts',(-15.7869054720853,-14.5116977617997,-90.4103365649896));
#9414=CARTESIAN_POINT('Ctrl Pts',(-15.8020208380892,-14.507155369581,-90.4322076622529));
#9415=CARTESIAN_POINT('Ctrl Pts',(-15.817136204093,-14.5026129773622,-90.4540787595163));
#9416=CARTESIAN_POINT('Ctrl Pts',(-15.8324558324189,-14.5002071339199,-90.4762551262377));
#9417=CARTESIAN_POINT('Ctrl Pts',(-15.8478317138446,-14.5000128919809,-90.4985227253167));
#9418=CARTESIAN_POINT('Ctrl Pts',(-15.8478317227977,-14.5000128920842,-90.4985227134793));
#9419=CARTESIAN_POINT('Ctrl Pts',(-15.8471227857945,-14.5000085929602,-90.4990153442935));
#9420=CARTESIAN_POINT('Ctrl Pts',(-15.846413695341,-14.500004295543,-90.4995077795237));
#9421=CARTESIAN_POINT('Ctrl Pts',(-15.8457044513333,-14.4999999998397,-90.5000000183652));
#9422=CARTESIAN_POINT('Ctrl Pts',(-16.5,-14.5,-90.));
#9423=CARTESIAN_POINT('Ctrl Pts',(-16.498114395609,-14.5,-90.0005773460769));
#9424=CARTESIAN_POINT('Ctrl Pts',(-16.4962296673408,-14.5000026798425,-90.001154712887));
#9425=CARTESIAN_POINT('Ctrl Pts',(-16.2130446754387,-14.5002866331876,-90.0878005197636));
#9426=CARTESIAN_POINT('Ctrl Pts',(-15.9332372005985,-14.5407135825613,-90.1741448201878));
#9427=CARTESIAN_POINT('Ctrl Pts',(-15.6766699756511,-14.6033778174341,-90.2510908377049));
#9428=CARTESIAN_POINT('Ctrl Pts',(-16.5,-14.5,-90.));
#9429=CARTESIAN_POINT('Ctrl Pts',(-16.4982852350491,-14.5000124683018,-90.0007731557132));
#9430=CARTESIAN_POINT('Ctrl Pts',(-16.4965304013257,-14.4999890570003,-90.001536299843));
#9431=CARTESIAN_POINT('Ctrl Pts',(-16.2373999631181,-14.5004665561654,-90.1171776928101));
#9432=CARTESIAN_POINT('Ctrl Pts',(-15.9790734367675,-14.5133351444909,-90.2317715542653));
#9433=CARTESIAN_POINT('Ctrl Pts',(-15.7256179633858,-14.5369385931734,-90.3224739666731));
#9434=CARTESIAN_POINT('Ctrl Pts',(-16.5,-14.5,-90.));
#9435=CARTESIAN_POINT('Ctrl Pts',(-16.4984285414379,-14.5,-90.0009634128825));
#9436=CARTESIAN_POINT('Ctrl Pts',(-16.49685742381,-14.5,-90.0019233712917));
#9437=CARTESIAN_POINT('Ctrl Pts',(-16.2610247404302,-14.4999999999999,-90.146371451957));
#9438=CARTESIAN_POINT('Ctrl Pts',(-16.0259359175123,-14.5,-90.2900913545343));
#9439=CARTESIAN_POINT('Ctrl Pts',(-15.7871389256414,-14.5,-90.412192849638));
#9440=CARTESIAN_POINT('Ctrl Pts',(-16.5,-14.5,-90.));
#9441=CARTESIAN_POINT('Ctrl Pts',(-16.4985857967068,-14.5,-90.0011546921537));
#9442=CARTESIAN_POINT('Ctrl Pts',(-16.497171575054,-14.5,-90.0023094257741));
#9443=CARTESIAN_POINT('Ctrl Pts',(-16.2849250719605,-14.4999999999999,-90.1756010395219));
#9444=CARTESIAN_POINT('Ctrl Pts',(-16.0732729079899,-14.5,-90.3482896403756));
#9445=CARTESIAN_POINT('Ctrl Pts',(-15.8488449898585,-14.5,-90.5021816754097));
#9446=CARTESIAN_POINT('',(-16.5,-14.5,-90.));
#9447=CARTESIAN_POINT('Ctrl Pts',(-15.6766699756511,-14.6033778174341,-90.2510908377049));
#9448=CARTESIAN_POINT('Ctrl Pts',(-15.9332372005985,-14.5407135825613,-90.1741448201878));
#9449=CARTESIAN_POINT('Ctrl Pts',(-16.2130446754387,-14.5002866331876,-90.0878005197636));
#9450=CARTESIAN_POINT('Ctrl Pts',(-16.4962296673408,-14.5000026798425,-90.001154712887));
#9451=CARTESIAN_POINT('Ctrl Pts',(-16.498114395609,-14.5,-90.0005773460769));
#9452=CARTESIAN_POINT('Ctrl Pts',(-16.5,-14.5,-90.));
#9453=CARTESIAN_POINT('',(-15.8520239348162,-14.5,-90.4999999999929));
#9454=CARTESIAN_POINT('Ctrl Pts',(-16.5,-14.5,-90.));
#9455=CARTESIAN_POINT('Ctrl Pts',(-16.4985857967068,-14.5,-90.0011546921537));
#9456=CARTESIAN_POINT('Ctrl Pts',(-16.497171575054,-14.5,-90.0023094257741));
#9457=CARTESIAN_POINT('Ctrl Pts',(-16.2859207960127,-14.4999999999999,-90.1747880667505));
#9458=CARTESIAN_POINT('Ctrl Pts',(-16.0752720821851,-14.5,-90.3466584964179));
#9459=CARTESIAN_POINT('Ctrl Pts',(-15.852023937923,-14.5,-90.5000000039798));
#9460=CARTESIAN_POINT('Ctrl Pts',(-15.852023937923,-14.5,-90.5000000039798));
#9461=CARTESIAN_POINT('Ctrl Pts',(-15.8512299410039,-14.5,-90.5000000055625));
#9462=CARTESIAN_POINT('Ctrl Pts',(-15.8503655443364,-14.5000006270373,-90.4999305402765));
#9463=CARTESIAN_POINT('Ctrl Pts',(-15.8496032728623,-14.5000027037818,-90.4997003289234));
#9464=CARTESIAN_POINT('Ctrl Pts',(-15.8491580747238,-14.5000039166867,-90.4995658759505));
#9465=CARTESIAN_POINT('Ctrl Pts',(-15.8487246379953,-14.5000056850395,-90.4993698350009));
#9466=CARTESIAN_POINT('Ctrl Pts',(-15.8483593873822,-14.500008285736,-90.4990814406566));
#9467=CARTESIAN_POINT('Ctrl Pts',(-15.8481547670559,-14.5000097426956,-90.4989198766709));
#9468=CARTESIAN_POINT('Ctrl Pts',(-15.8479778538273,-14.5000114155832,-90.4987343499389));
#9469=CARTESIAN_POINT('Ctrl Pts',(-15.8478317889549,-14.5000133226961,-90.4985228169634));
#9470=CARTESIAN_POINT('Ctrl Pts',(20.0032656806357,-14.9956556052974,-90.5));
#9471=CARTESIAN_POINT('Ctrl Pts',(20.1686696603193,-14.9372938668157,-90.5));
#9472=CARTESIAN_POINT('Ctrl Pts',(20.5275794538612,-14.8003475081369,-90.443318456852));
#9473=CARTESIAN_POINT('Ctrl Pts',(20.9484651586199,-14.6584439696624,-90.3205904271431));
#9474=CARTESIAN_POINT('Ctrl Pts',(21.1766699756503,-14.6033778174342,-90.251090837705));
#9475=CARTESIAN_POINT('Ctrl Pts',(20.0032656806357,-14.8654831319195,-90.5));
#9476=CARTESIAN_POINT('Ctrl Pts',(20.1686866764944,-14.8168215353994,-90.5155332992409));
#9477=CARTESIAN_POINT('Ctrl Pts',(20.5429612162208,-14.7087429983747,-90.4859874994705));
#9478=CARTESIAN_POINT('Ctrl Pts',(20.9746366383445,-14.6082854253892,-90.3619735101673));
#9479=CARTESIAN_POINT('Ctrl Pts',(21.2012387949917,-14.5705236876684,-90.2861400649698));
#9480=CARTESIAN_POINT('Ctrl Pts',(20.0032656806357,-14.6062926514356,-90.6072243008044));
#9481=CARTESIAN_POINT('Ctrl Pts',(20.1858666252929,-14.5890882680977,-90.63567260286));
#9482=CARTESIAN_POINT('Ctrl Pts',(20.5992465729335,-14.5545031649844,-90.6141802113473));
#9483=CARTESIAN_POINT('Ctrl Pts',(21.0375677227292,-14.5281304833028,-90.4611812462112));
#9484=CARTESIAN_POINT('Ctrl Pts',(21.2564414149129,-14.5188074401917,-90.3650835448423));
#9485=CARTESIAN_POINT('Ctrl Pts',(20.0032656806357,-14.4968105984752,-90.8654692154418));
#9486=CARTESIAN_POINT('Ctrl Pts',(20.2259294013441,-14.4970366563611,-90.8752917204003));
#9487=CARTESIAN_POINT('Ctrl Pts',(20.6843566190708,-14.4978581458702,-90.7929111488794));
#9488=CARTESIAN_POINT('Ctrl Pts',(21.1118005715037,-14.4992841342286,-90.5781773899846));
#9489=CARTESIAN_POINT('Ctrl Pts',(21.3180414189333,-14.5004056357186,-90.4535187505604));
#9490=CARTESIAN_POINT('Ctrl Pts',(20.0032656806357,-14.4956746437654,-90.9956367322508));
#9491=CARTESIAN_POINT('Ctrl Pts',(20.2461338942904,-14.4956746437654,-90.9956367322508));
#9492=CARTESIAN_POINT('Ctrl Pts',(20.7269927344105,-14.4966639484318,-90.8822736459549));
#9493=CARTESIAN_POINT('Ctrl Pts',(21.1489303458821,-14.4988060110108,-90.6368175865371));
#9494=CARTESIAN_POINT('Ctrl Pts',(21.3488449898578,-14.5000190384679,-90.4978184076609));
#9495=CARTESIAN_POINT('Ctrl Pts',(21.1766699756503,-14.6033778174342,-90.251090837705));
#9496=CARTESIAN_POINT('Ctrl Pts',(20.9484651586199,-14.6584439696624,-90.3205904271431));
#9497=CARTESIAN_POINT('Ctrl Pts',(20.5275794538612,-14.8003475081369,-90.443318456852));
#9498=CARTESIAN_POINT('Ctrl Pts',(20.1686696603193,-14.9372938668157,-90.5));
#9499=CARTESIAN_POINT('Ctrl Pts',(20.0032656806357,-14.9956556052974,-90.5));
#9500=CARTESIAN_POINT('',(21.3457044088547,-14.5,-90.4999999999959));
#9501=CARTESIAN_POINT('Ctrl Pts',(20.0032656806357,-14.4956746437654,-90.9956367322508));
#9502=CARTESIAN_POINT('Ctrl Pts',(20.2461338942904,-14.4956746437654,-90.9956367322508));
#9503=CARTESIAN_POINT('Ctrl Pts',(20.7257340924194,-14.4966613589392,-90.8825703724134));
#9504=CARTESIAN_POINT('Ctrl Pts',(21.1467211093723,-14.4987948052647,-90.6381016378586));
#9505=CARTESIAN_POINT('Ctrl Pts',(21.345704436054,-14.499999999658,-90.5000000391851));
#9506=CARTESIAN_POINT('Ctrl Pts',(21.3478317227971,-14.5000128920841,-90.4985227134796));
#9507=CARTESIAN_POINT('Ctrl Pts',(21.3471227653621,-14.5000085928303,-90.4990153591642));
#9508=CARTESIAN_POINT('Ctrl Pts',(21.346413668881,-14.5000042953648,-90.4995077999394));
#9509=CARTESIAN_POINT('Ctrl Pts',(21.3457044331901,-14.499999999694,-90.5000000350587));
#9510=CARTESIAN_POINT('Origin',(-18.,-14.5,-90.5));
#9511=CARTESIAN_POINT('',(-16.5000000000001,-14.5,-50.5));
#9512=CARTESIAN_POINT('',(-16.5,-14.5,-90.5));
#9513=CARTESIAN_POINT('',(-18.0000000000001,-14.5,-50.5));
#9514=CARTESIAN_POINT('',(-18.0000000000001,-14.5,-50.5));
#9515=CARTESIAN_POINT('',(-18.,-14.5,-90.5));
#9516=CARTESIAN_POINT('',(-18.,-14.5,-90.5));
#9517=CARTESIAN_POINT('',(-7.82836990597151,-14.5,-90.5));
#9518=CARTESIAN_POINT('Origin',(-16.5,-16.5,-90.));
#9519=CARTESIAN_POINT('',(-14.,-16.5,-90.5));
#9520=CARTESIAN_POINT('Origin',(-16.5,-16.5,-90.5));
#9521=CARTESIAN_POINT('',(-14.5,-16.5,-90.));
#9522=CARTESIAN_POINT('Origin',(-14.,-16.5,-90.));
#9523=CARTESIAN_POINT('Origin',(-16.5,-16.5,-90.));
#9524=CARTESIAN_POINT('Origin',(2.343260188057,0.306439710817604,-90.5));
#9525=CARTESIAN_POINT('',(19.5,-16.5,-90.5));
#9526=CARTESIAN_POINT('Origin',(22.,-16.5,-90.5));
#9527=CARTESIAN_POINT('',(19.5,-18.,-90.5));
#9528=CARTESIAN_POINT('',(19.4999999999999,-8.84678014459115,-90.5));
#9529=CARTESIAN_POINT('',(18.,-19.5,-90.5));
#9530=CARTESIAN_POINT('Origin',(18.,-18.,-90.5));
#9531=CARTESIAN_POINT('',(-12.5,-19.5,-90.5));
#9532=CARTESIAN_POINT('',(-5.0783699059715,-19.5,-90.5));
#9533=CARTESIAN_POINT('',(-14.,-18.,-90.5));
#9534=CARTESIAN_POINT('Origin',(-12.5,-18.,-90.5));
#9535=CARTESIAN_POINT('',(-14.0000000000001,-8.09678014459123,-90.5));
#9536=CARTESIAN_POINT('Origin',(-18.0000000000001,18.,-90.));
#9537=CARTESIAN_POINT('',(-18.0000000000001,20.,-90.));
#9538=CARTESIAN_POINT('Origin',(-18.0000000000001,19.5,-90.));
#9539=CARTESIAN_POINT('Origin',(-18.0000000000001,18.,-90.));
#9540=CARTESIAN_POINT('Origin',(7.42162985288814,19.5,-90.));
#9541=CARTESIAN_POINT('',(12.4999995177193,20.,-89.9999999999999));
#9542=CARTESIAN_POINT('Origin',(12.4999995177193,19.5,-89.9999999999999));
#9543=CARTESIAN_POINT('',(7.42162985288814,20.,-90.));
#9544=CARTESIAN_POINT('Origin',(12.4999999999999,18.,-89.9999999999999));
#9545=CARTESIAN_POINT('',(14.4999999999999,18.,-89.9999999999999));
#9546=CARTESIAN_POINT('Origin',(13.9999999999999,18.,-89.9999999999999));
#9547=CARTESIAN_POINT('Origin',(12.4999999999999,18.,-89.9999999999999));
#9548=CARTESIAN_POINT('Origin',(13.9999999999999,8.40321985540882,-90.));
#9549=CARTESIAN_POINT('',(14.4999999999999,8.40321985540882,-90.));
#9550=CARTESIAN_POINT('Origin',(16.4999999999999,16.5,-90.5));
#9551=CARTESIAN_POINT('',(14.4999999999999,16.5,-50.5));
#9552=CARTESIAN_POINT('',(14.4999999999999,16.5,-90.5));
#9553=CARTESIAN_POINT('Origin',(16.4999999999999,16.5,-50.5));
#9554=CARTESIAN_POINT('Origin',(14.4999999999999,16.5,-90.5));
#9555=CARTESIAN_POINT('',(14.4999999999999,18.,-50.5));
#9556=CARTESIAN_POINT('',(14.4999999999999,18.,-90.5));
#9557=CARTESIAN_POINT('',(14.4999999999999,16.5,-50.5));
#9558=CARTESIAN_POINT('Origin',(12.4999999999999,18.,-90.5));
#9559=CARTESIAN_POINT('',(12.4999999999999,20.,-50.5));
#9560=CARTESIAN_POINT('',(12.4999995177193,20.,-90.5));
#9561=CARTESIAN_POINT('Origin',(12.4999999999999,18.,-50.5));
#9562=CARTESIAN_POINT('Origin',(12.4999995177193,20.,-90.5));
#9563=CARTESIAN_POINT('',(-18.0000000000001,20.,-50.5));
#9564=CARTESIAN_POINT('',(-18.0000000000001,20.,-90.5));
#9565=CARTESIAN_POINT('',(12.4999999999999,20.,-50.5));
#9566=CARTESIAN_POINT('Origin',(-18.0000000000001,18.,-90.5));
#9567=CARTESIAN_POINT('Origin',(-18.0000000000001,18.,-50.5));
#9568=CARTESIAN_POINT('Origin',(22.,-16.5,-90.));
#9569=CARTESIAN_POINT('',(20.,-16.5,-90.));
#9570=CARTESIAN_POINT('Origin',(22.,-16.5,-90.));
#9571=CARTESIAN_POINT('Origin',(19.5,-16.5,-90.));
#9572=CARTESIAN_POINT('Origin',(19.4999999999999,-8.84678014459115,-90.));
#9573=CARTESIAN_POINT('',(20.,-18.,-90.));
#9574=CARTESIAN_POINT('Origin',(19.5,-18.,-90.));
#9575=CARTESIAN_POINT('',(19.9999999999999,-8.84678014459115,-90.));
#9576=CARTESIAN_POINT('Origin',(18.,-18.,-90.));
#9577=CARTESIAN_POINT('',(18.,-20.,-90.));
#9578=CARTESIAN_POINT('Origin',(18.,-19.5,-90.));
#9579=CARTESIAN_POINT('Origin',(18.,-18.,-90.));
#9580=CARTESIAN_POINT('Origin',(-5.0783699059715,-19.5,-90.));
#9581=CARTESIAN_POINT('',(-12.5,-20.,-90.));
#9582=CARTESIAN_POINT('Origin',(-12.5,-19.5,-90.));
#9583=CARTESIAN_POINT('',(-5.0783699059715,-20.,-90.));
#9584=CARTESIAN_POINT('Origin',(-12.5,-18.,-90.));
#9585=CARTESIAN_POINT('',(-14.5,-18.,-90.));
#9586=CARTESIAN_POINT('Origin',(-14.,-18.,-90.));
#9587=CARTESIAN_POINT('Origin',(-12.5,-18.,-90.));
#9588=CARTESIAN_POINT('Origin',(-14.0000000000001,-8.09678014459123,-90.));
#9589=CARTESIAN_POINT('',(-14.5000000000001,-8.09678014459123,-90.));
#9590=CARTESIAN_POINT('Origin',(-16.5,-16.5,-90.5));
#9591=CARTESIAN_POINT('',(-14.5000000000001,-16.5,-50.5));
#9592=CARTESIAN_POINT('',(-14.5,-16.5,-90.5));
#9593=CARTESIAN_POINT('Origin',(-16.5000000000001,-16.5,-50.5));
#9594=CARTESIAN_POINT('Origin',(-14.5,-16.5,-90.5));
#9595=CARTESIAN_POINT('',(-14.5000000000001,-18.,-50.5));
#9596=CARTESIAN_POINT('',(-14.5,-18.,-90.5));
#9597=CARTESIAN_POINT('',(-14.5000000000001,-16.5,-50.5));
#9598=CARTESIAN_POINT('Origin',(-12.5,-18.,-90.5));
#9599=CARTESIAN_POINT('',(-12.5000000000001,-20.,-50.5));
#9600=CARTESIAN_POINT('',(-12.5,-20.,-90.5));
#9601=CARTESIAN_POINT('Origin',(-12.5000000000001,-18.,-50.5));
#9602=CARTESIAN_POINT('Origin',(-12.5,-20.,-90.5));
#9603=CARTESIAN_POINT('',(17.9999999999999,-20.,-50.5));
#9604=CARTESIAN_POINT('',(18.,-20.,-90.5));
#9605=CARTESIAN_POINT('',(-12.5000000000001,-20.,-50.5));
#9606=CARTESIAN_POINT('Origin',(18.,-18.,-90.5));
#9607=CARTESIAN_POINT('',(19.9999999999999,-18.,-50.5));
#9608=CARTESIAN_POINT('',(20.,-18.,-90.5));
#9609=CARTESIAN_POINT('Origin',(17.9999999999999,-18.,-50.5));
#9610=CARTESIAN_POINT('Origin',(20.,-18.,-90.5));
#9611=CARTESIAN_POINT('',(19.9999999999999,-16.5,-50.5));
#9612=CARTESIAN_POINT('',(20.,-16.5,-90.5));
#9613=CARTESIAN_POINT('',(19.9999999999999,-18.,-50.5));
#9614=CARTESIAN_POINT('Origin',(22.,-16.5,-90.5));
#9615=CARTESIAN_POINT('',(22.,-14.5,-50.5));
#9616=CARTESIAN_POINT('',(22.,-14.5,-90.5));
#9617=CARTESIAN_POINT('Origin',(22.,-16.5,-50.5));
#9618=CARTESIAN_POINT('Origin',(-18.,-12.5,-91.));
#9619=CARTESIAN_POINT('',(-18.,-13.9956175269118,-91.5));
#9620=CARTESIAN_POINT('',(-18.,-14.4955984884439,-91.0043632677492));
#9621=CARTESIAN_POINT('Origin',(-18.,-13.9956175269118,-91.));
#9622=CARTESIAN_POINT('Origin',(-18.,-12.5,-91.0043632677492));
#9623=CARTESIAN_POINT('Origin',(-18.,-12.5,-91.5));
#9624=CARTESIAN_POINT('Origin',(-7.6293178483525,-13.9956175269118,-91.));
#9625=CARTESIAN_POINT('',(24.,-13.9956175269117,-91.5));
#9626=CARTESIAN_POINT('',(24.,-14.4955984884438,-91.0043632677491));
#9627=CARTESIAN_POINT('Origin',(24.,-13.9956175269117,-91.));
#9628=CARTESIAN_POINT('',(-7.6293178483525,-14.4955984884438,-91.0043632677492));
#9629=CARTESIAN_POINT('',(-7.6293178483525,-13.9956175269118,-91.5));
#9630=CARTESIAN_POINT('Origin',(24.,-12.5,-91.));
#9631=CARTESIAN_POINT('',(25.4956175269117,-12.5,-91.4999999999999));
#9632=CARTESIAN_POINT('',(25.9955984884438,-12.5,-91.0043632677491));
#9633=CARTESIAN_POINT('Origin',(25.4956175269117,-12.5,-91.));
#9634=CARTESIAN_POINT('Origin',(24.,-12.5,-91.0043632677491));
#9635=CARTESIAN_POINT('Origin',(24.,-12.5,-91.5));
#9636=CARTESIAN_POINT('Origin',(25.4956175269117,-6.16883987987195,-91.));
#9637=CARTESIAN_POINT('',(25.4956175269117,12.5000000000001,-91.4999999999999));
#9638=CARTESIAN_POINT('',(25.9955984884438,12.5000000000001,-91.0043632677491));
#9639=CARTESIAN_POINT('Origin',(25.4956175269117,12.5000000000001,-90.9999999999999));
#9640=CARTESIAN_POINT('',(25.9955984884438,-6.16883987987195,-91.0043632677491));
#9641=CARTESIAN_POINT('',(25.4956175269117,-6.16883987987195,-91.4999999999999));
#9642=CARTESIAN_POINT('Origin',(23.9999999999999,12.5000000000001,-90.9999999999999));
#9643=CARTESIAN_POINT('Origin',(23.9999999999999,12.5000000000001,-91.0043632677491));
#9644=CARTESIAN_POINT('Origin',(23.9999999999999,12.5000000000001,-91.4999999999999));
#9645=CARTESIAN_POINT('Origin',(26.,-12.5,-90.5));
#9646=CARTESIAN_POINT('',(25.9999999999999,12.5000000000001,-90.5));
#9647=CARTESIAN_POINT('',(25.9999999999999,12.5000000000001,-90.5));
#9648=CARTESIAN_POINT('',(26.,-12.5,-90.5));
#9649=CARTESIAN_POINT('',(25.9999999999999,12.5000000000001,-90.5));
#9650=CARTESIAN_POINT('',(26.,-12.5,-90.5));
#9651=CARTESIAN_POINT('Origin',(23.9999999999999,12.5000000000001,-90.5));
#9652=CARTESIAN_POINT('Origin',(23.9999999999999,12.5000000000001,-90.5));
#9653=CARTESIAN_POINT('Origin',(2.74136430329503,0.162320240256011,-91.5));
#9654=CARTESIAN_POINT('Origin',(-18.,-12.5,-90.5));
#9655=CARTESIAN_POINT('',(-18.,-14.5,-90.5));
#9656=CARTESIAN_POINT('Origin',(-18.,-12.5,-90.5));
#9657=CARTESIAN_POINT('Origin',(-18.,-14.5,-90.5));
#9658=CARTESIAN_POINT('',(24.,-14.5,-90.5));
#9659=CARTESIAN_POINT('',(24.,-14.5,-90.5));
#9660=CARTESIAN_POINT('',(-7.82836990597151,-14.5,-90.5));
#9661=CARTESIAN_POINT('Origin',(24.,-12.5,-90.5));
#9662=CARTESIAN_POINT('Origin',(24.,-12.5,-90.5));
#9663=CARTESIAN_POINT('Origin',(-18.,-12.5,-90.5));
#9664=CARTESIAN_POINT('Origin',(-18.0000000000001,-12.5,-50.5));
#9665=CARTESIAN_POINT('Origin',(23.9999999999999,12.5000000000001,-90.5));
#9666=CARTESIAN_POINT('',(25.9999999999999,12.5,-50.5));
#9667=CARTESIAN_POINT('Origin',(23.9999999999999,12.5,-50.5));
#9668=CARTESIAN_POINT('',(25.9999999999999,12.5000000000001,-90.5));
#9669=CARTESIAN_POINT('Origin',(26.,-12.5,-90.5));
#9670=CARTESIAN_POINT('',(26.,-12.5,-50.5));
#9671=CARTESIAN_POINT('',(26.,-12.5,-50.5));
#9672=CARTESIAN_POINT('',(26.,-12.5,-90.5));
#9673=CARTESIAN_POINT('Origin',(24.,-12.5,-90.5));
#9674=CARTESIAN_POINT('',(24.,-14.5,-50.5));
#9675=CARTESIAN_POINT('Origin',(24.,-12.5,-50.5));
#9676=CARTESIAN_POINT('',(24.,-14.5,-90.5));
#9677=CARTESIAN_POINT('Origin',(22.,-14.5,-90.5));
#9678=CARTESIAN_POINT('',(22.,-14.5,-50.5));
#9679=CARTESIAN_POINT('Origin',(2.34326019592909,0.306439726081329,-44.5));
#9680=CARTESIAN_POINT('',(20.,10.5,-44.5));
#9681=CARTESIAN_POINT('',(18.,12.5,-44.5));
#9682=CARTESIAN_POINT('Origin',(18.,10.5,-44.5));
#9683=CARTESIAN_POINT('',(19.9999999999999,-13.5,-44.5));
#9684=CARTESIAN_POINT('',(20.,-18.,-44.5));
#9685=CARTESIAN_POINT('',(20.9999999999999,-12.5,-44.5));
#9686=CARTESIAN_POINT('Origin',(20.9999999999999,-13.5,-44.5));
#9687=CARTESIAN_POINT('',(21.3999999999999,-12.5,-44.5));
#9688=CARTESIAN_POINT('',(12.1716300979645,-12.4999999999999,-44.5));
#9689=CARTESIAN_POINT('',(22.3999999999999,-11.5,-44.5));
#9690=CARTESIAN_POINT('Origin',(21.3999999999999,-11.5,-44.5));
#9691=CARTESIAN_POINT('',(22.3999999999999,11.5,-44.5));
#9692=CARTESIAN_POINT('',(22.3999999999999,-6.09678013695933,-44.5));
#9693=CARTESIAN_POINT('',(21.3999999999999,12.5,-44.5));
#9694=CARTESIAN_POINT('Origin',(21.3999999999999,11.5,-44.5));
#9695=CARTESIAN_POINT('',(9.29663009796452,12.5,-44.5));
#9696=CARTESIAN_POINT('Ctrl Pts',(22.0913528539144,-14.6827057078288,-51.0481171234866));
#9697=CARTESIAN_POINT('Ctrl Pts',(21.2480485715357,-14.7221251028442,-51.1663753085326));
#9698=CARTESIAN_POINT('Ctrl Pts',(20.6240242857678,-15.2643749534992,-51.0028264383069));
#9699=CARTESIAN_POINT('Ctrl Pts',(19.9999999999999,-15.8066248041543,-50.8392775680813));
#9700=CARTESIAN_POINT('Ctrl Pts',(19.9999999999999,-16.5,-50.5));
#9701=CARTESIAN_POINT('Ctrl Pts',(20.9880419393857,-12.4760838787715,-44.4282516363145));
#9702=CARTESIAN_POINT('Ctrl Pts',(20.5896299750468,-12.4947072380135,-44.4841217140407));
#9703=CARTESIAN_POINT('Ctrl Pts',(20.2948149875234,-12.7508885864025,-44.4068544357717));
#9704=CARTESIAN_POINT('Ctrl Pts',(19.9999999999999,-13.0070699347914,-44.3295871575027));
#9705=CARTESIAN_POINT('Ctrl Pts',(19.9999999999999,-13.3346491722898,-44.1692983445796));
#9706=CARTESIAN_POINT('',(22.,-14.5,-50.5));
#9707=CARTESIAN_POINT('',(19.9999999999999,-16.5,-50.5));
#9708=CARTESIAN_POINT('Origin',(22.,-14.5,-50.5));
#9709=CARTESIAN_POINT('',(21.3999999999999,-12.5,-44.5));
#9710=CARTESIAN_POINT('Ctrl Pts',(24.2160928453941,-14.6662252656878,-50.9986757970634));
#9711=CARTESIAN_POINT('Ctrl Pts',(25.8945661059409,-14.4414256144116,-50.3242768432349));
#9712=CARTESIAN_POINT('Ctrl Pts',(26.0449194522442,-12.5124776256234,-50.5748657537403));
#9713=CARTESIAN_POINT('Ctrl Pts',(21.3999999999999,-12.5,-44.5));
#9714=CARTESIAN_POINT('Ctrl Pts',(22.205752523451,-12.3920847352506,-44.1762542057518));
#9715=CARTESIAN_POINT('Ctrl Pts',(22.277929775863,-11.4660916044064,-44.2965496264383));
#9716=CARTESIAN_POINT('',(26.,-12.5,-50.5));
#9717=CARTESIAN_POINT('Origin',(26.,-12.5,-50.5));
#9718=CARTESIAN_POINT('',(22.3999999999999,11.5,-44.5));
#9719=CARTESIAN_POINT('Ctrl Pts',(26.0660718094625,12.5183532804063,-50.6101196824376));
#9720=CARTESIAN_POINT('Ctrl Pts',(25.9152794896536,14.4529330498076,-50.3587991494228));
#9721=CARTESIAN_POINT('Ctrl Pts',(24.2319057376351,14.6783890289502,-51.0351670868505));
#9722=CARTESIAN_POINT('Ctrl Pts',(22.2779297758629,11.4660916044064,-44.2965496264383));
#9723=CARTESIAN_POINT('Ctrl Pts',(22.205752523451,12.3920847352506,-44.1762542057518));
#9724=CARTESIAN_POINT('Ctrl Pts',(21.3999999999999,12.5,-44.5));
#9725=CARTESIAN_POINT('',(23.8859297760412,14.412253673878,-50.2367610216338));
#9726=CARTESIAN_POINT('Origin',(16.2499999999999,12.5,-44.5));
#9727=CARTESIAN_POINT('',(16.25,12.5,-44.5));
#9728=CARTESIAN_POINT('',(16.2499999999999,12.5,-44.5));
#9729=CARTESIAN_POINT('',(18.,12.5,-44.5));
#9730=CARTESIAN_POINT('Ctrl Pts',(-10.5000000000001,-20.,-44.5));
#9731=CARTESIAN_POINT('Ctrl Pts',(-12.3000000000001,-20.,-43.9));
#9732=CARTESIAN_POINT('Ctrl Pts',(-12.3000000000001,-18.,-43.9));
#9733=CARTESIAN_POINT('Ctrl Pts',(-12.7,-20.,-51.1));
#9734=CARTESIAN_POINT('Ctrl Pts',(-14.5000000000001,-20.,-50.5));
#9735=CARTESIAN_POINT('Ctrl Pts',(-14.5,-18.,-50.5));
#9736=CARTESIAN_POINT('',(-12.5,-18.,-44.5));
#9737=CARTESIAN_POINT('',(-10.5,-20.,-44.5));
#9738=CARTESIAN_POINT('Origin',(-10.5,-18.,-44.5));
#9739=CARTESIAN_POINT('',(-12.5000000000001,-18.,-44.5));
#9740=CARTESIAN_POINT('',(-10.5000000000001,-20.,-44.5));
#9741=CARTESIAN_POINT('Origin',(-12.5000000000001,-18.,-44.5));
#9742=CARTESIAN_POINT('',(-12.5,-16.25,-44.5));
#9743=CARTESIAN_POINT('',(-12.5,-16.25,-44.5));
#9744=CARTESIAN_POINT('',(-12.5000000000001,-16.25,-44.5));
#9745=CARTESIAN_POINT('Ctrl Pts',(-16.2469022402073,-12.4752179216579,-44.4256537649737));
#9746=CARTESIAN_POINT('Ctrl Pts',(-12.5223019085527,-12.5223019085648,-44.5669057256763));
#9747=CARTESIAN_POINT('Ctrl Pts',(-12.4752179216579,-16.2469022402072,-44.4256537649736));
#9748=CARTESIAN_POINT('Ctrl Pts',(-16.5000000000001,-14.5,-50.5));
#9749=CARTESIAN_POINT('Ctrl Pts',(-14.5249670878675,-14.5249670878739,-50.5749012636121));
#9750=CARTESIAN_POINT('Ctrl Pts',(-14.5000000000001,-16.5,-50.5));
#9751=CARTESIAN_POINT('',(-16.25,-12.5,-44.5));
#9752=CARTESIAN_POINT('Origin',(-16.25,-16.25,-44.5));
#9753=CARTESIAN_POINT('',(-16.2500000000001,-12.5,-44.5));
#9754=CARTESIAN_POINT('Origin',(-16.2500000000001,-12.5,-44.5));
#9755=CARTESIAN_POINT('',(-18.,-12.5,-44.5));
#9756=CARTESIAN_POINT('',(-18.,-12.5,-44.5));
#9757=CARTESIAN_POINT('',(-18.0000000000001,-14.5,-50.5));
#9758=CARTESIAN_POINT('Ctrl Pts',(-18.0000000000001,-12.3,-43.9));
#9759=CARTESIAN_POINT('Ctrl Pts',(-20.0000000000001,-12.3,-43.9));
#9760=CARTESIAN_POINT('Ctrl Pts',(-20.0000000000001,-10.5,-44.5));
#9761=CARTESIAN_POINT('Ctrl Pts',(-18.0000000000001,-14.5,-50.5));
#9762=CARTESIAN_POINT('Ctrl Pts',(-20.0000000000001,-14.5,-50.5));
#9763=CARTESIAN_POINT('Ctrl Pts',(-20.0000000000001,-12.7,-51.1));
#9764=CARTESIAN_POINT('',(-20.,-10.5,-44.5));
#9765=CARTESIAN_POINT('Origin',(-18.,-10.5,-44.5));
#9766=CARTESIAN_POINT('',(-20.0000000000001,-10.5,-44.5));
#9767=CARTESIAN_POINT('Origin',(-20.0000000000001,-12.5,-44.5));
#9768=CARTESIAN_POINT('',(-20.,18.,-44.5));
#9769=CARTESIAN_POINT('',(-20.,18.,-44.5));
#9770=CARTESIAN_POINT('',(-20.0000000000001,18.,-44.5));
#9771=CARTESIAN_POINT('Ctrl Pts',(10.4999999999999,20.,-44.5));
#9772=CARTESIAN_POINT('Ctrl Pts',(12.2999999999999,20.,-43.9));
#9773=CARTESIAN_POINT('Ctrl Pts',(12.2999999999999,18.,-43.9));
#9774=CARTESIAN_POINT('Ctrl Pts',(12.6999999999999,20.,-51.1));
#9775=CARTESIAN_POINT('Ctrl Pts',(14.5,20.,-50.5));
#9776=CARTESIAN_POINT('Ctrl Pts',(14.5,18.,-50.5));
#9777=CARTESIAN_POINT('',(12.5,18.,-44.5));
#9778=CARTESIAN_POINT('',(10.5,20.,-44.5));
#9779=CARTESIAN_POINT('Origin',(10.5,18.,-44.5));
#9780=CARTESIAN_POINT('',(12.4999999999999,18.,-44.5));
#9781=CARTESIAN_POINT('',(10.4999999999999,20.,-44.5));
#9782=CARTESIAN_POINT('Origin',(12.4999999999999,18.,-44.5));
#9783=CARTESIAN_POINT('',(12.5,16.25,-44.5));
#9784=CARTESIAN_POINT('',(12.5,16.25,-44.5));
#9785=CARTESIAN_POINT('',(12.4999999999999,16.25,-44.5));
#9786=CARTESIAN_POINT('Ctrl Pts',(16.2469022402072,12.4752179216581,-44.4256537649735));
#9787=CARTESIAN_POINT('Ctrl Pts',(12.5223019085589,12.5223019085593,-44.5669057256762));
#9788=CARTESIAN_POINT('Ctrl Pts',(12.4752179216576,16.2469022402072,-44.4256537649736));
#9789=CARTESIAN_POINT('Ctrl Pts',(16.5,14.5000000000001,-50.5));
#9790=CARTESIAN_POINT('Ctrl Pts',(14.5249670878707,14.5249670878709,-50.5749012636122));
#9791=CARTESIAN_POINT('Ctrl Pts',(14.4999999999998,16.5,-50.5));
#9792=CARTESIAN_POINT('Origin',(16.25,16.25,-44.5));
#9793=CARTESIAN_POINT('Origin',(17.9999999999999,-18.,-44.5));
#9794=CARTESIAN_POINT('',(18.,-20.,-44.5));
#9795=CARTESIAN_POINT('',(20.,-18.,-44.5));
#9796=CARTESIAN_POINT('Origin',(18.,-18.,-44.5));
#9797=CARTESIAN_POINT('',(17.9999999999999,-20.,-44.5));
#9798=CARTESIAN_POINT('',(19.9999999999999,-18.,-44.5));
#9799=CARTESIAN_POINT('Origin',(19.9999999999999,-16.5,-44.5));
#9800=CARTESIAN_POINT('',(20.,-18.,-44.5));
#9801=CARTESIAN_POINT('Origin',(-18.0000000000001,20.,-44.5));
#9802=CARTESIAN_POINT('',(-18.,20.,-44.5));
#9803=CARTESIAN_POINT('',(-18.0000000000001,20.,-44.5));
#9804=CARTESIAN_POINT('',(10.5,20.,-44.5));
#9805=CARTESIAN_POINT('Origin',(-18.0000000000001,18.,-44.5));
#9806=CARTESIAN_POINT('Origin',(-18.,18.,-44.5));
#9807=CARTESIAN_POINT('Origin',(17.9999999999999,-20.,-44.5));
#9808=CARTESIAN_POINT('',(-10.5,-20.,-44.5));
#9809=CARTESIAN_POINT('Origin',(-20.,18.,-44.5));
#9810=CARTESIAN_POINT('',(-20.0000000000001,-10.5,-1.77635683940025E-14));
#9811=CARTESIAN_POINT('',(-20.,-10.5,-44.5));
#9812=CARTESIAN_POINT('',(-20.,18.,0.));
#9813=CARTESIAN_POINT('',(-20.,18.,0.));
#9814=CARTESIAN_POINT('',(-20.,18.,-44.5));
#9815=CARTESIAN_POINT('Origin',(-18.,18.,-44.5));
#9816=CARTESIAN_POINT('',(-18.,20.,0.));
#9817=CARTESIAN_POINT('Origin',(-18.,18.,0.));
#9818=CARTESIAN_POINT('',(-18.,20.,-44.5));
#9819=CARTESIAN_POINT('Origin',(10.5,20.,-44.5));
#9820=CARTESIAN_POINT('',(10.5,20.,1.77635683940025E-14));
#9821=CARTESIAN_POINT('',(18.,20.,0.));
#9822=CARTESIAN_POINT('',(10.5,20.,-44.5));
#9823=CARTESIAN_POINT('Origin',(10.5,18.,-44.5));
#9824=CARTESIAN_POINT('',(12.5,18.,1.77635683940025E-14));
#9825=CARTESIAN_POINT('Origin',(10.5,18.,1.77635683940025E-14));
#9826=CARTESIAN_POINT('',(12.5,18.,-44.5));
#9827=CARTESIAN_POINT('Origin',(12.5,16.25,-44.5));
#9828=CARTESIAN_POINT('',(12.5,16.25,1.77635683940025E-14));
#9829=CARTESIAN_POINT('',(12.4999999999999,8.125,0.));
#9830=CARTESIAN_POINT('',(12.5,16.25,-44.5));
#9831=CARTESIAN_POINT('Origin',(16.25,16.25,-44.5));
#9832=CARTESIAN_POINT('',(16.25,12.5,1.77635683940025E-14));
#9833=CARTESIAN_POINT('Origin',(16.25,16.25,1.77635683940025E-14));
#9834=CARTESIAN_POINT('',(16.25,12.5,-44.5));
#9835=CARTESIAN_POINT('Origin',(18.,12.5,-44.5));
#9836=CARTESIAN_POINT('',(17.9999999999999,12.5,1.77635683940025E-14));
#9837=CARTESIAN_POINT('',(8.99999999999999,12.5,0.));
#9838=CARTESIAN_POINT('',(18.,12.5,-44.5));
#9839=CARTESIAN_POINT('Origin',(18.,10.5,-44.5));
#9840=CARTESIAN_POINT('',(19.9999999999999,10.5,1.77635683940025E-14));
#9841=CARTESIAN_POINT('Origin',(17.9999999999999,10.5,1.77635683940025E-14));
#9842=CARTESIAN_POINT('',(20.,10.5,-44.5));
#9843=CARTESIAN_POINT('Origin',(20.,-18.,-44.5));
#9844=CARTESIAN_POINT('',(20.,-18.,0.));
#9845=CARTESIAN_POINT('',(20.,-18.,0.));
#9846=CARTESIAN_POINT('',(20.,-18.,-44.5));
#9847=CARTESIAN_POINT('Origin',(18.,-18.,-44.5));
#9848=CARTESIAN_POINT('',(18.,-20.,0.));
#9849=CARTESIAN_POINT('Origin',(18.,-18.,0.));
#9850=CARTESIAN_POINT('',(18.,-20.,-44.5));
#9851=CARTESIAN_POINT('Origin',(-10.5,-20.,-44.5));
#9852=CARTESIAN_POINT('',(-10.5000000000001,-20.,-1.77635683940025E-14));
#9853=CARTESIAN_POINT('',(-18.,-20.,0.));
#9854=CARTESIAN_POINT('',(-10.5,-20.,-44.5));
#9855=CARTESIAN_POINT('Origin',(-10.5,-18.,-44.5));
#9856=CARTESIAN_POINT('',(-12.5000000000001,-18.,-1.77635683940025E-14));
#9857=CARTESIAN_POINT('Origin',(-10.5000000000001,-18.,-1.77635683940025E-14));
#9858=CARTESIAN_POINT('',(-12.5,-18.,-44.5));
#9859=CARTESIAN_POINT('Origin',(-12.5,-16.25,-44.5));
#9860=CARTESIAN_POINT('',(-12.5000000000001,-16.25,-1.77635683940025E-14));
#9861=CARTESIAN_POINT('',(-12.5000000000001,-8.125,0.));
#9862=CARTESIAN_POINT('',(-12.5,-16.25,-44.5));
#9863=CARTESIAN_POINT('Origin',(-16.25,-16.25,-44.5));
#9864=CARTESIAN_POINT('',(-16.2500000000001,-12.5,-1.77635683940025E-14));
#9865=CARTESIAN_POINT('Origin',(-16.2500000000001,-16.25,-1.77635683940025E-14));
#9866=CARTESIAN_POINT('',(-16.25,-12.5,-44.5));
#9867=CARTESIAN_POINT('Origin',(-18.,-12.5,-44.5));
#9868=CARTESIAN_POINT('',(-18.0000000000001,-12.5,-1.77635683940025E-14));
#9869=CARTESIAN_POINT('',(-9.00000000000002,-12.5,0.));
#9870=CARTESIAN_POINT('',(-18.,-12.5,-44.5));
#9871=CARTESIAN_POINT('Origin',(-18.,-10.5,-44.5));
#9872=CARTESIAN_POINT('Origin',(-18.0000000000001,-10.5,-1.77635683940025E-14));
#9873=CARTESIAN_POINT('Origin',(-1.51961657217388E-15,-1.79097667434779E-15,
0.));
#9874=CARTESIAN_POINT('',(-18.,-20.,0.));
#9875=CARTESIAN_POINT('',(-18.,-20.,0.));
#9876=CARTESIAN_POINT('',(-20.,-18.,0.));
#9877=CARTESIAN_POINT('Origin',(-18.,-18.,0.));
#9878=CARTESIAN_POINT('',(-20.,18.,0.));
#9879=CARTESIAN_POINT('',(-18.4134559672906,-16.2634559672906,0.));
#9880=CARTESIAN_POINT('Origin',(-16.2634559672906,-16.2634559672906,0.));
#9881=CARTESIAN_POINT('Origin',(-1.51961657217388E-15,-1.79097667434779E-15,
0.));
#9882=CARTESIAN_POINT('',(18.,20.,0.));
#9883=CARTESIAN_POINT('',(18.,20.,0.));
#9884=CARTESIAN_POINT('',(20.,18.,0.));
#9885=CARTESIAN_POINT('Origin',(18.,18.,0.));
#9886=CARTESIAN_POINT('',(20.,-18.,0.));
#9887=CARTESIAN_POINT('',(14.1134559672906,16.2634559672906,0.));
#9888=CARTESIAN_POINT('Origin',(16.2634559672906,16.2634559672906,0.));
#9889=CARTESIAN_POINT('Origin',(16.2634559672906,16.2634559672906,0.));
#9890=CARTESIAN_POINT('',(14.1134559672906,16.2634559672906,5.5));
#9891=CARTESIAN_POINT('',(14.1134559672906,16.2634559672906,0.));
#9892=CARTESIAN_POINT('Origin',(16.2634559672906,16.2634559672906,5.5));
#9893=CARTESIAN_POINT('Origin',(-16.2634559672906,-16.2634559672906,0.));
#9894=CARTESIAN_POINT('',(-18.4134559672906,-16.2634559672906,5.5));
#9895=CARTESIAN_POINT('',(-18.4134559672906,-16.2634559672906,0.));
#9896=CARTESIAN_POINT('Origin',(-16.2634559672906,-16.2634559672906,5.5));
#9897=CARTESIAN_POINT('Origin',(0.,0.,5.9));
#9898=CARTESIAN_POINT('',(0.,15.4,5.5));
#9899=CARTESIAN_POINT('',(-15.4,-1.88595607068692E-15,5.5));
#9900=CARTESIAN_POINT('Origin',(0.,0.,5.5));
#9901=CARTESIAN_POINT('',(-15.,-1.83697019872103E-15,5.9));
#9902=CARTESIAN_POINT('Origin',(-15.4,-1.88595607068692E-15,5.9));
#9903=CARTESIAN_POINT('',(0.,15.,5.9));
#9904=CARTESIAN_POINT('Origin',(0.,0.,5.9));
#9905=CARTESIAN_POINT('',(1.83697019872103E-15,-15.,5.9));
#9906=CARTESIAN_POINT('Origin',(0.,0.,5.9));
#9907=CARTESIAN_POINT('Origin',(0.,0.,5.9));
#9908=CARTESIAN_POINT('Origin',(0.,0.,5.5));
#9909=CARTESIAN_POINT('Origin',(0.,0.,6.7));
#9910=CARTESIAN_POINT('',(0.,15.,7.5));
#9911=CARTESIAN_POINT('',(1.83697019872103E-15,-15.,7.5));
#9912=CARTESIAN_POINT('Origin',(0.,0.,7.5));
#9913=CARTESIAN_POINT('Origin',(0.,0.,7.5));
#9914=CARTESIAN_POINT('',(1.83697019872103E-15,-15.,6.7));
#9915=CARTESIAN_POINT('Origin',(0.,0.,7.75));
#9916=CARTESIAN_POINT('',(0.,14.8180148828669,8.));
#9917=CARTESIAN_POINT('',(1.81468344960208E-15,-14.8180148828669,8.));
#9918=CARTESIAN_POINT('Origin',(0.,0.,8.));
#9919=CARTESIAN_POINT('Origin',(0.,0.,8.));
#9920=CARTESIAN_POINT('',(1.82582682416155E-15,-14.9090074414334,7.75));
#9921=CARTESIAN_POINT('Origin',(0.,9.78400744143345,8.));
#9922=CARTESIAN_POINT('',(0.,4.75,8.));
#9923=CARTESIAN_POINT('',(5.81707229594993E-16,-4.75,8.));
#9924=CARTESIAN_POINT('Origin',(0.,0.,8.));
#9925=CARTESIAN_POINT('Origin',(0.,0.,8.));
#9926=CARTESIAN_POINT('Origin',(0.,0.,7.75));
#9927=CARTESIAN_POINT('',(5.81707229594993E-16,-4.75,7.5));
#9928=CARTESIAN_POINT('',(5.81707229594993E-16,-4.75,7.75));
#9929=CARTESIAN_POINT('',(0.,4.75,7.5));
#9930=CARTESIAN_POINT('Origin',(0.,0.,7.5));
#9931=CARTESIAN_POINT('Origin',(0.,0.,7.5));
#9932=CARTESIAN_POINT('Origin',(0.,2.375,7.5));
#9933=CARTESIAN_POINT('Origin',(-1.51961657217388E-15,-1.79097667434779E-15,
5.5));
#9934=CARTESIAN_POINT('',(-20.,18.,5.5));
#9935=CARTESIAN_POINT('',(-20.,-18.,5.5));
#9936=CARTESIAN_POINT('',(-20.,18.,5.5));
#9937=CARTESIAN_POINT('',(-18.,-20.,5.5));
#9938=CARTESIAN_POINT('Origin',(-18.,-18.,5.5));
#9939=CARTESIAN_POINT('',(18.,-20.,5.5));
#9940=CARTESIAN_POINT('',(-18.,-20.,5.5));
#9941=CARTESIAN_POINT('',(20.,-18.,5.5));
#9942=CARTESIAN_POINT('Origin',(18.,-18.,5.5));
#9943=CARTESIAN_POINT('',(20.,18.,5.5));
#9944=CARTESIAN_POINT('',(20.,-18.,5.5));
#9945=CARTESIAN_POINT('',(18.,20.,5.5));
#9946=CARTESIAN_POINT('Origin',(18.,18.,5.5));
#9947=CARTESIAN_POINT('',(-18.,20.,5.5));
#9948=CARTESIAN_POINT('',(18.,20.,5.5));
#9949=CARTESIAN_POINT('Origin',(-18.,18.,5.5));
#9950=CARTESIAN_POINT('Origin',(-18.,18.,0.));
#9951=CARTESIAN_POINT('',(-20.,18.,0.));
#9952=CARTESIAN_POINT('',(-18.,20.,0.));
#9953=CARTESIAN_POINT('Origin',(18.,20.,0.));
#9954=CARTESIAN_POINT('',(18.,20.,0.));
#9955=CARTESIAN_POINT('Origin',(18.,18.,0.));
#9956=CARTESIAN_POINT('',(20.,18.,0.));
#9957=CARTESIAN_POINT('Origin',(20.,-18.,0.));
#9958=CARTESIAN_POINT('',(20.,-18.,0.));
#9959=CARTESIAN_POINT('Origin',(18.,-18.,0.));
#9960=CARTESIAN_POINT('',(18.,-20.,0.));
#9961=CARTESIAN_POINT('Origin',(-18.,-20.,0.));
#9962=CARTESIAN_POINT('',(-18.,-20.,0.));
#9963=CARTESIAN_POINT('Origin',(-18.,-18.,0.));
#9964=CARTESIAN_POINT('',(-20.,-18.,0.));
#9965=CARTESIAN_POINT('Origin',(-20.,18.,0.));
#9966=CARTESIAN_POINT('',(0.,0.,0.));
#9967=CARTESIAN_POINT('Origin',(12.5980762113533,-14.,10.));
#9968=CARTESIAN_POINT('',(12.5980762113533,-19.,10.));
#9969=CARTESIAN_POINT('',(12.5980762113533,-14.,5.));
#9970=CARTESIAN_POINT('Origin',(12.5980762113533,-14.,10.));
#9971=CARTESIAN_POINT('',(10.0980762113533,-18.3301270189222,10.));
#9972=CARTESIAN_POINT('Origin',(12.5980762113533,-14.,10.));
#9973=CARTESIAN_POINT('Origin',(12.5980762113533,-14.,10.));
#9974=CARTESIAN_POINT('Origin',(12.5980762113533,-14.,13.));
#9975=CARTESIAN_POINT('',(12.5980762113533,-19.,16.4));
#9976=CARTESIAN_POINT('',(10.0980762113533,-18.3301270189222,16.4));
#9977=CARTESIAN_POINT('Origin',(12.5980762113533,-14.,16.4));
#9978=CARTESIAN_POINT('',(10.0980762113533,-18.3301270189222,13.));
#9979=CARTESIAN_POINT('',(12.5980762113533,-19.,13.));
#9980=CARTESIAN_POINT('Ctrl Pts',(12.5980762113533,-19.,16.4));
#9981=CARTESIAN_POINT('Ctrl Pts',(12.5980762113533,-19.,17.0731984257692));
#9982=CARTESIAN_POINT('Ctrl Pts',(13.3841833740536,-19.,18.1912321429093));
#9983=CARTESIAN_POINT('Ctrl Pts',(15.9082034034199,-19.,19.1948131211973));
#9984=CARTESIAN_POINT('Ctrl Pts',(17.7004783103277,-19.,19.4));
#9985=CARTESIAN_POINT('Ctrl Pts',(18.5980762113533,-19.,19.4));
#9986=CARTESIAN_POINT('Ctrl Pts',(12.3487434610684,-19.,16.4));
#9987=CARTESIAN_POINT('Ctrl Pts',(12.3487434610684,-19.,17.1850997460562));
#9988=CARTESIAN_POINT('Ctrl Pts',(13.1558806365818,-18.9997278979845,18.4896733575762));
#9989=CARTESIAN_POINT('Ctrl Pts',(15.7671882512269,-18.9998864084909,19.74597715845));
#9990=CARTESIAN_POINT('Ctrl Pts',(17.6444996178638,-18.9997841134486,20.0861782930251));
#9991=CARTESIAN_POINT('Ctrl Pts',(18.5980762113533,-19.,20.1479982508547));
#9992=CARTESIAN_POINT('Ctrl Pts',(11.8500938127664,-18.9625981119943,16.4));
#9993=CARTESIAN_POINT('Ctrl Pts',(11.8500938127664,-18.9625981119943,17.4088965225859));
#9994=CARTESIAN_POINT('Ctrl Pts',(12.699313365127,-18.9310956973732,19.0863473649054));
#9995=CARTESIAN_POINT('Ctrl Pts',(15.4853550989697,-18.8145654869167,20.8475704714407));
#9996=CARTESIAN_POINT('Ctrl Pts',(17.5327179492518,-18.7149254647703,21.4562901483919));
#9997=CARTESIAN_POINT('Ctrl Pts',(18.5980762113533,-18.6577162097307,21.6409222889187));
#9998=CARTESIAN_POINT('Ctrl Pts',(10.9969034269152,-18.7679165559215,16.4));
#9999=CARTESIAN_POINT('Ctrl Pts',(10.9969034269152,-18.7679165559215,17.7918032364756));
#10000=CARTESIAN_POINT('Ctrl Pts',(11.9373845408968,-18.5732765752601,20.1079494367233));
#10001=CARTESIAN_POINT('Ctrl Pts',(15.0538218088483,-17.8746889383082,22.5851499918788));
#10002=CARTESIAN_POINT('Ctrl Pts',(17.3755431792557,-17.3038429789239,23.4696853114133));
#10003=CARTESIAN_POINT('Ctrl Pts',(18.5980762113533,-16.9850739302821,23.7440139039671));
#10004=CARTESIAN_POINT('Ctrl Pts',(10.4219689549666,-18.5171265816359,16.4));
#10005=CARTESIAN_POINT('Ctrl Pts',(10.4219689549666,-18.5171265816359,18.0498472526925));
#10006=CARTESIAN_POINT('Ctrl Pts',(11.4589036321986,-18.1094805137588,20.7917932190376));
#10007=CARTESIAN_POINT('Ctrl Pts',(14.8512848247152,-16.7288787327463,23.4922799717934));
#10008=CARTESIAN_POINT('Ctrl Pts',(17.3260373787012,-15.6773560337503,24.2525054046238));
#10009=CARTESIAN_POINT('Ctrl Pts',(18.5980762113533,-15.1219973762821,24.4));
#10010=CARTESIAN_POINT('Ctrl Pts',(10.0980762113533,-18.3301270189222,16.4));
#10011=CARTESIAN_POINT('Ctrl Pts',(10.0980762113533,-18.3301270189222,18.1951958020513));
#10012=CARTESIAN_POINT('Ctrl Pts',(11.2117280251788,-17.762803041426,21.1766190477581));
#10013=CARTESIAN_POINT('Ctrl Pts',(14.7874230667809,-15.9412484871828,23.8528349898593));
#10014=CARTESIAN_POINT('Ctrl Pts',(17.3264791849003,-14.6477854872265,24.4));
#10015=CARTESIAN_POINT('Ctrl Pts',(18.5980762113533,-14.,24.4));
#10016=CARTESIAN_POINT('',(18.5980762113533,-19.,19.4));
#10017=CARTESIAN_POINT('',(18.5980762113533,-14.,24.4));
#10018=CARTESIAN_POINT('Origin',(18.5980762113533,-14.,19.4));
#10019=CARTESIAN_POINT('Origin',(18.5980762113533,-14.,16.4));
#10020=CARTESIAN_POINT('Origin',(18.5980762113533,-19.,16.4));
#10021=CARTESIAN_POINT('Origin',(33.0463378443639,-14.,19.4));
#10022=CARTESIAN_POINT('',(34.,-19.,19.4));
#10023=CARTESIAN_POINT('',(34.,-14.,24.4));
#10024=CARTESIAN_POINT('Origin',(34.,-14.,19.4));
#10025=CARTESIAN_POINT('',(33.0463378443639,-14.,24.4));
#10026=CARTESIAN_POINT('',(33.0463378443639,-19.,19.4));
#10027=CARTESIAN_POINT('Origin',(13.1450891210454,-14.3158180506609,10.));
#10028=CARTESIAN_POINT('',(7.50000000000001,-16.8301270189222,10.));
#10029=CARTESIAN_POINT('',(10.,-12.5,5.));
#10030=CARTESIAN_POINT('Origin',(10.,-12.5,10.));
#10031=CARTESIAN_POINT('',(13.1450891210454,-14.3158180506609,5.));
#10032=CARTESIAN_POINT('',(10.6450891210454,-18.6459450695831,10.));
#10033=CARTESIAN_POINT('Origin',(33.0463378443639,-14.,10.));
#10034=CARTESIAN_POINT('',(34.,-14.,5.));
#10035=CARTESIAN_POINT('',(34.,-19.,10.));
#10036=CARTESIAN_POINT('Origin',(34.,-14.,10.));
#10037=CARTESIAN_POINT('',(33.0463378443639,-19.,10.));
#10038=CARTESIAN_POINT('',(33.0463378443639,-14.,5.));
#10039=CARTESIAN_POINT('Origin',(13.1450891210454,-14.3158180506609,10.));
#10040=CARTESIAN_POINT('',(0.834848610088326,-12.5,8.));
#10041=CARTESIAN_POINT('Origin',(10.,-12.5,10.));
#10042=CARTESIAN_POINT('',(0.114807810553887,-12.5662843203284,10.));
#10043=CARTESIAN_POINT('',(10.6450891210454,-18.6459450695831,10.));
#10044=CARTESIAN_POINT('',(0.323519963075967,-12.2047842680031,8.));
#10045=CARTESIAN_POINT('Origin',(2.61480781055389,-8.23615730140616,10.));
#10046=CARTESIAN_POINT('',(10.8538012735675,-18.2844450172578,8.));
#10047=CARTESIAN_POINT('Origin',(-0.135192189446109,-12.9992970222206,10.));
#10048=CARTESIAN_POINT('',(-0.883633540876457,-12.4687285544853,8.));
#10049=CARTESIAN_POINT('Origin',(-0.135192189446109,-12.9992970222206,8.));
#10050=CARTESIAN_POINT('',(-0.129992489852029,-12.4993240598275,10.));
#10051=CARTESIAN_POINT('Origin',(-0.135192189446109,-12.9992970222206,10.));
#10052=CARTESIAN_POINT('Ctrl Pts',(-0.129992489852028,-12.4993240598275,
10.));
#10053=CARTESIAN_POINT('Ctrl Pts',(-0.130976174711526,-12.4993138295427,
9.99682754009641));
#10054=CARTESIAN_POINT('Ctrl Pts',(-0.131959865955394,-12.4993034830563,
9.99365505571104));
#10055=CARTESIAN_POINT('Ctrl Pts',(-0.170712583521242,-12.4988913058001,
9.86867609677023));
#10056=CARTESIAN_POINT('Ctrl Pts',(-0.209019488761114,-12.498312818909,
9.74520336085431));
#10057=CARTESIAN_POINT('Ctrl Pts',(-0.399168663584728,-12.4945410040283,
9.14593143317003));
#10058=CARTESIAN_POINT('Ctrl Pts',(-0.566828389181545,-12.4892940651995,
8.65911537926599));
#10059=CARTESIAN_POINT('Ctrl Pts',(-0.826001583780484,-12.4727100678382,
8.11506970349208));
#10060=CARTESIAN_POINT('Ctrl Pts',(-0.854459346047937,-12.470796070589,
8.05727351736957));
#10061=CARTESIAN_POINT('Ctrl Pts',(-0.883633540876436,-12.4687285544853,
7.99999999999999));
#10062=CARTESIAN_POINT('Origin',(0.,0.,8.));
#10063=CARTESIAN_POINT('',(-0.129992489852029,-12.4993240598275,16.4));
#10064=CARTESIAN_POINT('',(-0.129992489852029,-12.4993240598275,13.));
#10065=CARTESIAN_POINT('',(-0.129992489852038,12.4993240598275,16.4));
#10066=CARTESIAN_POINT('Origin',(0.,0.,16.4));
#10067=CARTESIAN_POINT('',(-0.129992489852038,12.4993240598275,10.));
#10068=CARTESIAN_POINT('',(-0.129992489852038,12.4993240598275,13.));
#10069=CARTESIAN_POINT('',(-0.883633540876466,12.4687285544853,8.));
#10070=CARTESIAN_POINT('Ctrl Pts',(-0.883633540876474,12.4687285544853,
8.));
#10071=CARTESIAN_POINT('Ctrl Pts',(-0.854459346047961,12.470796070589,8.05727351736962));
#10072=CARTESIAN_POINT('Ctrl Pts',(-0.826001583780494,12.4727100678382,
8.11506970349216));
#10073=CARTESIAN_POINT('Ctrl Pts',(-0.566828389176572,12.4892940651998,
8.65911537927653));
#10074=CARTESIAN_POINT('Ctrl Pts',(-0.399168663577402,12.4945410040286,
9.14593143319132));
#10075=CARTESIAN_POINT('Ctrl Pts',(-0.209019488754033,12.4983128189091,
9.74520336087718));
#10076=CARTESIAN_POINT('Ctrl Pts',(-0.170712583543793,12.4988913057998,
9.86867609669773));
#10077=CARTESIAN_POINT('Ctrl Pts',(-0.131959865953113,12.4993034830564,
9.99365505571841));
#10078=CARTESIAN_POINT('Ctrl Pts',(-0.130976174713824,12.4993138295427,
9.99682754008903));
#10079=CARTESIAN_POINT('Ctrl Pts',(-0.129992489852038,12.4993240598275,
10.));
#10080=CARTESIAN_POINT('',(-7.64953491679984,9.88608191128619,8.));
#10081=CARTESIAN_POINT('Origin',(0.,0.,8.));
#10082=CARTESIAN_POINT('',(-7.64953491679984,9.88608191128619,8.8));
#10083=CARTESIAN_POINT('',(-7.64953491679985,9.88608191128619,13.));
#10084=CARTESIAN_POINT('',(-9.88608191128619,7.64953491679984,8.8));
#10085=CARTESIAN_POINT('Ctrl Pts',(-9.88608191128619,7.64953491679984,8.8));
#10086=CARTESIAN_POINT('Ctrl Pts',(-9.88608191128619,7.64953491679984,8.88041792939608));
#10087=CARTESIAN_POINT('Ctrl Pts',(-9.87980859516389,7.65766220015291,8.96038347380489));
#10088=CARTESIAN_POINT('Ctrl Pts',(-9.85469792544657,7.68995170663867,9.11798701408381));
#10089=CARTESIAN_POINT('Ctrl Pts',(-9.83571064589553,7.71429853264622,9.19456711711141));
#10090=CARTESIAN_POINT('Ctrl Pts',(-9.76846813845201,7.79946887314695,9.38964791268172));
#10091=CARTESIAN_POINT('Ctrl Pts',(-9.71035743789391,7.87218327465217,9.49580010936631));
#10092=CARTESIAN_POINT('Ctrl Pts',(-9.57247062883066,8.03921421383417,9.66670297720924));
#10093=CARTESIAN_POINT('Ctrl Pts',(-9.47437185361786,8.15716277041036,9.75935215271455));
#10094=CARTESIAN_POINT('Ctrl Pts',(-9.24403776112065,8.41493230243027,9.85809064816561));
#10095=CARTESIAN_POINT('Ctrl Pts',(-9.16322785391363,8.50290609351373,9.87977046795011));
#10096=CARTESIAN_POINT('Ctrl Pts',(-9.03346574210745,8.6401028372398,9.90132427362441));
#10097=CARTESIAN_POINT('Ctrl Pts',(-8.984450276224,8.69106322114351,9.90661541591771));
#10098=CARTESIAN_POINT('Ctrl Pts',(-8.89574483934208,8.78173866440989,9.91194561226492));
#10099=CARTESIAN_POINT('Ctrl Pts',(-8.85554480412815,8.82227526660635,9.91283205419583));
#10100=CARTESIAN_POINT('Ctrl Pts',(-8.77300116114351,8.90438195720333,9.91166460482799));
#10101=CARTESIAN_POINT('Ctrl Pts',(-8.73005729321959,8.94648838090898,9.90944265079383));
#10102=CARTESIAN_POINT('Ctrl Pts',(-8.62862559778184,9.04452617032248,9.90008958177795));
#10103=CARTESIAN_POINT('Ctrl Pts',(-8.56908257144223,9.10095275242494,9.89135882764466));
#10104=CARTESIAN_POINT('Ctrl Pts',(-8.39638120202122,9.26146981604442,9.85403499895127));
#10105=CARTESIAN_POINT('Ctrl Pts',(-8.28184820380362,9.36384906375394,9.81406591573232));
#10106=CARTESIAN_POINT('Ctrl Pts',(-8.04379111001758,9.56956666939003,9.67575681783399));
#10107=CARTESIAN_POINT('Ctrl Pts',(-7.94733437065977,9.64874351478395,9.58214208790073));
#10108=CARTESIAN_POINT('Ctrl Pts',(-7.80401782697861,9.76503783506113,9.39449807048417));
#10109=CARTESIAN_POINT('Ctrl Pts',(-7.74570778314875,9.81104149095287,9.2844111787981));
#10110=CARTESIAN_POINT('Ctrl Pts',(-7.66895937827036,9.8711343378417,9.04690268754749));
#10111=CARTESIAN_POINT('Ctrl Pts',(-7.64953491679984,9.88608191128619,8.92430583852613));
#10112=CARTESIAN_POINT('Ctrl Pts',(-7.64953491679984,9.88608191128619,8.8));
#10113=CARTESIAN_POINT('',(-9.88608191128619,7.64953491679984,8.));
#10114=CARTESIAN_POINT('',(-9.88608191128619,7.64953491679985,13.));
#10115=CARTESIAN_POINT('',(-12.5,-1.11022302462516E-15,8.));
#10116=CARTESIAN_POINT('Origin',(0.,0.,8.));
#10117=CARTESIAN_POINT('',(-9.88608191128619,-7.64953491679984,8.));
#10118=CARTESIAN_POINT('Origin',(1.30192133766088E-30,5.12638216123247E-30,
8.));
#10119=CARTESIAN_POINT('',(-9.88608191128619,-7.64953491679984,8.8));
#10120=CARTESIAN_POINT('',(-9.88608191128619,-7.64953491679985,13.));
#10121=CARTESIAN_POINT('',(-7.64953491679984,-9.88608191128619,8.8));
#10122=CARTESIAN_POINT('Ctrl Pts',(-7.64953491679984,-9.88608191128619,
8.8));
#10123=CARTESIAN_POINT('Ctrl Pts',(-7.64953491679984,-9.88608191128619,
8.88041792939609));
#10124=CARTESIAN_POINT('Ctrl Pts',(-7.65766220015291,-9.87980859516389,
8.96038347380491));
#10125=CARTESIAN_POINT('Ctrl Pts',(-7.68995170663867,-9.85469792544657,
9.11798701408381));
#10126=CARTESIAN_POINT('Ctrl Pts',(-7.71429853264623,-9.83571064589552,
9.19456711711142));
#10127=CARTESIAN_POINT('Ctrl Pts',(-7.79946887314695,-9.76846813845201,
9.38964791268172));
#10128=CARTESIAN_POINT('Ctrl Pts',(-7.87218327465218,-9.71035743789391,
9.49580010936632));
#10129=CARTESIAN_POINT('Ctrl Pts',(-8.03921421383422,-9.57247062883061,
9.66670297720929));
#10130=CARTESIAN_POINT('Ctrl Pts',(-8.15716277041042,-9.47437185361781,
9.75935215271457));
#10131=CARTESIAN_POINT('Ctrl Pts',(-8.41493230243028,-9.24403776112064,
9.85809064816561));
#10132=CARTESIAN_POINT('Ctrl Pts',(-8.50290609351375,-9.16322785391361,
9.87977046795011));
#10133=CARTESIAN_POINT('Ctrl Pts',(-8.6401028372398,-9.03346574210745,9.90132427362441));
#10134=CARTESIAN_POINT('Ctrl Pts',(-8.69106322114351,-8.98445027622401,
9.90661541591771));
#10135=CARTESIAN_POINT('Ctrl Pts',(-8.78173866440991,-8.89574483934207,
9.91194561226492));
#10136=CARTESIAN_POINT('Ctrl Pts',(-8.82227526660637,-8.85554480412813,
9.91283205419583));
#10137=CARTESIAN_POINT('Ctrl Pts',(-8.90438195720328,-8.77300116114356,
9.91166460482799));
#10138=CARTESIAN_POINT('Ctrl Pts',(-8.94648838090896,-8.73005729321961,
9.90944265079383));
#10139=CARTESIAN_POINT('Ctrl Pts',(-9.0445261703225,-8.62862559778183,9.90008958177795));
#10140=CARTESIAN_POINT('Ctrl Pts',(-9.10095275242495,-8.56908257144222,
9.89135882764466));
#10141=CARTESIAN_POINT('Ctrl Pts',(-9.26146981604443,-8.39638120202121,
9.85403499895127));
#10142=CARTESIAN_POINT('Ctrl Pts',(-9.36384906375394,-8.28184820380361,
9.81406591573232));
#10143=CARTESIAN_POINT('Ctrl Pts',(-9.56956666938992,-8.04379111001771,
9.67575681783406));
#10144=CARTESIAN_POINT('Ctrl Pts',(-9.64874351478388,-7.94733437065985,
9.58214208790084));
#10145=CARTESIAN_POINT('Ctrl Pts',(-9.76503783506113,-7.80401782697861,
9.39449807048417));
#10146=CARTESIAN_POINT('Ctrl Pts',(-9.81104149095287,-7.74570778314875,
9.2844111787981));
#10147=CARTESIAN_POINT('Ctrl Pts',(-9.8711343378417,-7.66895937827036,9.04690268754748));
#10148=CARTESIAN_POINT('Ctrl Pts',(-9.88608191128619,-7.64953491679984,
8.92430583852613));
#10149=CARTESIAN_POINT('Ctrl Pts',(-9.88608191128619,-7.64953491679984,
8.8));
#10150=CARTESIAN_POINT('',(-7.64953491679984,-9.88608191128619,8.));
#10151=CARTESIAN_POINT('',(-7.64953491679985,-9.88608191128619,13.));
#10152=CARTESIAN_POINT('Origin',(0.,0.,8.));
#10153=CARTESIAN_POINT('Origin',(-0.135192189446109,-12.9992970222206,13.));
#10154=CARTESIAN_POINT('',(0.114807810553887,-12.5662843203284,16.4));
#10155=CARTESIAN_POINT('',(0.114807810553887,-12.5662843203284,13.));
#10156=CARTESIAN_POINT('Origin',(-0.135192189446109,-12.9992970222206,16.4));
#10157=CARTESIAN_POINT('Origin',(11.2583302491977,-19.,13.));
#10158=CARTESIAN_POINT('',(10.6450891210454,-18.6459450695831,16.4));
#10159=CARTESIAN_POINT('Origin',(14.6450891210454,-11.7177418393076,16.4));
#10160=CARTESIAN_POINT('',(4.11480781055389,-5.63808109005285,24.4));
#10161=CARTESIAN_POINT('',(14.6450891210454,-11.7177418393076,24.4));
#10162=CARTESIAN_POINT('Origin',(4.11480781055389,-5.63808109005285,16.4));
#10163=CARTESIAN_POINT('Origin',(20.5926756887278,4.16333634234434E-16,
24.4));
#10164=CARTESIAN_POINT('',(34.,14.,24.4));
#10165=CARTESIAN_POINT('',(34.,4.85722573273508E-16,24.4));
#10166=CARTESIAN_POINT('',(18.5980762113533,14.,24.4));
#10167=CARTESIAN_POINT('',(15.9255029689627,14.,24.4));
#10168=CARTESIAN_POINT('',(4.11480781055369,5.63808109005273,24.4));
#10169=CARTESIAN_POINT('',(9.07332790172351,8.5008839994718,24.4));
#10170=CARTESIAN_POINT('',(-0.0467972963467341,4.4997566615379,24.4));
#10171=CARTESIAN_POINT('Origin',(-0.13519218944612,12.9992970222206,24.4));
#10172=CARTESIAN_POINT('',(-0.0467972963467339,-4.49975666153789,24.4));
#10173=CARTESIAN_POINT('Origin',(1.12891253040525E-30,2.86453915601252E-30,
24.4));
#10174=CARTESIAN_POINT('Origin',(-0.135192189446109,-12.9992970222206,24.4));
#10175=CARTESIAN_POINT('Origin',(12.5980762113533,14.,10.));
#10176=CARTESIAN_POINT('',(10.0980762113533,18.3301270189222,10.));
#10177=CARTESIAN_POINT('',(12.5980762113533,14.,5.));
#10178=CARTESIAN_POINT('Origin',(12.5980762113533,14.,10.));
#10179=CARTESIAN_POINT('',(12.5980762113533,19.,10.));
#10180=CARTESIAN_POINT('Origin',(12.5980762113533,14.,10.));
#10181=CARTESIAN_POINT('Origin',(12.5980762113533,14.,10.));
#10182=CARTESIAN_POINT('Origin',(12.5980762113533,14.,13.));
#10183=CARTESIAN_POINT('',(10.0980762113533,18.3301270189222,16.4));
#10184=CARTESIAN_POINT('',(12.5980762113533,19.,16.4));
#10185=CARTESIAN_POINT('Origin',(12.5980762113533,14.,16.4));
#10186=CARTESIAN_POINT('',(12.5980762113533,19.,13.));
#10187=CARTESIAN_POINT('',(10.0980762113533,18.3301270189222,13.));
#10188=CARTESIAN_POINT('Ctrl Pts',(18.5980762113533,19.,19.4));
#10189=CARTESIAN_POINT('Ctrl Pts',(17.2516793598148,19.,19.4));
#10190=CARTESIAN_POINT('Ctrl Pts',(15.0156119255347,19.,19.0069464186498));
#10191=CARTESIAN_POINT('Ctrl Pts',(13.0084499689588,19.,17.7449364039667));
#10192=CARTESIAN_POINT('Ctrl Pts',(12.5980762113533,19.,16.8487989505128));
#10193=CARTESIAN_POINT('Ctrl Pts',(12.5980762113533,19.,16.4));
#10194=CARTESIAN_POINT('Ctrl Pts',(18.5980762113533,19.,20.1479982508547));
#10195=CARTESIAN_POINT('Ctrl Pts',(17.1677113211189,18.999676170173,20.0552683141102));
#10196=CARTESIAN_POINT('Ctrl Pts',(14.8408877640694,18.9999598486837,19.4874267536738));
#10197=CARTESIAN_POINT('Ctrl Pts',(12.7703632987029,18.9998135118889,17.9688570034156));
#10198=CARTESIAN_POINT('Ctrl Pts',(12.3487434610684,19.,16.9233998307041));
#10199=CARTESIAN_POINT('Ctrl Pts',(12.3487434610684,19.,16.4));
#10200=CARTESIAN_POINT('Ctrl Pts',(18.5980762113533,18.6577162097306,21.6409222889187));
#10201=CARTESIAN_POINT('Ctrl Pts',(17.0000388182009,18.7435300922901,21.3639740781285));
#10202=CARTESIAN_POINT('Ctrl Pts',(14.4915681376261,18.8584354585412,20.44810505454));
#10203=CARTESIAN_POINT('Ctrl Pts',(12.2942238833036,18.9457209405725,18.4165144944205));
#10204=CARTESIAN_POINT('Ctrl Pts',(11.8500938127664,18.9625981119943,17.0725976817239));
#10205=CARTESIAN_POINT('Ctrl Pts',(11.8500938127664,18.9625981119943,16.4));
#10206=CARTESIAN_POINT('Ctrl Pts',(18.5980762113533,16.9850739302821,23.7440139039671));
#10207=CARTESIAN_POINT('Ctrl Pts',(16.7642766632068,17.4632275032448,23.3325210151365));
#10208=CARTESIAN_POINT('Ctrl Pts',(13.9375614706696,18.1332930083937,22.0126167818886));
#10209=CARTESIAN_POINT('Ctrl Pts',(11.4894270332982,18.6644897281842,19.1828408339925));
#10210=CARTESIAN_POINT('Ctrl Pts',(10.9969034269151,18.7679165559215,17.3278688243171));
#10211=CARTESIAN_POINT('Ctrl Pts',(10.9969034269151,18.7679165559215,16.4));
#10212=CARTESIAN_POINT('Ctrl Pts',(18.5980762113533,15.121997376282,24.4));
#10213=CARTESIAN_POINT('Ctrl Pts',(16.6900179623751,15.9550353624845,24.1787581069356));
#10214=CARTESIAN_POINT('Ctrl Pts',(13.6421589261273,17.2288362994903,22.9241147088965));
#10215=CARTESIAN_POINT('Ctrl Pts',(10.9645513190311,18.3023533386055,19.6962258064427));
#10216=CARTESIAN_POINT('Ctrl Pts',(10.4219689549665,18.5171265816358,17.4998981684617));
#10217=CARTESIAN_POINT('Ctrl Pts',(10.4219689549665,18.5171265816358,16.4));
#10218=CARTESIAN_POINT('Ctrl Pts',(18.5980762113533,14.,24.4));
#10219=CARTESIAN_POINT('Ctrl Pts',(16.6906806716737,14.9716782308397,24.4));
#10220=CARTESIAN_POINT('Ctrl Pts',(13.5229184731103,16.5854208997244,23.3518571163996));
#10221=CARTESIAN_POINT('Ctrl Pts',(10.6794390346277,18.0339652696448,19.9864970772446));
#10222=CARTESIAN_POINT('Ctrl Pts',(10.0980762113533,18.3301270189222,17.5967972013675));
#10223=CARTESIAN_POINT('Ctrl Pts',(10.0980762113533,18.3301270189222,16.4));
#10224=CARTESIAN_POINT('',(18.5980762113533,19.,19.4));
#10225=CARTESIAN_POINT('Origin',(18.5980762113533,14.,19.4));
#10226=CARTESIAN_POINT('Origin',(18.5980762113533,19.,16.4));
#10227=CARTESIAN_POINT('Origin',(18.5980762113533,14.,16.4));
#10228=CARTESIAN_POINT('Origin',(15.9255029689627,14.,19.4));
#10229=CARTESIAN_POINT('',(34.,19.,19.4));
#10230=CARTESIAN_POINT('Origin',(34.,14.,19.4));
#10231=CARTESIAN_POINT('',(15.9255029689627,19.,19.4));
#10232=CARTESIAN_POINT('Origin',(15.9255029689627,14.,10.));
#10233=CARTESIAN_POINT('',(34.,19.,10.));
#10234=CARTESIAN_POINT('',(34.,14.,5.));
#10235=CARTESIAN_POINT('Origin',(34.,14.,10.));
#10236=CARTESIAN_POINT('',(15.9255029689627,14.,5.));
#10237=CARTESIAN_POINT('',(15.9255029689627,19.,10.));
#10238=CARTESIAN_POINT('Origin',(7.5733279017235,11.0989602108251,10.));
#10239=CARTESIAN_POINT('',(9.99999999999999,12.5,5.));
#10240=CARTESIAN_POINT('',(7.49999999999999,16.8301270189222,10.));
#10241=CARTESIAN_POINT('Origin',(9.99999999999999,12.5,10.));
#10242=CARTESIAN_POINT('',(5.0733279017235,15.4290872297473,10.));
#10243=CARTESIAN_POINT('',(7.5733279017235,11.0989602108251,5.));
#10244=CARTESIAN_POINT('Origin',(7.5733279017235,11.0989602108251,10.));
#10245=CARTESIAN_POINT('',(0.834848610088331,12.5,8.));
#10246=CARTESIAN_POINT('',(0.32351996307598,12.2047842680031,8.));
#10247=CARTESIAN_POINT('',(5.28204005424558,15.067587177422,8.));
#10248=CARTESIAN_POINT('',(0.114807810553901,12.5662843203284,10.));
#10249=CARTESIAN_POINT('Origin',(2.6148078105539,8.23615730140617,10.));
#10250=CARTESIAN_POINT('',(5.0733279017235,15.4290872297473,10.));
#10251=CARTESIAN_POINT('Origin',(9.99999999999999,12.5,10.));
#10252=CARTESIAN_POINT('Origin',(-0.13519218944612,12.9992970222206,10.));
#10253=CARTESIAN_POINT('Origin',(-0.13519218944612,12.9992970222206,10.));
#10254=CARTESIAN_POINT('Origin',(-0.13519218944612,12.9992970222206,8.));
#10255=CARTESIAN_POINT('Origin',(20.5926756887278,0.,5.));
#10256=CARTESIAN_POINT('',(10.5,-12.5,5.));
#10257=CARTESIAN_POINT('',(15.5463378443639,-12.5,5.));
#10258=CARTESIAN_POINT('',(12.5,-10.5,5.));
#10259=CARTESIAN_POINT('Origin',(10.5,-10.5,5.));
#10260=CARTESIAN_POINT('',(12.5,10.5,5.));
#10261=CARTESIAN_POINT('',(12.5,5.25,5.));
#10262=CARTESIAN_POINT('',(10.5,12.5,5.));
#10263=CARTESIAN_POINT('Origin',(10.5,10.5,5.));
#10264=CARTESIAN_POINT('',(5.04633784436391,12.5,5.));
#10265=CARTESIAN_POINT('',(34.,2.77555756156289E-16,5.));
#10266=CARTESIAN_POINT('Origin',(0.,0.,0.));
#10267=CARTESIAN_POINT('',(-10.05,1.23077003314309E-15,0.));
#10268=CARTESIAN_POINT('Origin',(0.,0.,0.));
#10269=CARTESIAN_POINT('',(-10.05,1.23077003314309E-15,0.01));
#10270=CARTESIAN_POINT('',(-10.05,-1.23077003314309E-15,0.));
#10271=CARTESIAN_POINT('Origin',(0.,0.,0.01));
#10272=CARTESIAN_POINT('Origin',(0.,0.,0.01));
#10273=CARTESIAN_POINT('Origin',(-0.135192189446109,-12.9992970222206,16.4));
#10274=CARTESIAN_POINT('Origin',(-0.0467972963467339,-4.49975666153789,
16.4));
#10275=CARTESIAN_POINT('Ctrl Pts',(-0.0467972963467307,-4.49975666153789,
24.4));
#10276=CARTESIAN_POINT('Ctrl Pts',(-4.5,-4.45344352456401,24.4));
#10277=CARTESIAN_POINT('Ctrl Pts',(-4.5,2.86453915601252E-30,24.4));
#10278=CARTESIAN_POINT('Ctrl Pts',(-4.5,4.45344352456401,24.4));
#10279=CARTESIAN_POINT('Ctrl Pts',(-0.0467972963467327,4.49975666153789,
24.4));
#10280=CARTESIAN_POINT('Ctrl Pts',(-0.12999248985203,-12.4993240598275,
24.4));
#10281=CARTESIAN_POINT('Ctrl Pts',(-12.5,-12.3706764571223,24.4));
#10282=CARTESIAN_POINT('Ctrl Pts',(-12.5,2.86453915601252E-30,24.4));
#10283=CARTESIAN_POINT('Ctrl Pts',(-12.5,12.3706764571223,24.4));
#10284=CARTESIAN_POINT('Ctrl Pts',(-0.129992489852035,12.4993240598275,
24.4));
#10285=CARTESIAN_POINT('Ctrl Pts',(-0.12999248985203,-12.4993240598275,
16.4));
#10286=CARTESIAN_POINT('Ctrl Pts',(-12.5,-12.3706764571223,16.4));
#10287=CARTESIAN_POINT('Ctrl Pts',(-12.5,-1.80603497710587E-60,16.4));
#10288=CARTESIAN_POINT('Ctrl Pts',(-12.5,12.3706764571223,16.4));
#10289=CARTESIAN_POINT('Ctrl Pts',(-0.129992489852035,12.4993240598275,
16.4));
#10290=CARTESIAN_POINT('Origin',(-0.0467972963467341,4.4997566615379,16.4));
#10291=CARTESIAN_POINT('Origin',(-0.13519218944612,12.9992970222206,16.4));
#10292=CARTESIAN_POINT('',(0.114807810553901,12.5662843203284,16.4));
#10293=CARTESIAN_POINT('Origin',(4.11480781055369,5.63808109005273,16.4));
#10294=CARTESIAN_POINT('Origin',(-0.13519218944612,12.9992970222206,16.4));
#10295=CARTESIAN_POINT('Origin',(9.07332790172351,8.5008839994718,16.4));
#10296=CARTESIAN_POINT('',(5.0733279017235,15.4290872297473,16.4));
#10297=CARTESIAN_POINT('Origin',(-0.13519218944612,12.9992970222206,13.));
#10298=CARTESIAN_POINT('',(0.114807810553901,12.5662843203284,13.));
#10299=CARTESIAN_POINT('Origin',(0.114807810553901,12.5662843203284,13.));
#10300=CARTESIAN_POINT('Origin',(11.2583302491977,19.,13.));
#10301=CARTESIAN_POINT('',(34.,19.,13.85));
#10302=CARTESIAN_POINT('Origin',(45.5,9.49999999999999,14.7));
#10303=CARTESIAN_POINT('',(34.,9.49999999999999,5.7));
#10304=CARTESIAN_POINT('Origin',(34.,9.49999999999999,14.7));
#10305=CARTESIAN_POINT('',(45.5,9.49999999999999,5.7));
#10306=CARTESIAN_POINT('',(45.5,9.49999999999999,5.7));
#10307=CARTESIAN_POINT('Origin',(45.5,9.49999999999999,14.7));
#10308=CARTESIAN_POINT('Origin',(45.5,-9.5,14.7));
#10309=CARTESIAN_POINT('',(34.,-9.49999999999999,5.7));
#10310=CARTESIAN_POINT('Origin',(34.,-9.5,14.7));
#10311=CARTESIAN_POINT('',(45.5,-9.49999999999999,5.7));
#10312=CARTESIAN_POINT('',(45.5,-9.5,5.7));
#10313=CARTESIAN_POINT('Origin',(45.5,-9.5,14.7));
#10314=CARTESIAN_POINT('Origin',(34.,5.55111512312578E-16,14.7));
#10315=CARTESIAN_POINT('',(34.,-19.,13.85));
#10316=CARTESIAN_POINT('Origin',(45.5,-7.64641353747743,13.));
#10317=CARTESIAN_POINT('Origin',(45.5,-7.64641353747743,13.));
#10318=CARTESIAN_POINT('Origin',(45.5,-19.,13.));
#10319=CARTESIAN_POINT('Ctrl Pts',(-8.84949493661167,-9.89949493661167,
10.));
#10320=CARTESIAN_POINT('Ctrl Pts',(-8.84949493661167,-10.9494949366117,
10.));
#10321=CARTESIAN_POINT('Ctrl Pts',(-9.89949493661167,-10.9494949366117,
10.));
#10322=CARTESIAN_POINT('Ctrl Pts',(-10.9494949366117,-10.9494949366117,
10.));
#10323=CARTESIAN_POINT('Ctrl Pts',(-10.9494949366117,-9.89949493661167,
10.));
#10324=CARTESIAN_POINT('Ctrl Pts',(-10.9494949366117,-8.84949493661166,
10.));
#10325=CARTESIAN_POINT('Ctrl Pts',(-9.89949493661167,-8.84949493661166,
10.));
#10326=CARTESIAN_POINT('Ctrl Pts',(-8.84949493661167,-8.84949493661166,
10.));
#10327=CARTESIAN_POINT('Ctrl Pts',(-8.84949493661167,-9.89949493661167,
10.));
#10328=CARTESIAN_POINT('Ctrl Pts',(-7.64949493661167,-9.89949493661167,
10.));
#10329=CARTESIAN_POINT('Ctrl Pts',(-7.64949493661167,-12.1494949366117,
10.));
#10330=CARTESIAN_POINT('Ctrl Pts',(-9.89949493661167,-12.1494949366117,
10.));
#10331=CARTESIAN_POINT('Ctrl Pts',(-12.1494949366117,-12.1494949366117,
10.));
#10332=CARTESIAN_POINT('Ctrl Pts',(-12.1494949366117,-9.89949493661167,
10.));
#10333=CARTESIAN_POINT('Ctrl Pts',(-12.1494949366117,-7.64949493661167,
10.));
#10334=CARTESIAN_POINT('Ctrl Pts',(-9.89949493661167,-7.64949493661166,
10.));
#10335=CARTESIAN_POINT('Ctrl Pts',(-7.64949493661167,-7.64949493661167,
10.));
#10336=CARTESIAN_POINT('Ctrl Pts',(-7.64949493661167,-9.89949493661167,
10.));
#10337=CARTESIAN_POINT('Ctrl Pts',(-7.64949493661167,-9.89949493661167,
8.8));
#10338=CARTESIAN_POINT('Ctrl Pts',(-7.64949493661167,-12.1494949366117,
8.8));
#10339=CARTESIAN_POINT('Ctrl Pts',(-9.89949493661167,-12.1494949366117,
8.8));
#10340=CARTESIAN_POINT('Ctrl Pts',(-12.1494949366117,-12.1494949366117,
8.8));
#10341=CARTESIAN_POINT('Ctrl Pts',(-12.1494949366117,-9.89949493661167,
8.8));
#10342=CARTESIAN_POINT('Ctrl Pts',(-12.1494949366117,-7.64949493661167,
8.8));
#10343=CARTESIAN_POINT('Ctrl Pts',(-9.89949493661167,-7.64949493661166,
8.8));
#10344=CARTESIAN_POINT('Ctrl Pts',(-7.64949493661167,-7.64949493661167,
8.8));
#10345=CARTESIAN_POINT('Ctrl Pts',(-7.64949493661167,-9.89949493661167,
8.8));
#10346=CARTESIAN_POINT('',(-7.64949493661167,-9.89949493661167,8.8));
#10347=CARTESIAN_POINT('Origin',(-9.89949493661167,-9.89949493661167,8.8));
#10348=CARTESIAN_POINT('',(-8.84949493661167,-9.89949493661167,10.));
#10349=CARTESIAN_POINT('Origin',(-8.84949493661167,-9.89949493661167,8.8));
#10350=CARTESIAN_POINT('Origin',(-9.89949493661167,-9.89949493661167,10.));
#10351=CARTESIAN_POINT('Origin',(-9.89949493661167,-9.89949493661167,8.8));
#10352=CARTESIAN_POINT('Origin',(-9.89949493661167,-9.89949493661167,8.));
#10353=CARTESIAN_POINT('Origin',(-9.89949493661167,-9.89949493661167,8.));
#10354=CARTESIAN_POINT('Origin',(1.73472347597681E-15,-4.85722573273506E-16,
8.));
#10355=CARTESIAN_POINT('',(-10.5,-12.5,8.));
#10356=CARTESIAN_POINT('',(10.5,-12.5,8.));
#10357=CARTESIAN_POINT('',(-12.5,-10.5,8.));
#10358=CARTESIAN_POINT('',(-12.5,-10.5,8.));
#10359=CARTESIAN_POINT('Origin',(-10.5,-10.5,8.));
#10360=CARTESIAN_POINT('Origin',(1.73472347597681E-15,-4.85722573273506E-16,
8.));
#10361=CARTESIAN_POINT('',(-10.5,12.5,8.));
#10362=CARTESIAN_POINT('',(-10.5,12.5,8.));
#10363=CARTESIAN_POINT('',(-12.5,10.5,8.));
#10364=CARTESIAN_POINT('Origin',(-10.5,10.5,8.));
#10365=CARTESIAN_POINT('',(-12.5,-10.5,8.));
#10366=CARTESIAN_POINT('Origin',(-9.89949493661167,9.89949493661167,8.));
#10367=CARTESIAN_POINT('Origin',(-9.89949493661167,-9.89949493661167,10.));
#10368=CARTESIAN_POINT('Ctrl Pts',(-8.84949493661167,9.89949493661167,10.));
#10369=CARTESIAN_POINT('Ctrl Pts',(-8.84949493661167,8.84949493661166,10.));
#10370=CARTESIAN_POINT('Ctrl Pts',(-9.89949493661167,8.84949493661166,10.));
#10371=CARTESIAN_POINT('Ctrl Pts',(-10.9494949366117,8.84949493661166,10.));
#10372=CARTESIAN_POINT('Ctrl Pts',(-10.9494949366117,9.89949493661167,10.));
#10373=CARTESIAN_POINT('Ctrl Pts',(-10.9494949366117,10.9494949366117,10.));
#10374=CARTESIAN_POINT('Ctrl Pts',(-9.89949493661167,10.9494949366117,10.));
#10375=CARTESIAN_POINT('Ctrl Pts',(-8.84949493661167,10.9494949366117,10.));
#10376=CARTESIAN_POINT('Ctrl Pts',(-8.84949493661167,9.89949493661167,10.));
#10377=CARTESIAN_POINT('Ctrl Pts',(-7.64949493661167,9.89949493661167,10.));
#10378=CARTESIAN_POINT('Ctrl Pts',(-7.64949493661167,7.64949493661167,10.));
#10379=CARTESIAN_POINT('Ctrl Pts',(-9.89949493661167,7.64949493661166,10.));
#10380=CARTESIAN_POINT('Ctrl Pts',(-12.1494949366117,7.64949493661167,10.));
#10381=CARTESIAN_POINT('Ctrl Pts',(-12.1494949366117,9.89949493661167,10.));
#10382=CARTESIAN_POINT('Ctrl Pts',(-12.1494949366117,12.1494949366117,10.));
#10383=CARTESIAN_POINT('Ctrl Pts',(-9.89949493661167,12.1494949366117,10.));
#10384=CARTESIAN_POINT('Ctrl Pts',(-7.64949493661167,12.1494949366117,10.));
#10385=CARTESIAN_POINT('Ctrl Pts',(-7.64949493661167,9.89949493661167,10.));
#10386=CARTESIAN_POINT('Ctrl Pts',(-7.64949493661167,9.89949493661167,8.8));
#10387=CARTESIAN_POINT('Ctrl Pts',(-7.64949493661167,7.64949493661167,8.8));
#10388=CARTESIAN_POINT('Ctrl Pts',(-9.89949493661167,7.64949493661166,8.8));
#10389=CARTESIAN_POINT('Ctrl Pts',(-12.1494949366117,7.64949493661167,8.8));
#10390=CARTESIAN_POINT('Ctrl Pts',(-12.1494949366117,9.89949493661167,8.8));
#10391=CARTESIAN_POINT('Ctrl Pts',(-12.1494949366117,12.1494949366117,8.8));
#10392=CARTESIAN_POINT('Ctrl Pts',(-9.89949493661167,12.1494949366117,8.8));
#10393=CARTESIAN_POINT('Ctrl Pts',(-7.64949493661167,12.1494949366117,8.8));
#10394=CARTESIAN_POINT('Ctrl Pts',(-7.64949493661167,9.89949493661167,8.8));
#10395=CARTESIAN_POINT('',(-7.64949493661167,9.89949493661167,8.8));
#10396=CARTESIAN_POINT('Origin',(-9.89949493661167,9.89949493661167,8.8));
#10397=CARTESIAN_POINT('',(-8.84949493661167,9.89949493661167,10.));
#10398=CARTESIAN_POINT('Origin',(-8.84949493661167,9.89949493661167,8.8));
#10399=CARTESIAN_POINT('Origin',(-9.89949493661167,9.89949493661167,10.));
#10400=CARTESIAN_POINT('Origin',(-9.89949493661167,9.89949493661167,8.8));
#10401=CARTESIAN_POINT('Origin',(-9.89949493661167,9.89949493661167,8.));
#10402=CARTESIAN_POINT('Origin',(-9.89949493661167,9.89949493661167,10.));
#10403=CARTESIAN_POINT('Origin',(10.5,10.5,0.));
#10404=CARTESIAN_POINT('',(12.5,10.5,0.));
#10405=CARTESIAN_POINT('',(12.5,10.5,0.));
#10406=CARTESIAN_POINT('',(10.5,12.5,0.));
#10407=CARTESIAN_POINT('Origin',(10.5,10.5,0.));
#10408=CARTESIAN_POINT('',(10.5,12.5,0.));
#10409=CARTESIAN_POINT('Origin',(12.5,10.5,0.));
#10410=CARTESIAN_POINT('',(12.5,-10.5,0.));
#10411=CARTESIAN_POINT('',(12.5,-10.5,0.));
#10412=CARTESIAN_POINT('',(12.5,10.5,0.));
#10413=CARTESIAN_POINT('Origin',(10.5,-10.5,0.));
#10414=CARTESIAN_POINT('',(10.5,-12.5,0.));
#10415=CARTESIAN_POINT('',(10.5,-12.5,0.));
#10416=CARTESIAN_POINT('Origin',(10.5,-10.5,0.));
#10417=CARTESIAN_POINT('Origin',(10.5,-12.5,0.));
#10418=CARTESIAN_POINT('',(-10.5,-12.5,0.));
#10419=CARTESIAN_POINT('',(-10.5,-12.5,0.));
#10420=CARTESIAN_POINT('',(10.5,-12.5,0.));
#10421=CARTESIAN_POINT('Origin',(-10.5,-10.5,0.));
#10422=CARTESIAN_POINT('',(-12.5,-10.5,0.));
#10423=CARTESIAN_POINT('',(-12.5,-10.5,0.));
#10424=CARTESIAN_POINT('Origin',(-10.5,-10.5,0.));
#10425=CARTESIAN_POINT('Origin',(-12.5,-10.5,0.));
#10426=CARTESIAN_POINT('',(-12.5,10.5,0.));
#10427=CARTESIAN_POINT('',(-12.5,10.5,0.));
#10428=CARTESIAN_POINT('',(-12.5,-10.5,0.));
#10429=CARTESIAN_POINT('Origin',(-10.5,10.5,0.));
#10430=CARTESIAN_POINT('',(-10.5,12.5,0.));
#10431=CARTESIAN_POINT('',(-10.5,12.5,0.));
#10432=CARTESIAN_POINT('Origin',(-10.5,10.5,0.));
#10433=CARTESIAN_POINT('Origin',(-10.5,12.5,0.));
#10434=CARTESIAN_POINT('',(-10.5,12.5,0.));
#10435=CARTESIAN_POINT('Origin',(1.80411241501588E-15,-7.63278329429795E-16,
0.));
#10436=CARTESIAN_POINT('',(2.19999999999998,-1.91670920242403E-13,-51.5));
#10437=CARTESIAN_POINT('',(-2.10942374678779E-14,-1.63363557539151E-13,
-72.));
#10438=CARTESIAN_POINT('',(25.9999999999999,-7.85602218595448E-15,-148.5));
#10439=UNCERTAINTY_MEASURE_WITH_UNIT(LENGTH_MEASURE(0.01),#10449,
'DISTANCE_ACCURACY_VALUE',
'Maximum model space distance between geometric entities at asserted c
onnectivities');
#10440=UNCERTAINTY_MEASURE_WITH_UNIT(LENGTH_MEASURE(0.01),#10449,
'DISTANCE_ACCURACY_VALUE',
'Maximum model space distance between geometric entities at asserted c
onnectivities');
#10441=UNCERTAINTY_MEASURE_WITH_UNIT(LENGTH_MEASURE(0.01),#10449,
'DISTANCE_ACCURACY_VALUE',
'Maximum model space distance between geometric entities at asserted c
onnectivities');
#10442=UNCERTAINTY_MEASURE_WITH_UNIT(LENGTH_MEASURE(0.01),#10449,
'DISTANCE_ACCURACY_VALUE',
'Maximum model space distance between geometric entities at asserted c
onnectivities');
#10443=UNCERTAINTY_MEASURE_WITH_UNIT(LENGTH_MEASURE(0.01),#10449,
'DISTANCE_ACCURACY_VALUE',
'Maximum model space distance between geometric entities at asserted c
onnectivities');
#10444=(
GEOMETRIC_REPRESENTATION_CONTEXT(3)
GLOBAL_UNCERTAINTY_ASSIGNED_CONTEXT((#10439))
GLOBAL_UNIT_ASSIGNED_CONTEXT((#10449,#10452,#10451))
REPRESENTATION_CONTEXT('','3D')
);
#10445=(
GEOMETRIC_REPRESENTATION_CONTEXT(3)
GLOBAL_UNCERTAINTY_ASSIGNED_CONTEXT((#10440))
GLOBAL_UNIT_ASSIGNED_CONTEXT((#10449,#10452,#10451))
REPRESENTATION_CONTEXT('','3D')
);
#10446=(
GEOMETRIC_REPRESENTATION_CONTEXT(3)
GLOBAL_UNCERTAINTY_ASSIGNED_CONTEXT((#10441))
GLOBAL_UNIT_ASSIGNED_CONTEXT((#10449,#10452,#10451))
REPRESENTATION_CONTEXT('','3D')
);
#10447=(
GEOMETRIC_REPRESENTATION_CONTEXT(3)
GLOBAL_UNCERTAINTY_ASSIGNED_CONTEXT((#10442))
GLOBAL_UNIT_ASSIGNED_CONTEXT((#10449,#10452,#10451))
REPRESENTATION_CONTEXT('','3D')
);
#10448=(
GEOMETRIC_REPRESENTATION_CONTEXT(3)
GLOBAL_UNCERTAINTY_ASSIGNED_CONTEXT((#10443))
GLOBAL_UNIT_ASSIGNED_CONTEXT((#10449,#10452,#10451))
REPRESENTATION_CONTEXT('','3D')
);
#10449=(
LENGTH_UNIT()
NAMED_UNIT(*)
SI_UNIT(.MILLI.,.METRE.)
);
#10450=(
LENGTH_UNIT()
NAMED_UNIT(*)
SI_UNIT(.CENTI.,.METRE.)
);
#10451=(
NAMED_UNIT(*)
SI_UNIT($,.STERADIAN.)
SOLID_ANGLE_UNIT()
);
#10452=(
NAMED_UNIT(*)
PLANE_ANGLE_UNIT()
SI_UNIT($,.RADIAN.)
);
#10453=SHAPE_DEFINITION_REPRESENTATION(#10457,#10464);
#10454=SHAPE_DEFINITION_REPRESENTATION(#10458,#10465);
#10455=SHAPE_DEFINITION_REPRESENTATION(#10459,#10466);
#10456=SHAPE_DEFINITION_REPRESENTATION(#10460,#10467);
#10457=PRODUCT_DEFINITION_SHAPE('',$,#10469);
#10458=PRODUCT_DEFINITION_SHAPE('',$,#10470);
#10459=PRODUCT_DEFINITION_SHAPE('',$,#10471);
#10460=PRODUCT_DEFINITION_SHAPE('',$,#10472);
#10461=PRODUCT_DEFINITION_SHAPE($,$,#20);
#10462=PRODUCT_DEFINITION_SHAPE($,$,#21);
#10463=PRODUCT_DEFINITION_SHAPE($,$,#22);
#10464=SHAPE_REPRESENTATION('',(#5743,#6218,#6219,#6220),#10444);
#10465=SHAPE_REPRESENTATION('',(#5744),#10445);
#10466=SHAPE_REPRESENTATION('',(#5755),#10446);
#10467=SHAPE_REPRESENTATION('',(#6102),#10447);
#10468=PRODUCT_DEFINITION_CONTEXT('part definition',#10482,'design');
#10469=PRODUCT_DEFINITION('BM040-VM_01','BM040-VM_01',#10473,#10468);
#10470=PRODUCT_DEFINITION('DIN 6885-A3x3x12','DIN 6885-A3x3x12',#10474,
#10468);
#10471=PRODUCT_DEFINITION('BM040-VM_00','BM040-VM_00',#10475,#10468);
#10472=PRODUCT_DEFINITION('Intercontec-EEDC101NN00000006000_VM',
'Intercontec-EEDC101NN00000006000_VM',#10476,#10468);
#10473=PRODUCT_DEFINITION_FORMATION('E.00',$,#10484);
#10474=PRODUCT_DEFINITION_FORMATION('S.00',$,#10485);
#10475=PRODUCT_DEFINITION_FORMATION('',$,#10486);
#10476=PRODUCT_DEFINITION_FORMATION('',$,#10487);
#10477=PRODUCT_RELATED_PRODUCT_CATEGORY('BM040-VM_01','BM040-VM_01',(#10484));
#10478=PRODUCT_RELATED_PRODUCT_CATEGORY('DIN 6885-A3x3x12',
'DIN 6885-A3x3x12',(#10485));
#10479=PRODUCT_RELATED_PRODUCT_CATEGORY('BM040-VM_00','BM040-VM_00',(#10486));
#10480=PRODUCT_RELATED_PRODUCT_CATEGORY(
'Intercontec-EEDC101NN00000006000_VM',
'Intercontec-EEDC101NN00000006000_VM',(#10487));
#10481=APPLICATION_PROTOCOL_DEFINITION('international standard',
'automotive_design',2009,#10482);
#10482=APPLICATION_CONTEXT(
'Core Data for Automotive Mechanical Design Process');
#10483=PRODUCT_CONTEXT('part definition',#10482,'mechanical');
#10484=PRODUCT('BM040-VM_01','BM040-VM_01',$,(#10483));
#10485=PRODUCT('DIN 6885-A3x3x12','DIN 6885-A3x3x12',$,(#10483));
#10486=PRODUCT('BM040-VM_00','BM040-VM_00',$,(#10483));
#10487=PRODUCT('Intercontec-EEDC101NN00000006000_VM',
'Intercontec-EEDC101NN00000006000_VM',$,(#10483));
#10488=PRESENTATION_STYLE_ASSIGNMENT((#10499));
#10489=PRESENTATION_STYLE_ASSIGNMENT((#10500));
#10490=PRESENTATION_STYLE_ASSIGNMENT((#10501));
#10491=PRESENTATION_STYLE_ASSIGNMENT((#10502));
#10492=PRESENTATION_STYLE_ASSIGNMENT((#10503));
#10493=PRESENTATION_STYLE_ASSIGNMENT((#10504));
#10494=PRESENTATION_STYLE_ASSIGNMENT((#10505));
#10495=PRESENTATION_STYLE_ASSIGNMENT((#10506));
#10496=PRESENTATION_STYLE_ASSIGNMENT((#10507));
#10497=PRESENTATION_STYLE_ASSIGNMENT((#10508));
#10498=PRESENTATION_STYLE_ASSIGNMENT((#10509));
#10499=SURFACE_STYLE_USAGE(.BOTH.,#10510);
#10500=SURFACE_STYLE_USAGE(.BOTH.,#10511);
#10501=SURFACE_STYLE_USAGE(.BOTH.,#10512);
#10502=SURFACE_STYLE_USAGE(.BOTH.,#10513);
#10503=SURFACE_STYLE_USAGE(.BOTH.,#10514);
#10504=SURFACE_STYLE_USAGE(.BOTH.,#10515);
#10505=SURFACE_STYLE_USAGE(.BOTH.,#10516);
#10506=SURFACE_STYLE_USAGE(.BOTH.,#10517);
#10507=SURFACE_STYLE_USAGE(.BOTH.,#10518);
#10508=SURFACE_STYLE_USAGE(.BOTH.,#10519);
#10509=SURFACE_STYLE_USAGE(.BOTH.,#10520);
#10510=SURFACE_SIDE_STYLE('',(#10521));
#10511=SURFACE_SIDE_STYLE('',(#10522));
#10512=SURFACE_SIDE_STYLE('',(#10523));
#10513=SURFACE_SIDE_STYLE('',(#10524));
#10514=SURFACE_SIDE_STYLE('',(#10525));
#10515=SURFACE_SIDE_STYLE('',(#10526));
#10516=SURFACE_SIDE_STYLE('',(#10527));
#10517=SURFACE_SIDE_STYLE('',(#10528));
#10518=SURFACE_SIDE_STYLE('',(#10529));
#10519=SURFACE_SIDE_STYLE('',(#10530));
#10520=SURFACE_SIDE_STYLE('',(#10531));
#10521=SURFACE_STYLE_FILL_AREA(#10532);
#10522=SURFACE_STYLE_FILL_AREA(#10533);
#10523=SURFACE_STYLE_FILL_AREA(#10534);
#10524=SURFACE_STYLE_FILL_AREA(#10535);
#10525=SURFACE_STYLE_FILL_AREA(#10536);
#10526=SURFACE_STYLE_FILL_AREA(#10537);
#10527=SURFACE_STYLE_FILL_AREA(#10538);
#10528=SURFACE_STYLE_FILL_AREA(#10539);
#10529=SURFACE_STYLE_FILL_AREA(#10540);
#10530=SURFACE_STYLE_FILL_AREA(#10541);
#10531=SURFACE_STYLE_FILL_AREA(#10542);
#10532=FILL_AREA_STYLE('',(#10543));
#10533=FILL_AREA_STYLE('',(#10544));
#10534=FILL_AREA_STYLE('',(#10545));
#10535=FILL_AREA_STYLE('',(#10546));
#10536=FILL_AREA_STYLE('',(#10547));
#10537=FILL_AREA_STYLE('',(#10548));
#10538=FILL_AREA_STYLE('',(#10549));
#10539=FILL_AREA_STYLE('',(#10550));
#10540=FILL_AREA_STYLE('',(#10551));
#10541=FILL_AREA_STYLE('',(#10552));
#10542=FILL_AREA_STYLE('',(#10553));
#10543=FILL_AREA_STYLE_COLOUR('',#10554);
#10544=FILL_AREA_STYLE_COLOUR('',#10555);
#10545=FILL_AREA_STYLE_COLOUR('',#10556);
#10546=FILL_AREA_STYLE_COLOUR('',#10557);
#10547=FILL_AREA_STYLE_COLOUR('',#10558);
#10548=FILL_AREA_STYLE_COLOUR('',#10559);
#10549=FILL_AREA_STYLE_COLOUR('',#10560);
#10550=FILL_AREA_STYLE_COLOUR('',#10561);
#10551=FILL_AREA_STYLE_COLOUR('',#10562);
#10552=FILL_AREA_STYLE_COLOUR('',#10563);
#10553=FILL_AREA_STYLE_COLOUR('',#10564);
#10554=COLOUR_RGB('',0.556862745098039,0.52156862745098,0.537254901960784);
#10555=COLOUR_RGB('',0.63921568627451,0.63921568627451,0.662745098039216);
#10556=COLOUR_RGB('',0.784313725490196,0.784313725490196,0.784313725490196);
#10557=COLOUR_RGB('',0.63921568627451,0.63921568627451,0.662745098039216);
#10558=COLOUR_RGB('',0.556862745098039,0.52156862745098,0.537254901960784);
#10559=COLOUR_RGB('',0.647058823529412,0.,0.);
#10560=COLOUR_RGB('',0.647058823529412,0.,0.);
#10561=COLOUR_RGB('',0.647058823529412,0.,0.);
#10562=COLOUR_RGB('',0.556862745098039,0.52156862745098,0.537254901960784);
#10563=COLOUR_RGB('',0.956862745098039,0.956862745098039,0.956862745098039);
#10564=COLOUR_RGB('',0.549019607843137,0.549019607843137,0.549019607843137);
ENDSEC;
END-ISO-10303-21;
